type,media,code,id,date,file,slide,highlight,likes,comments,views,caption,liked
highlight,photo,DP5RMb5iS3V,3745100186516008405,2025-10-17 10:12:29,highlights/[18295983574282553] Umrah April 2025/2025-10-17_10-12-29_[DP5RMb5iS3V].webp,,Umrah April 2025,,,,,
highlight,photo,DP5RQd5CQFb,3745100463532999003,2025-10-17 10:13:01,highlights/[18295983574282553] Umrah April 2025/2025-10-17_10-13-01_[DP5RQd5CQFb].webp,,Umrah April 2025,,,,,
highlight,photo,DP5RhaRiWJZ,3745101627880202841,2025-10-17 10:15:18,highlights/[18295983574282553] Umrah April 2025/2025-10-17_10-15-18_[DP5RhaRiWJZ].webp,,Umrah April 2025,,,,,
highlight,photo,DP5RkoLidfr,3745101848970385387,2025-10-17 10:15:48,highlights/[18295983574282553] Umrah April 2025/2025-10-17_10-15-48_[DP5RkoLidfr].webp,,Umrah April 2025,,,,,
highlight,photo,DP5Rp1WCdqz,3745102206702574259,2025-10-17 10:16:30,highlights/[18295983574282553] Umrah April 2025/2025-10-17_10-16-30_[DP5Rp1WCdqz].webp,,Umrah April 2025,,,,,
highlight,photo,DP5RwauiXX9,3745102659158898173,2025-10-17 10:17:24,highlights/[18295983574282553] Umrah April 2025/2025-10-17_10-17-24_[DP5RwauiXX9].webp,,Umrah April 2025,,,,,
highlight,photo,DP2wtJ8iUig,3744394349493438624,2025-10-16 10:50:05,highlights/[18527801026060674] Umrah Ramadhan/2025-10-16_10-50-05_[DP2wtJ8iUig].webp,,Umrah Ramadhan,,,,,
highlight,video,DP2xEiaiW53,3744395956314533495,2025-10-16 10:53:10,highlights/[18527801026060674] Umrah Ramadhan/2025-10-16_10-53-10_[DP2xEiaiW53].mp4,,Umrah Ramadhan,,,,,
highlight,video,DP2xZnfCeS8,3744397404867781820,2025-10-16 10:56:03,highlights/[18527801026060674] Umrah Ramadhan/2025-10-16_10-56-03_[DP2xZnfCeS8].mp4,,Umrah Ramadhan,,,,,
highlight,photo,DPxkF9qichH,3742931504805300295,2025-10-14 10:23:42,highlights/[18068230334201385] Umrah+Türkiye 🇹🇷/2025-10-14_10-23-42_[DPxkF9qichH].webp,,Umrah+Türkiye 🇹🇷,,,,,
highlight,photo,DPxkT3yCVl2,3742932460561324406,2025-10-14 10:25:36,highlights/[18068230334201385] Umrah+Türkiye 🇹🇷/2025-10-14_10-25-36_[DPxkT3yCVl2].webp,,Umrah+Türkiye 🇹🇷,,,,,
highlight,video,DPxkjLeCZHK,3742933512492782026,2025-10-14 10:27:21,highlights/[18068230334201385] Umrah+Türkiye 🇹🇷/2025-10-14_10-27-21_[DPxkjLeCZHK].mp4,,Umrah+Türkiye 🇹🇷,,,,,
highlight,photo,DPxk_8WCQib,3742935489117227163,2025-10-14 10:31:34,highlights/[18068230334201385] Umrah+Türkiye 🇹🇷/2025-10-14_10-31-34_[DPxk_8WCQib].webp,,Umrah+Türkiye 🇹🇷,,,,,
highlight,photo,DPxlHOoCeSJ,3742935989782963337,2025-10-14 10:32:33,highlights/[18068230334201385] Umrah+Türkiye 🇹🇷/2025-10-14_10-32-33_[DPxlHOoCeSJ].webp,,Umrah+Türkiye 🇹🇷,,,,,
highlight,photo,DPxlnF8iXDm,3742938179486445798,2025-10-14 10:36:57,highlights/[18068230334201385] Umrah+Türkiye 🇹🇷/2025-10-14_10-36-57_[DPxlnF8iXDm].webp,,Umrah+Türkiye 🇹🇷,,,,,
highlight,photo,DPxmUb-CV2r,3742941295510379947,2025-10-14 10:43:10,highlights/[18068230334201385] Umrah+Türkiye 🇹🇷/2025-10-14_10-43-10_[DPxmUb-CV2r].webp,,Umrah+Türkiye 🇹🇷,,,,,
highlight,photo,DPvjzL8iW-Q,3742367264516173712,2025-10-13 15:42:38,highlights/[18114914338530142] Akhir Tahun 2024/2025-10-13_15-42-38_[DPvjzL8iW-Q].webp,,Akhir Tahun 2024,,,,,
highlight,photo,DPvj6nZCTen,3742367775021676455,2025-10-13 15:43:40,highlights/[18114914338530142] Akhir Tahun 2024/2025-10-13_15-43-40_[DPvj6nZCTen].webp,,Akhir Tahun 2024,,,,,
highlight,photo,DPvkA-dCcPB,3742368212101743553,2025-10-13 15:44:28,highlights/[18114914338530142] Akhir Tahun 2024/2025-10-13_15-44-28_[DPvkA-dCcPB].webp,,Akhir Tahun 2024,,,,,
highlight,photo,DPvkvbTiYx2,3742371404176788598,2025-10-13 15:50:49,highlights/[18114914338530142] Akhir Tahun 2024/2025-10-13_15-50-49_[DPvkvbTiYx2].webp,,Akhir Tahun 2024,,,,,
highlight,photo,DPvlPIPCceg,3742373582723467168,2025-10-13 15:55:07,highlights/[18114914338530142] Akhir Tahun 2024/2025-10-13_15-55-07_[DPvlPIPCceg].webp,,Akhir Tahun 2024,,,,,
highlight,video,DPvnJBiiVXA,3742381959310562752,2025-10-13 16:11:53,highlights/[18114914338530142] Akhir Tahun 2024/2025-10-13_16-11-53_[DPvnJBiiVXA].mp4,,Akhir Tahun 2024,,,,,
highlight,photo,DPvVx1LiYfl,3742305598701144037,2025-10-13 13:40:08,highlights/[18316103101244190] Umrah Reguler/2025-10-13_13-40-08_[DPvVx1LiYfl].webp,,Umrah Reguler,,,,,
highlight,photo,DPvV6mHCSyY,3742306200994786456,2025-10-13 13:41:16,highlights/[18316103101244190] Umrah Reguler/2025-10-13_13-41-16_[DPvV6mHCSyY].webp,,Umrah Reguler,,,,,
highlight,photo,DPvWBCqCara,3742306643963652826,2025-10-13 13:42:13,highlights/[18316103101244190] Umrah Reguler/2025-10-13_13-42-13_[DPvWBCqCara].webp,,Umrah Reguler,,,,,
highlight,photo,DPvWEkJCV2N,3742306886075637133,2025-10-13 13:42:39,highlights/[18316103101244190] Umrah Reguler/2025-10-13_13-42-39_[DPvWEkJCV2N].webp,,Umrah Reguler,,,,,
highlight,photo,DPvXboqiRG-,3742312869527097790,2025-10-13 13:54:34,highlights/[18316103101244190] Umrah Reguler/2025-10-13_13-54-34_[DPvXboqiRG-].webp,,Umrah Reguler,,,,,
highlight,video,DPQO8pyieX0,3733549831781213684,2025-10-01 11:43:56,highlights/[18057784397401466] Umroh VIP 1446 H/2025-10-01_11-43-56_[DPQO8pyieX0].mp4,,Umroh VIP 1446 H,,,,,
highlight,video,DPQO_0riWRE,3733550049633330244,2025-10-01 11:44:22,highlights/[18057784397401466] Umroh VIP 1446 H/2025-10-01_11-44-22_[DPQO_0riWRE].mp4,,Umroh VIP 1446 H,,,,,
highlight,video,DPQPHuKiSla,3733550592393029978,2025-10-01 11:45:29,highlights/[18057784397401466] Umroh VIP 1446 H/2025-10-01_11-45-29_[DPQPHuKiSla].mp4,,Umroh VIP 1446 H,,,,,
highlight,video,DPQPN4gCcC1,3733551015808057525,2025-10-01 11:46:18,highlights/[18057784397401466] Umroh VIP 1446 H/2025-10-01_11-46-18_[DPQPN4gCcC1].mp4,,Umroh VIP 1446 H,,,,,
highlight,video,DPQPTKAiVCj,3733551378204283043,2025-10-01 11:47:01,highlights/[18057784397401466] Umroh VIP 1446 H/2025-10-01_11-47-01_[DPQPTKAiVCj].mp4,,Umroh VIP 1446 H,,,,,
highlight,video,DPQPlDGiUp6,3733552607739333242,2025-10-01 11:49:27,highlights/[18057784397401466] Umroh VIP 1446 H/2025-10-01_11-49-27_[DPQPlDGiUp6].mp4,,Umroh VIP 1446 H,,,,,
highlight,video,DPQPyt3iedG,3733553547011811142,2025-10-01 11:51:21,highlights/[18057784397401466] Umroh VIP 1446 H/2025-10-01_11-51-21_[DPQPyt3iedG].mp4,,Umroh VIP 1446 H,,,,,
highlight,video,DPQQCGTCexf,3733554604035140703,2025-10-01 11:53:07,highlights/[18057784397401466] Umroh VIP 1446 H/2025-10-01_11-53-07_[DPQQCGTCexf].mp4,,Umroh VIP 1446 H,,,,,
highlight,video,DCj898qz5d4,3504913074845882232,2024-11-20 00:43:38,highlights/[17980747073772210] LEGAL&AMANAH/2024-11-20_00-43-38_[DCj898qz5d4].mp4,,LEGAL&AMANAH,,,,,
highlight,photo,DCkA6ClzgMo,3504930398512481064,2024-11-20 01:17:59,highlights/[17980747073772210] LEGAL&AMANAH/2024-11-20_01-17-59_[DCkA6ClzgMo].jpg,,LEGAL&AMANAH,,,,,
highlight,video,DMFspUNpSHy,3676541024066675186,2025-07-14 19:57:44,highlights/[17980747073772210] LEGAL&AMANAH/2025-07-14_19-57-44_[DMFspUNpSHy].mp4,,LEGAL&AMANAH,,,,,
highlight,video,DLgXagwhY1H,3666033073629531463,2025-06-30 08:00:18,highlights/[18053894465524780] Recapture Umroh/2025-06-30_08-00-18_[DLgXagwhY1H].mp4,,Recapture Umroh,,,,,
highlight,video,DLgXsevh12B,3666034308415970689,2025-06-30 08:02:45,highlights/[18053894465524780] Recapture Umroh/2025-06-30_08-02-45_[DLgXsevh12B].mp4,,Recapture Umroh,,,,,
highlight,video,DLgXva5Botg,3666034510438763360,2025-06-30 08:03:09,highlights/[18053894465524780] Recapture Umroh/2025-06-30_08-03-09_[DLgXva5Botg].mp4,,Recapture Umroh,,,,,
highlight,video,DLgX1fIhcgL,3666034927310587915,2025-06-30 08:03:59,highlights/[18053894465524780] Recapture Umroh/2025-06-30_08-03-59_[DLgX1fIhcgL].mp4,,Recapture Umroh,,,,,
highlight,video,DMFspUNpSHy,3676541024066675186,2025-07-14 19:57:44,highlights/[18053894465524780] Recapture Umroh/2025-07-14_19-57-44_[DMFspUNpSHy].mp4,,Recapture Umroh,,,,,
highlight,video,DLwAXgWJHoZ,3670435311586146841,2025-07-06 09:46:44,highlights/[18094489513540643] PROMO AGUSTUS/2025-07-06_09-46-44_[DLwAXgWJHoZ].mp4,,PROMO AGUSTUS,,,,,
highlight,video,DHaSezPhRgy,3592264934224107570,2025-03-20 13:15:21,highlights/[17962294037879067] Mecca😍/2025-03-20_13-15-21_[DHaSezPhRgy].mp4,,Mecca😍,,,,,
highlight,video,DHaSi6tBjcw,3592265217113208624,2025-03-20 13:16:37,highlights/[17962294037879067] Mecca😍/2025-03-20_13-16-37_[DHaSi6tBjcw].mp4,,Mecca😍,,,,,
highlight,photo,DGhYj6EpM4f,3576247599761772063,2025-02-26 10:52:32,highlights/[18284237686218714] Umroh + Turkey🇹🇷/2025-02-26_10-52-32_[DGhYj6EpM4f].jpg,,Umroh + Turkey🇹🇷,,,,,
highlight,photo,DGhY7SApatl,3576249206012488549,2025-02-26 10:55:43,highlights/[18284237686218714] Umroh + Turkey🇹🇷/2025-02-26_10-55-43_[DGhY7SApatl].jpg,,Umroh + Turkey🇹🇷,,,,,
highlight,photo,DGhZkMTpMkP,3576252017387292943,2025-02-26 11:01:20,highlights/[18284237686218714] Umroh + Turkey🇹🇷/2025-02-26_11-01-20_[DGhZkMTpMkP].jpg,,Umroh + Turkey🇹🇷,,,,,
highlight,video,DGiAEWhJHdH,3576421353141860167,2025-02-26 16:37:33,highlights/[18284237686218714] Umroh + Turkey🇹🇷/2025-02-26_16-37-33_[DGiAEWhJHdH].mp4,,Umroh + Turkey🇹🇷,,,,,
highlight,video,DG14d10JTHT,3582017419895714259,2025-03-06 09:56:11,highlights/[18284237686218714] Umroh + Turkey🇹🇷/2025-03-06_09-56-11_[DG14d10JTHT].mp4,,Umroh + Turkey🇹🇷,,,,,
highlight,video,DG47IxvJAW_,3582873591477437887,2025-03-07 14:17:05,highlights/[18284237686218714] Umroh + Turkey🇹🇷/2025-03-07_14-17-05_[DG47IxvJAW_].mp4,,Umroh + Turkey🇹🇷,,,,,
highlight,photo,DGzhKuYJMz9,3581352001216498941,2025-03-05 11:53:35,highlights/[18072874561754587] Testimoni/2025-03-05_11-53-35_[DGzhKuYJMz9].jpg,,Testimoni,,,,,
highlight,photo,DFErTlIzNkp,3550152867820919081,2025-01-21 10:46:59,highlights/[18068236759774368] UMROH PLUS🇹🇷/2025-01-21_10-46-59_[DFErTlIzNkp].jpg,,UMROH PLUS🇹🇷,,,,,
highlight,video,DFEq46WzOgo,3550151035178510376,2025-01-21 10:43:23,highlights/[18044854919016917] UMROH JUNI/2025-01-21_10-43-23_[DFEq46WzOgo].mp4,,UMROH JUNI,,,,,
highlight,video,DCjKEM6ztFn,3504689204238930279,2024-11-19 17:18:51,highlights/[17925263399882587] 🕋29Des/2024-11-19_17-18-51_[DCjKEM6ztFn].mp4,,🕋29Des,,,,,
highlight,video,DCjKI7JTDMC,3504689528752059138,2024-11-19 17:19:29,highlights/[17925263399882587] 🕋29Des/2024-11-19_17-19-29_[DCjKI7JTDMC].mp4,,🕋29Des,,,,,
highlight,photo,DBv0ECjz5Ar,3490237212280197163,2024-10-30 18:44:55,highlights/[18061871311740683] 🕋12 hari/2024-10-30_18-44-55_[DBv0ECjz5Ar].jpg,,🕋12 hari,,,,,
highlight,photo,DBv0EHlTFtN,3490237217673861965,2024-10-30 18:44:59,highlights/[18026203814588764] 🕋24 juta/2024-10-30_18-44-59_[DBv0EHlTFtN].jpg,,🕋24 juta,,,,,
highlight,photo,DBv0EJgz6wN,3490237219746065421,2024-10-30 18:44:54,highlights/[17984438888608748] 🕋29 juta/2024-10-30_18-44-54_[DBv0EJgz6wN].jpg,,🕋29 juta,,,,,
highlight,photo,DBv0EG5zRx5,3490237216944102521,2024-10-30 18:44:56,highlights/[18015219854369314] 🕋Ramadhan/2024-10-30_18-44-56_[DBv0EG5zRx5].jpg,,🕋Ramadhan,,,,,
highlight,photo,DBv0EGNzHbq,3490237216205862634,2024-10-30 18:44:57,highlights/[18015219854369314] 🕋Ramadhan/2024-10-30_18-44-57_[DBv0EGNzHbq].jpg,,🕋Ramadhan,,,,,
highlight,photo,DBv0EIyTiUm,3490237218965824806,2024-10-30 18:44:58,highlights/[18015219854369314] 🕋Ramadhan/2024-10-30_18-44-58_[DBv0EIyTiUm].jpg,,🕋Ramadhan,,,,,
post,video,DOiQszWkg5R,3720609689702108753,2025-09-13 15:15:13,posts/2025-09-13_15-15-13_[DOiQszWkg5R].mp4,,,834,14,,"🚨 UMROH AKHIR TAHUN ALL IN CUMA 31,5 JUTA! 🚨

 Umroh lain masih mahal, transit ribet, fasilitas nggak lengkap?

 Di ALFATIH, semua udah ALL IN:
 ✈ Garuda langsung (tanpa transit)
 🏨 Hotel nyaman dekat Masjid
 🚄 Tiket Kereta Cepat Haramain
 🎒 Perlengkapan lengkap + Ziarah Thaif
🔥 Harga mulai Rp 31,5 Juta aja!
 ❌ No ribet, ❌ No biaya tambahan.
📩 Kursi terbatas, DM sekarang!

 👉 Umroh Anda, Dedikasi Kami.",false
carousel,photo,DOdfN5OCSR3,3719266161511703671,2025-09-11 18:44:58,posts/2025-09-11_18-44-58_[DOdfN5OCSR3]_01.jpg,1,,11,0,,"✨ Coba bayangin deh…

 Subuhan di Masjidil Haram, jalan dikit aja dari hotel udah nyampe.

 Ada muthawwif yang sabar banget nemenin, ngajarin doa, sampai ngarahin tiap putaran thawaf.

 Urusan koper, imigrasi, sampe transport? Santai aja, semua udah di-handle sama tim profesional.
Itu semua yang bakal kamu rasain kalau Umroh bareng ALFATIH ✨",false
carousel,photo,DOdfN5OCSR3,3719266161511703671,2025-09-11 18:44:58,posts/2025-09-11_18-44-58_[DOdfN5OCSR3]_02.jpg,2,,11,0,,"✨ Coba bayangin deh…

 Subuhan di Masjidil Haram, jalan dikit aja dari hotel udah nyampe.

 Ada muthawwif yang sabar banget nemenin, ngajarin doa, sampai ngarahin tiap putaran thawaf.

 Urusan koper, imigrasi, sampe transport? Santai aja, semua udah di-handle sama tim profesional.
Itu semua yang bakal kamu rasain kalau Umroh bareng ALFATIH ✨",false
carousel,photo,DOdfN5OCSR3,3719266161511703671,2025-09-11 18:44:58,posts/2025-09-11_18-44-58_[DOdfN5OCSR3]_03.jpg,3,,11,0,,"✨ Coba bayangin deh…

 Subuhan di Masjidil Haram, jalan dikit aja dari hotel udah nyampe.

 Ada muthawwif yang sabar banget nemenin, ngajarin doa, sampai ngarahin tiap putaran thawaf.

 Urusan koper, imigrasi, sampe transport? Santai aja, semua udah di-handle sama tim profesional.
Itu semua yang bakal kamu rasain kalau Umroh bareng ALFATIH ✨",false
carousel,photo,DOdfN5OCSR3,3719266161511703671,2025-09-11 18:44:58,posts/2025-09-11_18-44-58_[DOdfN5OCSR3]_04.jpg,4,,11,0,,"✨ Coba bayangin deh…

 Subuhan di Masjidil Haram, jalan dikit aja dari hotel udah nyampe.

 Ada muthawwif yang sabar banget nemenin, ngajarin doa, sampai ngarahin tiap putaran thawaf.

 Urusan koper, imigrasi, sampe transport? Santai aja, semua udah di-handle sama tim profesional.
Itu semua yang bakal kamu rasain kalau Umroh bareng ALFATIH ✨",false
carousel,photo,DOdfN5OCSR3,3719266161511703671,2025-09-11 18:44:58,posts/2025-09-11_18-44-58_[DOdfN5OCSR3]_05.jpg,5,,11,0,,"✨ Coba bayangin deh…

 Subuhan di Masjidil Haram, jalan dikit aja dari hotel udah nyampe.

 Ada muthawwif yang sabar banget nemenin, ngajarin doa, sampai ngarahin tiap putaran thawaf.

 Urusan koper, imigrasi, sampe transport? Santai aja, semua udah di-handle sama tim profesional.
Itu semua yang bakal kamu rasain kalau Umroh bareng ALFATIH ✨",false
carousel,photo,DOdfN5OCSR3,3719266161511703671,2025-09-11 18:44:58,posts/2025-09-11_18-44-58_[DOdfN5OCSR3]_06.jpg,6,,11,0,,"✨ Coba bayangin deh…

 Subuhan di Masjidil Haram, jalan dikit aja dari hotel udah nyampe.

 Ada muthawwif yang sabar banget nemenin, ngajarin doa, sampai ngarahin tiap putaran thawaf.

 Urusan koper, imigrasi, sampe transport? Santai aja, semua udah di-handle sama tim profesional.
Itu semua yang bakal kamu rasain kalau Umroh bareng ALFATIH ✨",false
carousel,photo,DOdfN5OCSR3,3719266161511703671,2025-09-11 18:44:58,posts/2025-09-11_18-44-58_[DOdfN5OCSR3]_07.jpg,7,,11,0,,"✨ Coba bayangin deh…

 Subuhan di Masjidil Haram, jalan dikit aja dari hotel udah nyampe.

 Ada muthawwif yang sabar banget nemenin, ngajarin doa, sampai ngarahin tiap putaran thawaf.

 Urusan koper, imigrasi, sampe transport? Santai aja, semua udah di-handle sama tim profesional.
Itu semua yang bakal kamu rasain kalau Umroh bareng ALFATIH ✨",false
carousel,photo,DOdfN5OCSR3,3719266161511703671,2025-09-11 18:44:58,posts/2025-09-11_18-44-58_[DOdfN5OCSR3]_08.jpg,8,,11,0,,"✨ Coba bayangin deh…

 Subuhan di Masjidil Haram, jalan dikit aja dari hotel udah nyampe.

 Ada muthawwif yang sabar banget nemenin, ngajarin doa, sampai ngarahin tiap putaran thawaf.

 Urusan koper, imigrasi, sampe transport? Santai aja, semua udah di-handle sama tim profesional.
Itu semua yang bakal kamu rasain kalau Umroh bareng ALFATIH ✨",false
carousel,photo,DOdfN5OCSR3,3719266161511703671,2025-09-11 18:44:58,posts/2025-09-11_18-44-58_[DOdfN5OCSR3]_09.jpg,9,,11,0,,"✨ Coba bayangin deh…

 Subuhan di Masjidil Haram, jalan dikit aja dari hotel udah nyampe.

 Ada muthawwif yang sabar banget nemenin, ngajarin doa, sampai ngarahin tiap putaran thawaf.

 Urusan koper, imigrasi, sampe transport? Santai aja, semua udah di-handle sama tim profesional.
Itu semua yang bakal kamu rasain kalau Umroh bareng ALFATIH ✨",false
carousel,photo,DOdfN5OCSR3,3719266161511703671,2025-09-11 18:44:58,posts/2025-09-11_18-44-58_[DOdfN5OCSR3]_10.jpg,10,,11,0,,"✨ Coba bayangin deh…

 Subuhan di Masjidil Haram, jalan dikit aja dari hotel udah nyampe.

 Ada muthawwif yang sabar banget nemenin, ngajarin doa, sampai ngarahin tiap putaran thawaf.

 Urusan koper, imigrasi, sampe transport? Santai aja, semua udah di-handle sama tim profesional.
Itu semua yang bakal kamu rasain kalau Umroh bareng ALFATIH ✨",false
carousel,photo,DOdfN5OCSR3,3719266161511703671,2025-09-11 18:44:58,posts/2025-09-11_18-44-58_[DOdfN5OCSR3]_11.jpg,11,,11,0,,"✨ Coba bayangin deh…

 Subuhan di Masjidil Haram, jalan dikit aja dari hotel udah nyampe.

 Ada muthawwif yang sabar banget nemenin, ngajarin doa, sampai ngarahin tiap putaran thawaf.

 Urusan koper, imigrasi, sampe transport? Santai aja, semua udah di-handle sama tim profesional.
Itu semua yang bakal kamu rasain kalau Umroh bareng ALFATIH ✨",false
post,video,DMFqrBmStDA,3676532345425023168,2025-07-14 19:46:15,posts/2025-07-14_19-46-15_[DMFqrBmStDA].mp4,,,16,0,,"Pernah nggak sih kamu ngerasa, ""Kapan ya bisa nyentuh Tanah Suci? Kapan bisa bilang: ""Alhamdulillah, akhirnya sampai juga..."" 😭🕋✨

Gak usah nunggu ""nanti"" yang nggak pasti. Waktunya kasih hadiah terbaik buat diri sendiri🤍

🔥 Recapture Jadwal Umroh 2024-2025 : 

✈️ 9 – 20 Sep 2024: Umroh 12H Paket Silver
✈️ 29 Des – 9 Jan 2025: Umroh VIP Akhir Tahun Hotel Pelataran
✈️ 10 – 23 Feb 2025: Umroh Plus Turki Paket Silver
✈️ 11 – 19 Mar 2025: Umroh Ramadhan 9H
✈️ 1 – 9 Apr 2025: Umroh VIP Syawal Hotel Pelataran
✈️ 6 – 14 Apr 2025: Umroh Syawal Paket Silver

Kredibel? 20+ tahun pengalaman, NO gagal berangkat💯✅

Mau healing hati? Mau recharge iman? Mau rasain vibes ibadah yang beda dari liburan mana pun?

💌 ""Umroh Anda, dedikasi kami.""

🎟️ Slot terbatas!
Klik link di bio & booking sekarang, sebelum kehabisan bareng temen-temen yang lain! 🤲✨

🌍 Yuk, bareng kita wujudkan mimpi ke Baitullah! 🤍",false
post,photo,DdaeDkbCRSE,3988632606652044420,2026-09-18 10:28:01,posts/2026-09-18_10-28-01_[DdaeDkbCRSE].jpg,,,9,0,,"Assalamu'alaikum Sahabat Alfatih 🌙🤍

Saatnya wujudkan impian beribadah ke Tanah Suci bersama UMROH LIBURAN AKHIR TAHUN 1448H dengan pelayanan terbaik dari Alfatih Dunia Wisata. 🕋✨

Umroh bersama ustadzah Hj. Nani Handayani

📅 Keberangkatan: 15 - 23 Desember 2026

💰 Mulai dari Rp32,5 Juta

Nikmati perjalanan ibadah yang nyaman dengan fasilitas:

✈️ Terbang bersama Saudi Airlines
🏨 Hotel Mekkah: Nada Ajyad / Maysan Al Maqam
🏨 Hotel Madinah: Golden Anshar Asshakareen / Andalus Salam
🍽️ Makan Fullboard 3x sehari
🛂 Visa Umroh
🎒 Perlengkapan Umroh
🎫 Tiket pesawat confirmed
🚌 Bus private selama perjalanan
👳 Muthawwif berpengalaman
🛋️ Lounge CGK
🤝 Handling Saudi & CGK
⭐ Pelayanan Five-Star Service
✅ Terdaftar resmi di Siskopatuh PPIU

❗ Belum termasuk:

🚄 Tiket Kereta Cepat Haramain
🛂 Paspor baru/perpanjangan
💉 Vaksin yang diperlukan
🚗 Akomodasi dari daerah
🏨 Hotel transit di CGK (jika transit)

✨ Bersama Alfatih, perjalanan ibadah menjadi lebih tenang, nyaman, dan penuh keberkahan.

📲 Segera reservasi sekarang!
WA: 0857-7821-2633

Mari menjadi tamu Allah bersama Alfatih Dunia Wisata. Semoga Allah mudahkan langkah menuju Baitullah. 🤲🩵

.
.
.
.
.
#UmrohAlfatih #PromoUmroh2026 #UmrohDesember2026 #Umroh1448H #umroh9hari",false
post,photo,DcA8G9HCV7H,3963432032809868999,2026-08-14 15:58:58,posts/2026-08-14_15-58-58_[DcA8G9HCV7H].jpg,,,13,0,,"Kenapa memilih travel itu nggak cuma soal harga? 🕋

Karena perjalanan umroh bukan sekadar berangkat, tapi bagaimana setiap prosesnya bisa membuat kita lebih tenang dan fokus beribadah.

Mulai dari hotel yang nyaman, transportasi yang aman, pembimbing yang berpengalaman, makanan yang terjamin, sampai pendampingan selama berada di Tanah Suci—semuanya punya peran dalam membuat perjalanan ibadah jadi lebih nyaman dan berkesan.

Al Fatih nggak hanya sekedar mengantar Anda sampai ke Tanah Suci. Kami ingin menemani setiap langkah.

📲 Konsultasi & info paket umroh: 0857-7821-2633

#AlfatihDuniaWisata #AlfatihUmroh #Umroh #PaketUmroh #TravelUmroh #UmrohIndonesia #PersiapanUmroh #JalanMenujuBaitullah #PerjalananIbadahPenuhMakna",false
carousel,photo,Db2eLE5CZmL,3960485624880404875,2026-08-10 14:24:59,posts/2026-08-10_14-24-59_[Db2eLE5CZmL]_01.webp,1,,16,0,,"🕋✨ 12 Hari Penuh Cerita di Tanah Suci

Dua belas hari perjalanan yang dipenuhi doa, ibadah, kebersamaan, dan begitu banyak momen yang akan selalu dikenang.

Dari Madinah yang menenangkan hati hingga Makkah yang menjadi tujuan penuh kerinduan. Setiap langkah membawa cerita, setiap tempat menghadirkan hikmah, dan setiap doa menjadi bagian dari perjalanan yang begitu berarti. 🤍

Semoga seluruh ibadah diterima Allah ﷻ, segala doa diijabah, dan perjalanan ini menjadi kenangan indah yang membawa keberkahan.

Sampai jumpa kembali di Tanah Suci. 🕋✨

Alfatih Dunia Wisata

#AlfatihDuniaWisata #Umrah #PerjalananUmrah #Umrah12Hari #UmrahBersamaAlFatih",false
carousel,photo,Db2eLE5CZmL,3960485624880404875,2026-08-10 14:24:59,posts/2026-08-10_14-24-59_[Db2eLE5CZmL]_02.webp,2,,16,0,,"🕋✨ 12 Hari Penuh Cerita di Tanah Suci

Dua belas hari perjalanan yang dipenuhi doa, ibadah, kebersamaan, dan begitu banyak momen yang akan selalu dikenang.

Dari Madinah yang menenangkan hati hingga Makkah yang menjadi tujuan penuh kerinduan. Setiap langkah membawa cerita, setiap tempat menghadirkan hikmah, dan setiap doa menjadi bagian dari perjalanan yang begitu berarti. 🤍

Semoga seluruh ibadah diterima Allah ﷻ, segala doa diijabah, dan perjalanan ini menjadi kenangan indah yang membawa keberkahan.

Sampai jumpa kembali di Tanah Suci. 🕋✨

Alfatih Dunia Wisata

#AlfatihDuniaWisata #Umrah #PerjalananUmrah #Umrah12Hari #UmrahBersamaAlFatih",false
carousel,photo,Db2eLE5CZmL,3960485624880404875,2026-08-10 14:24:59,posts/2026-08-10_14-24-59_[Db2eLE5CZmL]_03.webp,3,,16,0,,"🕋✨ 12 Hari Penuh Cerita di Tanah Suci

Dua belas hari perjalanan yang dipenuhi doa, ibadah, kebersamaan, dan begitu banyak momen yang akan selalu dikenang.

Dari Madinah yang menenangkan hati hingga Makkah yang menjadi tujuan penuh kerinduan. Setiap langkah membawa cerita, setiap tempat menghadirkan hikmah, dan setiap doa menjadi bagian dari perjalanan yang begitu berarti. 🤍

Semoga seluruh ibadah diterima Allah ﷻ, segala doa diijabah, dan perjalanan ini menjadi kenangan indah yang membawa keberkahan.

Sampai jumpa kembali di Tanah Suci. 🕋✨

Alfatih Dunia Wisata

#AlfatihDuniaWisata #Umrah #PerjalananUmrah #Umrah12Hari #UmrahBersamaAlFatih",false
carousel,photo,Db2eLE5CZmL,3960485624880404875,2026-08-10 14:24:59,posts/2026-08-10_14-24-59_[Db2eLE5CZmL]_04.webp,4,,16,0,,"🕋✨ 12 Hari Penuh Cerita di Tanah Suci

Dua belas hari perjalanan yang dipenuhi doa, ibadah, kebersamaan, dan begitu banyak momen yang akan selalu dikenang.

Dari Madinah yang menenangkan hati hingga Makkah yang menjadi tujuan penuh kerinduan. Setiap langkah membawa cerita, setiap tempat menghadirkan hikmah, dan setiap doa menjadi bagian dari perjalanan yang begitu berarti. 🤍

Semoga seluruh ibadah diterima Allah ﷻ, segala doa diijabah, dan perjalanan ini menjadi kenangan indah yang membawa keberkahan.

Sampai jumpa kembali di Tanah Suci. 🕋✨

Alfatih Dunia Wisata

#AlfatihDuniaWisata #Umrah #PerjalananUmrah #Umrah12Hari #UmrahBersamaAlFatih",false
carousel,photo,Db2eLE5CZmL,3960485624880404875,2026-08-10 14:24:59,posts/2026-08-10_14-24-59_[Db2eLE5CZmL]_05.webp,5,,16,0,,"🕋✨ 12 Hari Penuh Cerita di Tanah Suci

Dua belas hari perjalanan yang dipenuhi doa, ibadah, kebersamaan, dan begitu banyak momen yang akan selalu dikenang.

Dari Madinah yang menenangkan hati hingga Makkah yang menjadi tujuan penuh kerinduan. Setiap langkah membawa cerita, setiap tempat menghadirkan hikmah, dan setiap doa menjadi bagian dari perjalanan yang begitu berarti. 🤍

Semoga seluruh ibadah diterima Allah ﷻ, segala doa diijabah, dan perjalanan ini menjadi kenangan indah yang membawa keberkahan.

Sampai jumpa kembali di Tanah Suci. 🕋✨

Alfatih Dunia Wisata

#AlfatihDuniaWisata #Umrah #PerjalananUmrah #Umrah12Hari #UmrahBersamaAlFatih",false
carousel,photo,Db2eLE5CZmL,3960485624880404875,2026-08-10 14:24:59,posts/2026-08-10_14-24-59_[Db2eLE5CZmL]_06.webp,6,,16,0,,"🕋✨ 12 Hari Penuh Cerita di Tanah Suci

Dua belas hari perjalanan yang dipenuhi doa, ibadah, kebersamaan, dan begitu banyak momen yang akan selalu dikenang.

Dari Madinah yang menenangkan hati hingga Makkah yang menjadi tujuan penuh kerinduan. Setiap langkah membawa cerita, setiap tempat menghadirkan hikmah, dan setiap doa menjadi bagian dari perjalanan yang begitu berarti. 🤍

Semoga seluruh ibadah diterima Allah ﷻ, segala doa diijabah, dan perjalanan ini menjadi kenangan indah yang membawa keberkahan.

Sampai jumpa kembali di Tanah Suci. 🕋✨

Alfatih Dunia Wisata

#AlfatihDuniaWisata #Umrah #PerjalananUmrah #Umrah12Hari #UmrahBersamaAlFatih",false
carousel,photo,Db2eLE5CZmL,3960485624880404875,2026-08-10 14:24:59,posts/2026-08-10_14-24-59_[Db2eLE5CZmL]_07.webp,7,,16,0,,"🕋✨ 12 Hari Penuh Cerita di Tanah Suci

Dua belas hari perjalanan yang dipenuhi doa, ibadah, kebersamaan, dan begitu banyak momen yang akan selalu dikenang.

Dari Madinah yang menenangkan hati hingga Makkah yang menjadi tujuan penuh kerinduan. Setiap langkah membawa cerita, setiap tempat menghadirkan hikmah, dan setiap doa menjadi bagian dari perjalanan yang begitu berarti. 🤍

Semoga seluruh ibadah diterima Allah ﷻ, segala doa diijabah, dan perjalanan ini menjadi kenangan indah yang membawa keberkahan.

Sampai jumpa kembali di Tanah Suci. 🕋✨

Alfatih Dunia Wisata

#AlfatihDuniaWisata #Umrah #PerjalananUmrah #Umrah12Hari #UmrahBersamaAlFatih",false
post,photo,DbS_wq6JynX,3950500244695230935,2026-07-27 19:45:51,posts/2026-07-27_19-45-51_[DbS_wq6JynX].webp,,,6,0,,"Assalamu'alaikum Sahabat Alfatih 🌙🤍

Saatnya wujudkan impian beribadah ke Tanah Suci bersama UMROH 12 HARI PROMO 1448H dengan pelayanan terbaik dari Alfatih Dunia Wisata. 🕋✨

📅 Keberangkatan: 6 – 17 September 2026

💰 Mulai dari Rp35,5 Juta

Nikmati perjalanan ibadah yang nyaman dengan fasilitas:

✈️ Terbang bersama Emirates Airlines
🏨 Hotel Mekkah: Nada Ajyad / Maysan Al Maqam
🏨 Hotel Madinah: Golden Anshar Asshakareen / Durrat Eiman
🍽️ Makan Fullboard 3x sehari
🛂 Visa Umroh
🎒 Perlengkapan Umroh
🎫 Tiket pesawat confirmed
🚌 Bus private selama perjalanan
👳 Muthawwif berpengalaman
🛋️ Lounge CGK
🤝 Handling Saudi & CGK
⭐ Pelayanan Five-Star Service
✅ Terdaftar resmi di Siskopatuh PPIU

❗ Belum termasuk:

🚄 Tiket Kereta Cepat Haramain
🛂 Paspor baru/perpanjangan
💉 Vaksin yang diperlukan
🚗 Akomodasi dari daerah
🏨 Hotel transit di CGK (jika transit)

✨ Bersama Alfatih, perjalanan ibadah menjadi lebih tenang, nyaman, dan penuh keberkahan.

📲 Segera reservasi sekarang!
WA: 0857-7821-2633

Mari menjadi tamu Allah bersama Alfatih Dunia Wisata. Semoga Allah mudahkan langkah menuju Baitullah. 🤲🩵

.
.
.
.
.
#UmrohAlfatih #PromoUmroh2026 #UmrohSeptember2026 #Umroh1448H #Umroh12Hari",false
post,photo,DXI3UG-icLZ,3875590753791623897,2026-04-15 11:14:04,posts/2026-04-15_11-14-04_[DXI3UG-icLZ].webp,,,10,0,,"Assalamu’alaikum sahabat Alfatih 🌙✨

Liburan akhir tahun & awal 2026 ini, yuk isi dengan perjalanan penuh berkah bersama UMROH AWAL MUSIM 1448H TANPA BIAYA TAMBAHAN! 🕋💫

📅 20-31 JULI 2026

Dengan fasilitas lengkap:
✈️ Tiket PP Combine Garuda/Qatar Airways
🏨 Hotel dekat Masjidil Haram & Nabawi
🛂 Visa & Asuransi Umroh
🎁 Perlengkapan eksklusif ALFATIH
🚄 Bonus tiket Kereta Cepat Haramain
🏞️ Bonus wisata ke Thaif
🍗 Nikmati Ayam Albaik & air Zamzam saat pulang!

💰 Harga Quad hanya Rp 32,5 Juta All In
📍 Seat tersisa hanya untuk 10 orang!! — jangan sampai kehabisan!

📲 Hubungi kami sekarang:
WA 📞 0857-7821-2633
dan wujudkan umroh terbaik di musim liburan ini bersama ALFATIH🤍

.
.
.
.
.
.
.
.
.
.
#UmrohAlfatih #UmrohAwalMusim2026 #UmrohAwalMusim1448H #UmrohJuli2026 #UmrohBersamaKeluarga UmrohBerkah GarudaUmroh AlfatihDuniaWisata
umrohakhirtahun umrohpromo promoumroh",false
post,photo,DW23nJmibfX,3870525512699459543,2026-04-08 11:30:20,posts/2026-04-08_11-30-20_[DW23nJmibfX].webp,,,7,0,,"⛹️‍♀️SCHOOL HOLIDAY 6D5N VIETNAM ✨

21 JUNI 2026

✈ Penerbangan Langsung CGK-HAN-CGK by Vietnam Airlines

🏨 Hotel 3🌟 atau setaraf

✅ Fasilitas Termasuk:
✔ ✈ Tiket PP Vietnam Airlines CGK-HAN-CGK
✔ Bagasi Kabin 7 Kg sesuai dengan peraturan penerbangan
✔ Akomodasi hotel *3 atau setaraf
✔🚌 Transportasi bus ber-AC & tiket masuk objek wisata
✔ Acara tour & makan sesuai program paket tour di atas
✅ Paket ALL IN (termasuk tax international)

💰 Harga : 14.900.000
 🏷 Tipping : 690.000

Bonus Menginap 1 Malam di Cruise

Segera amankan seat terbaik untuk keluarga Anda.

📩 DM sekarang
📱 WhatsApp 0857-7821-2633",false
post,video,DV-uiBvCcGe,3854722979540353438,2026-03-17 16:18:33,posts/2026-03-17_16-18-33_[DV-uiBvCcGe].mp4,,,8,1,,"Tahun depan ada dua jenis orang saat Lebaran:

1️⃣ Yang lihat story orang umroh
2️⃣ Yang di-tag “MasyaAllah” karena berangkat

Kamu yang mana?
Kalau kamu serius pengen Lebaran di Mekkah tahun depan:

Tulis “MEKKAH” di komentar 👇
 atau DM untuk info keberangkatan.
✨ Umroh Anda, dedikasi kami.

#umrohramadhan #umrohlebaran #lebarandimekkah #umrohanakmuda #umroh2027 baitullah tanahsuci umrohbareng alfatihumroh",false
post,photo,DVicDOLiUZz,3846760398414497395,2026-03-06 16:33:15,posts/2026-03-06_16-33-15_[DVicDOLiUZz].jpg,,,4,0,,"⛹️‍♀️🕋 PAKET UMROH JULI LIBURAN SEKOLAH ✨

12 – 20 Juli 2026

✈ Penerbangan Langsung Garuda Indonesia
Tanpa transit, lebih cepat & nyaman 🕌

🏨 Hotel 5🌟 nyaman 0 m dari Haramain
🕋 Hotel Ghufran Safwah / Movenpick (Makkah)
🌙 Hotel Taiba Front (Madinah)
*atau setaraf

✅ Fasilitas Termasuk:
✔ ✈ Tiket PP Garuda Indonesia langsung
✔ 📄 Visa Umroh & 🛡 SISKOPATUH resmi
✔ 🎒 Perlengkapan Umroh lengkap
✔ 💧 Air Zamzam 5 liter untuk dibawa pulang
✔ 🕌 Shalat Jumat di Tanah Haram
✔ 🍗 Bonus Ayam Albaik saat kepulangan
✔ 🌄 Ziarah ke Thaif
✔ 👤 Full handling di Indonesia & Arab Saudi
✔ 🕌 Muthawwif & tour guide berpengalaman
✔ 🚄 Tiket Kereta Cepat Haramain Express
✅ Paket ALL IN (Visa, Tiket, Hotel, Makan, Transportasi, Pembimbing)

💰 Harga Promo: Rp 39,5 Juta All In (Sekamar ber-4)
👉 Harga Spesial Rp 41,5 Juta All In (Sekamar ber-3)
👉 Harga Spesial Rp 43,9 Juta All In (Sekamar ber-2)

Tempat sangat terbatas karena hotel pelataran selalu cepat penuh.

Segera amankan seat terbaik untuk keluarga Anda.

📩 DM sekarang
📱 WhatsApp 0815-164-2225",false
post,video,DVa0K8siTuD,3844614682699185027,2026-03-03 17:30:35,posts/2026-03-03_17-30-35_[DVa0K8siTuD].mp4,,,9,0,,"Ramadhan kemarin kamu di mana?

Masih lembur?
Masih ngejar deadline?
Masih scroll sampai sahur?

Sekarang bayangin…
Buka puasa di Masjidil Haram.
Tarawih di depan Ka’bah.
Umroh di bulan yang pahalanya setara haji.

Buat kamu yang:
 ✔ Mahasiswa yang lagi nabung dari uang beasiswa
 ✔ Pekerja entry-level yang baru mulai karir
 ✔ Freelancer muda yang pengen hidupnya lebih berkah

Ini bukan soal kaya dulu.
Ini soal berani niat dulu.

Ramadhan tahun depan…
Kita wujudkan.

DM sekarang untuk konsultasi & simulasi tabungan umroh Ramadhan ✨

Karena…
Umroh Anda, dedikasi kami. 

#umroh #umrohramadhan #alfatihumroh",false
post,photo,DRD_jxkiaAV,3766133248750100501,2025-11-15 10:41:30,posts/2025-11-15_10-41-30_[DRD_jxkiaAV].jpg,,,2,0,,"Assalamualaikum sahabat alfatih 🌍✨

Yuk, awali tahun dengan perjalanan penuh makna menyusuri jejak para nabi di Mesir – Aqsha – Yordania. Nikmati sejarah yang hidup, budaya yang hangat, dan panorama yang memukau hati. ✨🕌✈️

🌟 Napak Tilas Bumi Para Nabi 🌟
🗓️ Special Awal Tahun • 9D7N | 21–29 Januari 2026

📌 Paket termasuk:
• ✈️ Tiket penerbangan kelas ekonomi (Oman Air)
• 🏨 Akomodasi hotel
• 🚌 Transportasi selama perjalanan
• 🍽️ Makanan halal sesuai program
• 🎫 Tiket masuk wisata
• 🧑‍🏫 Tour guide profesional
• 📶 WiFi dalam bus

❗ Belum termasuk:
• 💼 Tipping dan asuransi
• 🛍️ Pengeluaran pribadi

🔥 Seat terbatas!
Hubungi kami di 0815 164 2225📲✨

📌PT ALFATIH DUNIA WISATA
Grand Depok City, Depok - Jawa Barat

#HalalTour #Aqsha #MasjidilAqsha #WisataHalal #MesirAqshaJordan #JejakParaNabi #TourMuslim #TravelHalal #ZiarahAqsha #WisataReligi #HalalTravel #MiddleEastTour #JordanTrip #MesirTour #IslamicTravel #ReligiTrip #MoslemTraveler #AqsaJourney #ZiarahLuarNegeri #TravelBersamaAlfatih",false
carousel,photo,DRBWpNsks-D,3765390352686698371,2025-11-14 10:05:00,posts/2025-11-14_10-05-00_[DRBWpNsks-D]_01.jpg,1,,8,3,,"Persiapan umroh tuh nggak perlu ribet, asal kamu punya checklist yang pas 🕋

 Nih versi realistisnya biar kamu nggak overpack tapi tetap ready!

✈️ Kamu tim koper besar atau koper cabin aja?

#umrohchecklist #perlengkapanumroh #traveltips #alfatihumroh #madinahvibes",false
carousel,photo,DRBWpNsks-D,3765390352686698371,2025-11-14 10:05:00,posts/2025-11-14_10-05-00_[DRBWpNsks-D]_02.jpg,2,,8,3,,"Persiapan umroh tuh nggak perlu ribet, asal kamu punya checklist yang pas 🕋

 Nih versi realistisnya biar kamu nggak overpack tapi tetap ready!

✈️ Kamu tim koper besar atau koper cabin aja?

#umrohchecklist #perlengkapanumroh #traveltips #alfatihumroh #madinahvibes",false
carousel,photo,DRBWpNsks-D,3765390352686698371,2025-11-14 10:05:00,posts/2025-11-14_10-05-00_[DRBWpNsks-D]_03.jpg,3,,8,3,,"Persiapan umroh tuh nggak perlu ribet, asal kamu punya checklist yang pas 🕋

 Nih versi realistisnya biar kamu nggak overpack tapi tetap ready!

✈️ Kamu tim koper besar atau koper cabin aja?

#umrohchecklist #perlengkapanumroh #traveltips #alfatihumroh #madinahvibes",false
carousel,photo,DRBWpNsks-D,3765390352686698371,2025-11-14 10:05:00,posts/2025-11-14_10-05-00_[DRBWpNsks-D]_04.jpg,4,,8,3,,"Persiapan umroh tuh nggak perlu ribet, asal kamu punya checklist yang pas 🕋

 Nih versi realistisnya biar kamu nggak overpack tapi tetap ready!

✈️ Kamu tim koper besar atau koper cabin aja?

#umrohchecklist #perlengkapanumroh #traveltips #alfatihumroh #madinahvibes",false
carousel,photo,DRBWpNsks-D,3765390352686698371,2025-11-14 10:05:00,posts/2025-11-14_10-05-00_[DRBWpNsks-D]_05.jpg,5,,8,3,,"Persiapan umroh tuh nggak perlu ribet, asal kamu punya checklist yang pas 🕋

 Nih versi realistisnya biar kamu nggak overpack tapi tetap ready!

✈️ Kamu tim koper besar atau koper cabin aja?

#umrohchecklist #perlengkapanumroh #traveltips #alfatihumroh #madinahvibes",false
carousel,photo,DRBWpNsks-D,3765390352686698371,2025-11-14 10:05:00,posts/2025-11-14_10-05-00_[DRBWpNsks-D]_06.jpg,6,,8,3,,"Persiapan umroh tuh nggak perlu ribet, asal kamu punya checklist yang pas 🕋

 Nih versi realistisnya biar kamu nggak overpack tapi tetap ready!

✈️ Kamu tim koper besar atau koper cabin aja?

#umrohchecklist #perlengkapanumroh #traveltips #alfatihumroh #madinahvibes",false
carousel,photo,DRBWpNsks-D,3765390352686698371,2025-11-14 10:05:00,posts/2025-11-14_10-05-00_[DRBWpNsks-D]_07.jpg,7,,8,3,,"Persiapan umroh tuh nggak perlu ribet, asal kamu punya checklist yang pas 🕋

 Nih versi realistisnya biar kamu nggak overpack tapi tetap ready!

✈️ Kamu tim koper besar atau koper cabin aja?

#umrohchecklist #perlengkapanumroh #traveltips #alfatihumroh #madinahvibes",false
carousel,photo,DRBWpNsks-D,3765390352686698371,2025-11-14 10:05:00,posts/2025-11-14_10-05-00_[DRBWpNsks-D]_08.jpg,8,,8,3,,"Persiapan umroh tuh nggak perlu ribet, asal kamu punya checklist yang pas 🕋

 Nih versi realistisnya biar kamu nggak overpack tapi tetap ready!

✈️ Kamu tim koper besar atau koper cabin aja?

#umrohchecklist #perlengkapanumroh #traveltips #alfatihumroh #madinahvibes",false
carousel,photo,DRBWpNsks-D,3765390352686698371,2025-11-14 10:05:00,posts/2025-11-14_10-05-00_[DRBWpNsks-D]_09.jpg,9,,8,3,,"Persiapan umroh tuh nggak perlu ribet, asal kamu punya checklist yang pas 🕋

 Nih versi realistisnya biar kamu nggak overpack tapi tetap ready!

✈️ Kamu tim koper besar atau koper cabin aja?

#umrohchecklist #perlengkapanumroh #traveltips #alfatihumroh #madinahvibes",false
carousel,photo,DRBWpNsks-D,3765390352686698371,2025-11-14 10:05:00,posts/2025-11-14_10-05-00_[DRBWpNsks-D]_10.jpg,10,,8,3,,"Persiapan umroh tuh nggak perlu ribet, asal kamu punya checklist yang pas 🕋

 Nih versi realistisnya biar kamu nggak overpack tapi tetap ready!

✈️ Kamu tim koper besar atau koper cabin aja?

#umrohchecklist #perlengkapanumroh #traveltips #alfatihumroh #madinahvibes",false
carousel,photo,DRBWpNsks-D,3765390352686698371,2025-11-14 10:05:00,posts/2025-11-14_10-05-00_[DRBWpNsks-D]_11.jpg,11,,8,3,,"Persiapan umroh tuh nggak perlu ribet, asal kamu punya checklist yang pas 🕋

 Nih versi realistisnya biar kamu nggak overpack tapi tetap ready!

✈️ Kamu tim koper besar atau koper cabin aja?

#umrohchecklist #perlengkapanumroh #traveltips #alfatihumroh #madinahvibes",false
carousel,photo,DRBWpNsks-D,3765390352686698371,2025-11-14 10:05:00,posts/2025-11-14_10-05-00_[DRBWpNsks-D]_12.jpg,12,,8,3,,"Persiapan umroh tuh nggak perlu ribet, asal kamu punya checklist yang pas 🕋

 Nih versi realistisnya biar kamu nggak overpack tapi tetap ready!

✈️ Kamu tim koper besar atau koper cabin aja?

#umrohchecklist #perlengkapanumroh #traveltips #alfatihumroh #madinahvibes",false
carousel,photo,DRBWpNsks-D,3765390352686698371,2025-11-14 10:05:00,posts/2025-11-14_10-05-00_[DRBWpNsks-D]_13.jpg,13,,8,3,,"Persiapan umroh tuh nggak perlu ribet, asal kamu punya checklist yang pas 🕋

 Nih versi realistisnya biar kamu nggak overpack tapi tetap ready!

✈️ Kamu tim koper besar atau koper cabin aja?

#umrohchecklist #perlengkapanumroh #traveltips #alfatihumroh #madinahvibes",false
carousel,photo,DRBWpNsks-D,3765390352686698371,2025-11-14 10:05:00,posts/2025-11-14_10-05-00_[DRBWpNsks-D]_14.jpg,14,,8,3,,"Persiapan umroh tuh nggak perlu ribet, asal kamu punya checklist yang pas 🕋

 Nih versi realistisnya biar kamu nggak overpack tapi tetap ready!

✈️ Kamu tim koper besar atau koper cabin aja?

#umrohchecklist #perlengkapanumroh #traveltips #alfatihumroh #madinahvibes",false
carousel,photo,DRBWpNsks-D,3765390352686698371,2025-11-14 10:05:00,posts/2025-11-14_10-05-00_[DRBWpNsks-D]_15.jpg,15,,8,3,,"Persiapan umroh tuh nggak perlu ribet, asal kamu punya checklist yang pas 🕋

 Nih versi realistisnya biar kamu nggak overpack tapi tetap ready!

✈️ Kamu tim koper besar atau koper cabin aja?

#umrohchecklist #perlengkapanumroh #traveltips #alfatihumroh #madinahvibes",false
post,photo,DQ6RmdpCUqh,3763397848579263137,2025-11-11 16:06:45,posts/2025-11-11_16-06-45_[DQ6RmdpCUqh].webp,,,1,0,,"🌙 UMROH + TURKI 15D 🕋🇹🇷

🗓 Periode: 20 Jan - 03 Feb 2026
✈️ Maskapai: Turkish Airlines 
🏨 Hotel:
⭐ Turki (4★–5★): Bursa, Pamukkale, Konya, Kappadokia, Ankara, Istanbul
⭐⭐⭐ Madinah: Arkan Al Manar (±150 m ke Masjid Nabawi)
⭐ ⭐⭐⭐ Makkah: Maysan al Maqam (±300 m ke Masjidil Haram)

💰 Harga Paket per Jamaah:

👨‍👩‍👧‍👦 Quad (4 org/kt): Rp 42.900.000
👨‍👩‍👦 Triple (3 org/kt): Rp 43.900.000
👫 Double (2 org/kt): Rp 45.900.000

🇹🇷 ITINERARY TURKI 7H6M
📍 Hari 1: Jakarta – Istanbul – Bursa
📍 Hari 2: Bursa – Pamukkale
📍 Hari 3: Pamukkale – Konya
📍 Hari 4: Konya – Kappadokia
📍 Hari 5: Kappadokia – Ankara – Istanbul
📍 Hari 6: Istanbul City Tour
📍 Hari 7: Istanbul – Madinah (lanjut Program Umroh)

🕋 ITINERARY UMROH
📍 Hari 7–9: Madinah – Ziarah Raudhah, Masjid Quba, Uhud, Khandaq
📍 Hari 10–13: Makkah – Ziarah, Tawaf, Sa’i, Ibadah Umroh
📍 Hari 14: Makkah – Jeddah – Jakarta

💎 KEUNGGULAN ALFATIH
🕌 Hotel dekat Masjidil Haram & Masjid Nabawi
🌆 Free City Tour Thaif
🍛 Free Nasi Mandhi Al-Romansiyah
🥘 Makan 3x sehari menu khas Indonesia
🧳 Full handling koper di bandara Jakarta & Saudi Arabia
🧕 Mutawwif berpengalaman & sabar
💧 Air Zamzam 5 liter per jamaah saat kepulangan
🍗 Ayam Albaik gratis saat kepulangan
🕋 Ziarah lengkap Makkah & Madinah
📖 Manasik & bimbingan ibadah penuh
🤝 Tim berpengalaman lebih dari 20 tahun
📞 Pelayanan cepat & responsif
🛂 Visa, Asuransi, dan Siskopatuh
🚌 Transportasi bus full AC antar kota & ziarah

Paket ini juga sudah termasuk:
🏨 Akomodasi hotel berbintang nyaman & mewah:
⭐ Istanbul: Park Inn by Radisson Hotel 5★ atau setara
⭐ Bursa: Leo Suite Hotel 4★ atau setara
⭐ Cappadocia: Suhan Hotel 5★ atau setara

💧 Air mineral 2 botol per hari per orang
🚌 Transportasi nyaman dengan bus ber-AC & Free WiFi selama perjalanan
🎟️ Tiket masuk ke semua objek wisata
🗣️ Pemandu wisata berbahasa Indonesia yang ramah dan berpengalaman

#UmrohPlusTurki #UmrohPlusCappadocia #UmrohLiburan #UmrohAkhirTahun #UmrohBersamaAlfatih #UmrohPremium #UmrohNyaman #UmrohBerwisata #UmrohHalalTrip #UmrohMusimDingin #Umroh2025 #WisataTurki #JelajahCappadocia #TravelUmroh #UmrohEksklusif #UmrohDanWisata #UmrohBerjamaah #umrohistimewa",false
post,photo,DQ5zzHBiXBW,3763266776252117078,2025-11-11 11:46:20,posts/2025-11-11_11-46-20_[DQ5zzHBiXBW].webp,,,1,0,,"Assalamu’alaikum sahabat Alfatih 🌙✨

Liburan akhir tahun & awal 2026 ini, yuk isi dengan perjalanan penuh berkah bersama UMROH MUSIM LIBURAN TANPA BIAYA TAMBAHAN! 🕋💫

📅 Pilihan Tanggal:
17 – 25 Desember 2025
01 – 09 Januari 2026

Dengan fasilitas lengkap:
✈️ Tiket PP Garuda Indonesia (Direct Flight)
🏨 Hotel dekat Masjidil Haram & Nabawi
🛂 Visa & Asuransi Umroh
🎁 Perlengkapan eksklusif ALFATIH
🚄 Bonus tiket Kereta Cepat Haramain
🏞️ Bonus wisata ke Thaif
🍗 Nikmati Ayam Albaik & air Zamzam saat pulang!

💰 Harga Quad hanya Rp 31,5 Juta All In
📍 Seat tersisa hanya untuk 5 orang!! — jangan sampai kehabisan!

📲 Hubungi kami sekarang:
WA 📞 0815-1642-225
dan wujudkan umroh terbaik di musim liburan ini bersama ALFATIH🤍

.
.
.
.
.
.
.
.
.
.
#UmrohAlfatih #UmrohDesember2025 #UmrohJanuari2026 #UmrohBersamaKeluarga #UmrohBerkah #GarudaUmroh #AlfatihDuniaWisata
#umrohakhirtahun #umrohpromo #promoumroh",false
carousel,photo,DQvxnqUCXiM,3760442443649611916,2025-11-07 14:14:53,posts/2025-11-07_14-14-53_[DQvxnqUCXiM]_01.webp,1,,7,0,,"🕋 "" Menapak tilas jejak Nabi, kini lebih mudah dengan paket Umrah murah dari kami. 📿✨️
•••••
Yuk, wujudkan ibadah Umrahmu tanpa bikin kantong bolong !
Bersama Al Fatih Umrah 😍🙏🏻

#umrah2025#umrahmurah#umrahhemat#",false
carousel,photo,DQvxnqUCXiM,3760442443649611916,2025-11-07 14:14:53,posts/2025-11-07_14-14-53_[DQvxnqUCXiM]_02.webp,2,,7,0,,"🕋 "" Menapak tilas jejak Nabi, kini lebih mudah dengan paket Umrah murah dari kami. 📿✨️
•••••
Yuk, wujudkan ibadah Umrahmu tanpa bikin kantong bolong !
Bersama Al Fatih Umrah 😍🙏🏻

#umrah2025#umrahmurah#umrahhemat#",false
carousel,photo,DQvxnqUCXiM,3760442443649611916,2025-11-07 14:14:53,posts/2025-11-07_14-14-53_[DQvxnqUCXiM]_03.webp,3,,7,0,,"🕋 "" Menapak tilas jejak Nabi, kini lebih mudah dengan paket Umrah murah dari kami. 📿✨️
•••••
Yuk, wujudkan ibadah Umrahmu tanpa bikin kantong bolong !
Bersama Al Fatih Umrah 😍🙏🏻

#umrah2025#umrahmurah#umrahhemat#",false
carousel,photo,DQvxnqUCXiM,3760442443649611916,2025-11-07 14:14:53,posts/2025-11-07_14-14-53_[DQvxnqUCXiM]_04.webp,4,,7,0,,"🕋 "" Menapak tilas jejak Nabi, kini lebih mudah dengan paket Umrah murah dari kami. 📿✨️
•••••
Yuk, wujudkan ibadah Umrahmu tanpa bikin kantong bolong !
Bersama Al Fatih Umrah 😍🙏🏻

#umrah2025#umrahmurah#umrahhemat#",false
carousel,photo,DQvxnqUCXiM,3760442443649611916,2025-11-07 14:14:53,posts/2025-11-07_14-14-53_[DQvxnqUCXiM]_05.webp,5,,7,0,,"🕋 "" Menapak tilas jejak Nabi, kini lebih mudah dengan paket Umrah murah dari kami. 📿✨️
•••••
Yuk, wujudkan ibadah Umrahmu tanpa bikin kantong bolong !
Bersama Al Fatih Umrah 😍🙏🏻

#umrah2025#umrahmurah#umrahhemat#",false
carousel,photo,DQvxnqUCXiM,3760442443649611916,2025-11-07 14:14:53,posts/2025-11-07_14-14-53_[DQvxnqUCXiM]_06.webp,6,,7,0,,"🕋 "" Menapak tilas jejak Nabi, kini lebih mudah dengan paket Umrah murah dari kami. 📿✨️
•••••
Yuk, wujudkan ibadah Umrahmu tanpa bikin kantong bolong !
Bersama Al Fatih Umrah 😍🙏🏻

#umrah2025#umrahmurah#umrahhemat#",false
carousel,photo,DQvxnqUCXiM,3760442443649611916,2025-11-07 14:14:53,posts/2025-11-07_14-14-53_[DQvxnqUCXiM]_07.webp,7,,7,0,,"🕋 "" Menapak tilas jejak Nabi, kini lebih mudah dengan paket Umrah murah dari kami. 📿✨️
•••••
Yuk, wujudkan ibadah Umrahmu tanpa bikin kantong bolong !
Bersama Al Fatih Umrah 😍🙏🏻

#umrah2025#umrahmurah#umrahhemat#",false
post,photo,DQuCmBgCR61,3759954147945291445,2025-11-06 22:04:44,posts/2025-11-06_22-04-44_[DQuCmBgCR61].jpg,,,4,0,,"✈️ Garuda & Saudia Resmi Jadi Maskapai Haji 2026! 🕋

Kementerian Haji dan Umrah Arab Saudi resmi menetapkan PT Garuda Indonesia dan Saudia Airlines sebagai dua maskapai penerbangan yang akan melayani Jemaah Haji Indonesia tahun 2026. 🇮🇩

Garuda Indonesia akan melayani jamaah dari Aceh, Medan, Padang, Jakarta, Solo, Yogyakarta, Makassar, dan lainnya.
Sementara Saudia Airlines akan mengangkut jamaah dari Batam, Palembang, Kertajati, Surabaya, hingga Bekasi.

📅 Pelunasan Biaya Penyelenggaraan Ibadah Haji (BPIH) dijadwalkan mulai 19 November 2025, setelah Keputusan Presiden diterbitkan.
Calon jamaah diimbau menyiapkan dokumen dan kesehatan sejak dini agar lolos syarat istitha’ah (kemampuan fisik dan mental) yang ditetapkan pemerintah dan otoritas Saudi.

🤲 Semoga seluruh calon tamu Allah dimudahkan dalam setiap langkah menuju Tanah Suci.
Dengan bimbingan terbaik, ALFATIH Dunia Wisata siap menemani perjalanan ibadah Anda — dari niat hingga kembali ke tanah air dengan hati penuh berkah.

Sumber : Kemenhaj and Mainstream News sources

#Haji2026 #GarudaIndonesia #SaudiaAirlines #AlfatihDuniaWisata #InfoHaji #Umrah #TravelHaji #HajiMabrur #IndonesiaBertamuKeBaitullah #AlfatihTravel #BersamaAlfatih",false
carousel,photo,DQoFu2NCR06,3758279098569923898,2025-11-04 14:36:43,posts/2025-11-04_14-36-43_[DQoFu2NCR06]_01.webp,1,,4,0,,"✨️ Wujudkan impian Umrah bersama AlFatih Umrah 🕋 ✨️

Harga paling murah 👍🏻| Pendamping berpengalaman 📿| Paket lengkap 💼

Hubungi kami sekarang dan mulai perjalanan ibadahmu ! 😍

#Umrahakhirtahun#Umrahhemat#umrahmurah",false
carousel,photo,DQoFu2NCR06,3758279098569923898,2025-11-04 14:36:43,posts/2025-11-04_14-36-43_[DQoFu2NCR06]_02.webp,2,,4,0,,"✨️ Wujudkan impian Umrah bersama AlFatih Umrah 🕋 ✨️

Harga paling murah 👍🏻| Pendamping berpengalaman 📿| Paket lengkap 💼

Hubungi kami sekarang dan mulai perjalanan ibadahmu ! 😍

#Umrahakhirtahun#Umrahhemat#umrahmurah",false
carousel,photo,DQoFu2NCR06,3758279098569923898,2025-11-04 14:36:43,posts/2025-11-04_14-36-43_[DQoFu2NCR06]_03.webp,3,,4,0,,"✨️ Wujudkan impian Umrah bersama AlFatih Umrah 🕋 ✨️

Harga paling murah 👍🏻| Pendamping berpengalaman 📿| Paket lengkap 💼

Hubungi kami sekarang dan mulai perjalanan ibadahmu ! 😍

#Umrahakhirtahun#Umrahhemat#umrahmurah",false
carousel,photo,DQoFu2NCR06,3758279098569923898,2025-11-04 14:36:43,posts/2025-11-04_14-36-43_[DQoFu2NCR06]_04.webp,4,,4,0,,"✨️ Wujudkan impian Umrah bersama AlFatih Umrah 🕋 ✨️

Harga paling murah 👍🏻| Pendamping berpengalaman 📿| Paket lengkap 💼

Hubungi kami sekarang dan mulai perjalanan ibadahmu ! 😍

#Umrahakhirtahun#Umrahhemat#umrahmurah",false
carousel,photo,DQoFu2NCR06,3758279098569923898,2025-11-04 14:36:43,posts/2025-11-04_14-36-43_[DQoFu2NCR06]_05.webp,5,,4,0,,"✨️ Wujudkan impian Umrah bersama AlFatih Umrah 🕋 ✨️

Harga paling murah 👍🏻| Pendamping berpengalaman 📿| Paket lengkap 💼

Hubungi kami sekarang dan mulai perjalanan ibadahmu ! 😍

#Umrahakhirtahun#Umrahhemat#umrahmurah",false
carousel,photo,DQoFu2NCR06,3758279098569923898,2025-11-04 14:36:43,posts/2025-11-04_14-36-43_[DQoFu2NCR06]_06.webp,6,,4,0,,"✨️ Wujudkan impian Umrah bersama AlFatih Umrah 🕋 ✨️

Harga paling murah 👍🏻| Pendamping berpengalaman 📿| Paket lengkap 💼

Hubungi kami sekarang dan mulai perjalanan ibadahmu ! 😍

#Umrahakhirtahun#Umrahhemat#umrahmurah",false
post,video,DQlHYp5ElXl,3757441944684484069,2025-11-03 10:54:19,posts/2025-11-03_10-54-19_[DQlHYp5ElXl].mp4,,,4,0,,"🚨 UMROH CUMA 26 JUTA?! Iya, kamu nggak salah baca!

💫 Nikmati perjalanan spiritual tak terlupakan ke Tanah Suci bersama Alfatih Umroh.

Paket hemat mulai dari Rp26.000.000

Sudah termasuk:
✅ Hotel dekat Masjidil Haram & Nabawi
✅ Makan 3x sehari
✅ Pembimbing ibadah profesional
✅ Transportasi full AC

Belum termasuk: VISA, perlengkapan umroh, dan tiket kereta cepat Haramain 🚄

✈️ Jadwal keberangkatan TERDEKAT — seat terbatas!

🌙 Waktunya kamu wujudkan mimpi suci ke Tanah Haram 💖

💬 Klik link di bio sekarang dan amankan slot-mu!

✨ Umroh Anda, Dedikasi Kami.

#Umroh2025 #PromoUmroh #Umroh26Juta #AlfatihUmroh #UmrohMuda #SpiritualJourney #UmrohMurah #umrohbersama",false
post,photo,DQTUPeACS1Q,3752431938464984400,2025-10-27 12:59:27,posts/2025-10-27_12-59-27_[DQTUPeACS1Q].webp,,,13,0,,"Assalamu'alaikum wr wb,

sahabat..
Nikmati ketenangan beribadah tanpa batas waktu.
Atur jadwal sesuka hati — ingin berlama-lama di Raudhah, atau menikmati malam di depan Ka'bah, semua terserah kamu.

Dengan LA Umroh by Saudia Arabia Airlines, kami siapkan hotel, transportasi, dan perlengkapan.
Kamu tinggal fokus pada satu hal: menyempurnakan ibadahmu.

❌ Di luar tiket, dokumen pribadi, dan kelebihan bagasi.
📩 DM kami untuk panduan Umroh Mandiri yang tenang & nyaman.

#UmrohMandiri #LAUmroh #SaudiaAirlines #AlfatihTravel #UmrohNyaman #IbadahTanpaBatas",false
post,video,DQLwmb4EoBQ,3750304862220484688,2025-10-24 14:35:11,posts/2025-10-24_14-35-11_[DQLwmb4EoBQ].mp4,,,4,0,,"Madinah itu...
tenangnya beda, damainya nyata.

Sekali datang, kamu bakal ngerti kenapa semua orang rindu ke sini lagi.

🌙 Waktunya kamu yang berangkat.
✨ Umroh Anda, Dedikasi Kami.

#Madinah #Umroh2025 #AlfatihUmroh #TravelForTheSoul #umrohbersamakeluarga",false
post,video,DPvxekmCXzc,3742427420524379356,2025-10-13 17:43:57,posts/2025-10-13_17-43-57_[DPvxekmCXzc].mp4,,,7,0,,"✨ Bayangin deh...

Kota Madinah baru aja kehilangan sosok termulia — Rasulullah ﷺ.
Di tengah duka dan kebingungan umat, para sahabat berkumpul di Saqifah Bani Sa’idah.
Di situlah sejarah besar Islam dimulai...
Abu Bakar Ash-Shiddiq terpilih jadi khalifah pertama,
melanjutkan perjuangan Rasulullah ﷺ dengan keteguhan hati.

Dan yang keren?
Tempat itu masih ada sampai sekarang di Madinah.
Berdiri di sana rasanya kayak nyentuh langsung awal peradaban Islam. 💫

🕊️ Yuk, rasain atmosfer sejarah itu sendiri bareng kami.
Umroh Anda, dedikasi kami.

#UmrohMadinah #SaqifahBaniSaidah #JejakRasul #UmrohAndaDedikasiKami #AlfatihUmroh #SpiritualJourney #islamicstorytelling",false
post,photo,DPqkdgtiWgb,3740962798147561499,2025-10-11 17:12:19,posts/2025-10-11_17-12-19_[DPqkdgtiWgb].webp,,,9,0,,"✨ UMROH MUSIM LIBURAN ✨
🗓 17 - 25 Desember 2025 

🌙 Nikmati ibadah Umroh dengan akomodasi terbaik:
🏨 Makkah: Snood Ajyas (3⭐) – 350 Meter ke Masjidil Haram
🏨 Madinah: Arkan al Manar (3⭐) – 150 Meter ke Masjid Nabawi

💰 Harga Promo!

✅ Fasilitas Lengkap & Eksklusif
✅ Perlengkapan Umroh Lengkap 🎁
✅ Bimbingan ibadah oleh ustadz berpengalaman

❎ Belum termasuk Visa, perlengkapan, tiket kereta cepat

📌 DP segera ke:
Bank BSI cab. Depok
an. PT. ALFATIH DUNIA WISATA
Rek IDR : 7249-864-301

📲 Hubungi Admin ALFATIH untuk pendaftaran & info lengkap. 

☎ 08151642225

#umroh #umrohpromo #umrohmurah #umrohhemat #umrohliburan #umrohakhirtahun #islam #umrohjakarta #umrohkeluarga #umrohprivate #umrohmandiri",false
carousel,photo,DPV2kQXCQ3K,3735131451952795082,2025-10-03 16:06:28,posts/2025-10-03_16-06-28_[DPV2kQXCQ3K]_01.jpg,1,,7,0,,"🎉💥 KABAR GEMBIRA UNTUK SAHABAT ALFATIH 💥🎉

Yesss! Akhirnya yang ditunggu-tunggu RESMI DIKONFIRMASI 🥳✨
Program keberangkatan bulan DESEMBER 2025 sudah FIX!!

Siap-siap yaa, karena seat terbatas banget 😱🔥
Sahabat Alfatih harus jadi yang tercepat biar nggak kehabisan kursi impian menuju tanah suci 🤲✨

📅 Jadwal Keberangkatan:
⭐ 06 – 17 November 2025
⭐ 17 – 25 Desember 2025
⭐ 01 – 09 Januari 2026

✈️ Direct Flight by Garuda Indonesia / Saudia
💎 Harga mulai dari Rp 26.000.000 ajaa! 🥳

✅ Hotel nyaman di Makkah & Madinah (4 malam + 3 malam)
✅ Tiket pesawat PP Ekonomi
✅ Makan 3x sehari 🍽️
✅ Bus private full AC 🚍
✅ Ustadz pembimbing & tour guide profesional
✅ Full handling di Indonesia & Saudi
✅ Ziarah Makkah & Madinah 🕌
✅ Asuransi perjalanan
🎁 Bonus Air Zamzam 5L + 1 box Ayam Albaik 😋

❌ Belum termasuk: Visa Umroh, Perlengkapan Umroh, Dokumen Pribadi, & Tiket Kereta Cepat Haramain 🚅

👉 Buruan booking sekarang juga, Sahabat Alfatih! Jangan tunggu besok, karena hari ini bisa jadi penentuanmu ✈️❤️

📩 CONTACT PERSON
CS ALFATIH ‪‪+62 815-164-2225‬‬
————————————-
🏢 GRAND DEPOK CITY
Jl. Boulevard Grand Depok City Ruko Anggrek 1 blok C1/5 Depok, Jawa Barat 16412

Seat terbatas ya sobat! ✨

#UmrohAlfatih #SahabatAlfatih #UmrohDesember2025 #JadwalUmroh #UmrohHemat #UmrohBerkah #UmrohNyaman #UmrohResmi #UmrohBerizin #UmrohBersamaAlfatih #UmrohMurah #UmrohBerjamaah #UmrohKeluarga #UmrohPremium #UmrohAmanah #Umroh2025 #UmrohRamah #UmrohTerbaik #UmrohJakarta #UmrohBandung",false
carousel,photo,DPV2kQXCQ3K,3735131451952795082,2025-10-03 16:06:28,posts/2025-10-03_16-06-28_[DPV2kQXCQ3K]_02.jpg,2,,7,0,,"🎉💥 KABAR GEMBIRA UNTUK SAHABAT ALFATIH 💥🎉

Yesss! Akhirnya yang ditunggu-tunggu RESMI DIKONFIRMASI 🥳✨
Program keberangkatan bulan DESEMBER 2025 sudah FIX!!

Siap-siap yaa, karena seat terbatas banget 😱🔥
Sahabat Alfatih harus jadi yang tercepat biar nggak kehabisan kursi impian menuju tanah suci 🤲✨

📅 Jadwal Keberangkatan:
⭐ 06 – 17 November 2025
⭐ 17 – 25 Desember 2025
⭐ 01 – 09 Januari 2026

✈️ Direct Flight by Garuda Indonesia / Saudia
💎 Harga mulai dari Rp 26.000.000 ajaa! 🥳

✅ Hotel nyaman di Makkah & Madinah (4 malam + 3 malam)
✅ Tiket pesawat PP Ekonomi
✅ Makan 3x sehari 🍽️
✅ Bus private full AC 🚍
✅ Ustadz pembimbing & tour guide profesional
✅ Full handling di Indonesia & Saudi
✅ Ziarah Makkah & Madinah 🕌
✅ Asuransi perjalanan
🎁 Bonus Air Zamzam 5L + 1 box Ayam Albaik 😋

❌ Belum termasuk: Visa Umroh, Perlengkapan Umroh, Dokumen Pribadi, & Tiket Kereta Cepat Haramain 🚅

👉 Buruan booking sekarang juga, Sahabat Alfatih! Jangan tunggu besok, karena hari ini bisa jadi penentuanmu ✈️❤️

📩 CONTACT PERSON
CS ALFATIH ‪‪+62 815-164-2225‬‬
————————————-
🏢 GRAND DEPOK CITY
Jl. Boulevard Grand Depok City Ruko Anggrek 1 blok C1/5 Depok, Jawa Barat 16412

Seat terbatas ya sobat! ✨

#UmrohAlfatih #SahabatAlfatih #UmrohDesember2025 #JadwalUmroh #UmrohHemat #UmrohBerkah #UmrohNyaman #UmrohResmi #UmrohBerizin #UmrohBersamaAlfatih #UmrohMurah #UmrohBerjamaah #UmrohKeluarga #UmrohPremium #UmrohAmanah #Umroh2025 #UmrohRamah #UmrohTerbaik #UmrohJakarta #UmrohBandung",false
carousel,photo,DPV2kQXCQ3K,3735131451952795082,2025-10-03 16:06:28,posts/2025-10-03_16-06-28_[DPV2kQXCQ3K]_03.jpg,3,,7,0,,"🎉💥 KABAR GEMBIRA UNTUK SAHABAT ALFATIH 💥🎉

Yesss! Akhirnya yang ditunggu-tunggu RESMI DIKONFIRMASI 🥳✨
Program keberangkatan bulan DESEMBER 2025 sudah FIX!!

Siap-siap yaa, karena seat terbatas banget 😱🔥
Sahabat Alfatih harus jadi yang tercepat biar nggak kehabisan kursi impian menuju tanah suci 🤲✨

📅 Jadwal Keberangkatan:
⭐ 06 – 17 November 2025
⭐ 17 – 25 Desember 2025
⭐ 01 – 09 Januari 2026

✈️ Direct Flight by Garuda Indonesia / Saudia
💎 Harga mulai dari Rp 26.000.000 ajaa! 🥳

✅ Hotel nyaman di Makkah & Madinah (4 malam + 3 malam)
✅ Tiket pesawat PP Ekonomi
✅ Makan 3x sehari 🍽️
✅ Bus private full AC 🚍
✅ Ustadz pembimbing & tour guide profesional
✅ Full handling di Indonesia & Saudi
✅ Ziarah Makkah & Madinah 🕌
✅ Asuransi perjalanan
🎁 Bonus Air Zamzam 5L + 1 box Ayam Albaik 😋

❌ Belum termasuk: Visa Umroh, Perlengkapan Umroh, Dokumen Pribadi, & Tiket Kereta Cepat Haramain 🚅

👉 Buruan booking sekarang juga, Sahabat Alfatih! Jangan tunggu besok, karena hari ini bisa jadi penentuanmu ✈️❤️

📩 CONTACT PERSON
CS ALFATIH ‪‪+62 815-164-2225‬‬
————————————-
🏢 GRAND DEPOK CITY
Jl. Boulevard Grand Depok City Ruko Anggrek 1 blok C1/5 Depok, Jawa Barat 16412

Seat terbatas ya sobat! ✨

#UmrohAlfatih #SahabatAlfatih #UmrohDesember2025 #JadwalUmroh #UmrohHemat #UmrohBerkah #UmrohNyaman #UmrohResmi #UmrohBerizin #UmrohBersamaAlfatih #UmrohMurah #UmrohBerjamaah #UmrohKeluarga #UmrohPremium #UmrohAmanah #Umroh2025 #UmrohRamah #UmrohTerbaik #UmrohJakarta #UmrohBandung",false
carousel,photo,DPV2kQXCQ3K,3735131451952795082,2025-10-03 16:06:28,posts/2025-10-03_16-06-28_[DPV2kQXCQ3K]_04.jpg,4,,7,0,,"🎉💥 KABAR GEMBIRA UNTUK SAHABAT ALFATIH 💥🎉

Yesss! Akhirnya yang ditunggu-tunggu RESMI DIKONFIRMASI 🥳✨
Program keberangkatan bulan DESEMBER 2025 sudah FIX!!

Siap-siap yaa, karena seat terbatas banget 😱🔥
Sahabat Alfatih harus jadi yang tercepat biar nggak kehabisan kursi impian menuju tanah suci 🤲✨

📅 Jadwal Keberangkatan:
⭐ 06 – 17 November 2025
⭐ 17 – 25 Desember 2025
⭐ 01 – 09 Januari 2026

✈️ Direct Flight by Garuda Indonesia / Saudia
💎 Harga mulai dari Rp 26.000.000 ajaa! 🥳

✅ Hotel nyaman di Makkah & Madinah (4 malam + 3 malam)
✅ Tiket pesawat PP Ekonomi
✅ Makan 3x sehari 🍽️
✅ Bus private full AC 🚍
✅ Ustadz pembimbing & tour guide profesional
✅ Full handling di Indonesia & Saudi
✅ Ziarah Makkah & Madinah 🕌
✅ Asuransi perjalanan
🎁 Bonus Air Zamzam 5L + 1 box Ayam Albaik 😋

❌ Belum termasuk: Visa Umroh, Perlengkapan Umroh, Dokumen Pribadi, & Tiket Kereta Cepat Haramain 🚅

👉 Buruan booking sekarang juga, Sahabat Alfatih! Jangan tunggu besok, karena hari ini bisa jadi penentuanmu ✈️❤️

📩 CONTACT PERSON
CS ALFATIH ‪‪+62 815-164-2225‬‬
————————————-
🏢 GRAND DEPOK CITY
Jl. Boulevard Grand Depok City Ruko Anggrek 1 blok C1/5 Depok, Jawa Barat 16412

Seat terbatas ya sobat! ✨

#UmrohAlfatih #SahabatAlfatih #UmrohDesember2025 #JadwalUmroh #UmrohHemat #UmrohBerkah #UmrohNyaman #UmrohResmi #UmrohBerizin #UmrohBersamaAlfatih #UmrohMurah #UmrohBerjamaah #UmrohKeluarga #UmrohPremium #UmrohAmanah #Umroh2025 #UmrohRamah #UmrohTerbaik #UmrohJakarta #UmrohBandung",false
carousel,photo,DPV2kQXCQ3K,3735131451952795082,2025-10-03 16:06:28,posts/2025-10-03_16-06-28_[DPV2kQXCQ3K]_05.jpg,5,,7,0,,"🎉💥 KABAR GEMBIRA UNTUK SAHABAT ALFATIH 💥🎉

Yesss! Akhirnya yang ditunggu-tunggu RESMI DIKONFIRMASI 🥳✨
Program keberangkatan bulan DESEMBER 2025 sudah FIX!!

Siap-siap yaa, karena seat terbatas banget 😱🔥
Sahabat Alfatih harus jadi yang tercepat biar nggak kehabisan kursi impian menuju tanah suci 🤲✨

📅 Jadwal Keberangkatan:
⭐ 06 – 17 November 2025
⭐ 17 – 25 Desember 2025
⭐ 01 – 09 Januari 2026

✈️ Direct Flight by Garuda Indonesia / Saudia
💎 Harga mulai dari Rp 26.000.000 ajaa! 🥳

✅ Hotel nyaman di Makkah & Madinah (4 malam + 3 malam)
✅ Tiket pesawat PP Ekonomi
✅ Makan 3x sehari 🍽️
✅ Bus private full AC 🚍
✅ Ustadz pembimbing & tour guide profesional
✅ Full handling di Indonesia & Saudi
✅ Ziarah Makkah & Madinah 🕌
✅ Asuransi perjalanan
🎁 Bonus Air Zamzam 5L + 1 box Ayam Albaik 😋

❌ Belum termasuk: Visa Umroh, Perlengkapan Umroh, Dokumen Pribadi, & Tiket Kereta Cepat Haramain 🚅

👉 Buruan booking sekarang juga, Sahabat Alfatih! Jangan tunggu besok, karena hari ini bisa jadi penentuanmu ✈️❤️

📩 CONTACT PERSON
CS ALFATIH ‪‪+62 815-164-2225‬‬
————————————-
🏢 GRAND DEPOK CITY
Jl. Boulevard Grand Depok City Ruko Anggrek 1 blok C1/5 Depok, Jawa Barat 16412

Seat terbatas ya sobat! ✨

#UmrohAlfatih #SahabatAlfatih #UmrohDesember2025 #JadwalUmroh #UmrohHemat #UmrohBerkah #UmrohNyaman #UmrohResmi #UmrohBerizin #UmrohBersamaAlfatih #UmrohMurah #UmrohBerjamaah #UmrohKeluarga #UmrohPremium #UmrohAmanah #Umroh2025 #UmrohRamah #UmrohTerbaik #UmrohJakarta #UmrohBandung",false
carousel,photo,DPV2kQXCQ3K,3735131451952795082,2025-10-03 16:06:28,posts/2025-10-03_16-06-28_[DPV2kQXCQ3K]_06.jpg,6,,7,0,,"🎉💥 KABAR GEMBIRA UNTUK SAHABAT ALFATIH 💥🎉

Yesss! Akhirnya yang ditunggu-tunggu RESMI DIKONFIRMASI 🥳✨
Program keberangkatan bulan DESEMBER 2025 sudah FIX!!

Siap-siap yaa, karena seat terbatas banget 😱🔥
Sahabat Alfatih harus jadi yang tercepat biar nggak kehabisan kursi impian menuju tanah suci 🤲✨

📅 Jadwal Keberangkatan:
⭐ 06 – 17 November 2025
⭐ 17 – 25 Desember 2025
⭐ 01 – 09 Januari 2026

✈️ Direct Flight by Garuda Indonesia / Saudia
💎 Harga mulai dari Rp 26.000.000 ajaa! 🥳

✅ Hotel nyaman di Makkah & Madinah (4 malam + 3 malam)
✅ Tiket pesawat PP Ekonomi
✅ Makan 3x sehari 🍽️
✅ Bus private full AC 🚍
✅ Ustadz pembimbing & tour guide profesional
✅ Full handling di Indonesia & Saudi
✅ Ziarah Makkah & Madinah 🕌
✅ Asuransi perjalanan
🎁 Bonus Air Zamzam 5L + 1 box Ayam Albaik 😋

❌ Belum termasuk: Visa Umroh, Perlengkapan Umroh, Dokumen Pribadi, & Tiket Kereta Cepat Haramain 🚅

👉 Buruan booking sekarang juga, Sahabat Alfatih! Jangan tunggu besok, karena hari ini bisa jadi penentuanmu ✈️❤️

📩 CONTACT PERSON
CS ALFATIH ‪‪+62 815-164-2225‬‬
————————————-
🏢 GRAND DEPOK CITY
Jl. Boulevard Grand Depok City Ruko Anggrek 1 blok C1/5 Depok, Jawa Barat 16412

Seat terbatas ya sobat! ✨

#UmrohAlfatih #SahabatAlfatih #UmrohDesember2025 #JadwalUmroh #UmrohHemat #UmrohBerkah #UmrohNyaman #UmrohResmi #UmrohBerizin #UmrohBersamaAlfatih #UmrohMurah #UmrohBerjamaah #UmrohKeluarga #UmrohPremium #UmrohAmanah #Umroh2025 #UmrohRamah #UmrohTerbaik #UmrohJakarta #UmrohBandung",false
post,photo,DPONM_GCS3Q,3732979208122084816,2025-09-30 16:50:21,posts/2025-09-30_16-50-21_[DPONM_GCS3Q].jpg,,,4,0,,"Sudah siap umroh bulan Ramadhan?😍
I'tikaf di masjidil Haram dengan pahala 100rb kali lipat, hingga menunggu waktu shalat dzuhur dari Dhuha 😇

#Umroh #UmrohMurah #PaketUmroh #UmrohRamadhan #Umroh2026 #UmrohBersama #UmrohPromo #UmrohTerbaik #UmrohPlus #UmrohBulanRamadhan #UmrohBareng #UmrohHemat #UmrohBersamaKeluarga #UmrohBerjamaah #UmrohNyaman #UmrohBerizin #UmrohBerkah #UmrohIstimewa #UmrohAlfatih #umrohramadhan2026",false
post,photo,DPLZz5wCeYv,3732190234071918127,2025-09-29 14:42:48,posts/2025-09-29_14-42-48_[DPLZz5wCeYv].jpg,,,6,0,,"✨ Assalamu’alaikum Sahabat Alfatih 🤲
Siapkah Anda merangkai perjalanan ibadah sekaligus sejarah peradaban dunia? 🌍

🌟 Umroh Plus Mesir 10 Hari
Tidak hanya beribadah di Tanah Suci 🕋, Anda juga akan menyaksikan megahnya Piramid & Sphinx 🏜️, serta berziarah ke makam Imam Syafi’i rahimahullah 📿 di Kairo.

📌 Highlight Perjalanan:
✅ Ibadah Umroh di Makkah & Madinah ✨
✅ Ziarah makam Imam Syafi’i 📖
✅ Menyaksikan keajaiban Piramid & Sphinx 🏛️
✅ Menyusuri sejarah peradaban Islam & Mesir Kuno

📅 Jadwal keberangkatan: 11 November 2025
💰 Harga spesial: Rp 27,500,000

🎁 Kuota terbatas, pastikan Anda dan keluarga terdaftar segera!

👉 Info & Pendaftaran: 0815-164-2225

📍 PT ALFATIH DUNIA WISATA
Grand Depok City, Depok – Jawa Barat

#UmrohPlusMesir #Umroh10Hari #UmrohBersamaAlfatih #Umroh2025 #TravelUmroh",false
carousel,photo,DPJod0niftp,3731691737476365161,2025-09-28 22:12:22,posts/2025-09-28_22-12-22_[DPJod0niftp]_01.jpg,1,,12,1,,"Assalamu’alaikum Sahabat Alfatih 🤲 Yuk, niatkan Umroh bersama orang tercinta di musim sejuk ini 🕋❄️. Tinggal 8 seat terakhir!

🌟 Umroh 12 Hari – Jum’ata’in
📅 6–17 Nov 2025 | 💰 Rp 26 Juta (excl. visa, perlengkapan & tiket kereta cepat)

✅ Garuda Langsung Jeddah
✅ Hotel Dekat Haram & Nabawi (350meter)
✅ Fullboard 3x sehari + City Tour Thaif

📍 PT ALFATIH DUNIA WISATA – Grand Depok City",false
carousel,photo,DPJod0niftp,3731691737476365161,2025-09-28 22:12:22,posts/2025-09-28_22-12-22_[DPJod0niftp]_02.jpg,2,,12,1,,"Assalamu’alaikum Sahabat Alfatih 🤲 Yuk, niatkan Umroh bersama orang tercinta di musim sejuk ini 🕋❄️. Tinggal 8 seat terakhir!

🌟 Umroh 12 Hari – Jum’ata’in
📅 6–17 Nov 2025 | 💰 Rp 26 Juta (excl. visa, perlengkapan & tiket kereta cepat)

✅ Garuda Langsung Jeddah
✅ Hotel Dekat Haram & Nabawi (350meter)
✅ Fullboard 3x sehari + City Tour Thaif

📍 PT ALFATIH DUNIA WISATA – Grand Depok City",false
carousel,photo,DPJod0niftp,3731691737476365161,2025-09-28 22:12:22,posts/2025-09-28_22-12-22_[DPJod0niftp]_03.jpg,3,,12,1,,"Assalamu’alaikum Sahabat Alfatih 🤲 Yuk, niatkan Umroh bersama orang tercinta di musim sejuk ini 🕋❄️. Tinggal 8 seat terakhir!

🌟 Umroh 12 Hari – Jum’ata’in
📅 6–17 Nov 2025 | 💰 Rp 26 Juta (excl. visa, perlengkapan & tiket kereta cepat)

✅ Garuda Langsung Jeddah
✅ Hotel Dekat Haram & Nabawi (350meter)
✅ Fullboard 3x sehari + City Tour Thaif

📍 PT ALFATIH DUNIA WISATA – Grand Depok City",false
carousel,photo,DPJod0niftp,3731691737476365161,2025-09-28 22:12:22,posts/2025-09-28_22-12-22_[DPJod0niftp]_04.jpg,4,,12,1,,"Assalamu’alaikum Sahabat Alfatih 🤲 Yuk, niatkan Umroh bersama orang tercinta di musim sejuk ini 🕋❄️. Tinggal 8 seat terakhir!

🌟 Umroh 12 Hari – Jum’ata’in
📅 6–17 Nov 2025 | 💰 Rp 26 Juta (excl. visa, perlengkapan & tiket kereta cepat)

✅ Garuda Langsung Jeddah
✅ Hotel Dekat Haram & Nabawi (350meter)
✅ Fullboard 3x sehari + City Tour Thaif

📍 PT ALFATIH DUNIA WISATA – Grand Depok City",false
carousel,photo,DPJod0niftp,3731691737476365161,2025-09-28 22:12:22,posts/2025-09-28_22-12-22_[DPJod0niftp]_05.jpg,5,,12,1,,"Assalamu’alaikum Sahabat Alfatih 🤲 Yuk, niatkan Umroh bersama orang tercinta di musim sejuk ini 🕋❄️. Tinggal 8 seat terakhir!

🌟 Umroh 12 Hari – Jum’ata’in
📅 6–17 Nov 2025 | 💰 Rp 26 Juta (excl. visa, perlengkapan & tiket kereta cepat)

✅ Garuda Langsung Jeddah
✅ Hotel Dekat Haram & Nabawi (350meter)
✅ Fullboard 3x sehari + City Tour Thaif

📍 PT ALFATIH DUNIA WISATA – Grand Depok City",false
carousel,photo,DPJod0niftp,3731691737476365161,2025-09-28 22:12:22,posts/2025-09-28_22-12-22_[DPJod0niftp]_06.jpg,6,,12,1,,"Assalamu’alaikum Sahabat Alfatih 🤲 Yuk, niatkan Umroh bersama orang tercinta di musim sejuk ini 🕋❄️. Tinggal 8 seat terakhir!

🌟 Umroh 12 Hari – Jum’ata’in
📅 6–17 Nov 2025 | 💰 Rp 26 Juta (excl. visa, perlengkapan & tiket kereta cepat)

✅ Garuda Langsung Jeddah
✅ Hotel Dekat Haram & Nabawi (350meter)
✅ Fullboard 3x sehari + City Tour Thaif

📍 PT ALFATIH DUNIA WISATA – Grand Depok City",false
carousel,photo,DPJod0niftp,3731691737476365161,2025-09-28 22:12:22,posts/2025-09-28_22-12-22_[DPJod0niftp]_07.jpg,7,,12,1,,"Assalamu’alaikum Sahabat Alfatih 🤲 Yuk, niatkan Umroh bersama orang tercinta di musim sejuk ini 🕋❄️. Tinggal 8 seat terakhir!

🌟 Umroh 12 Hari – Jum’ata’in
📅 6–17 Nov 2025 | 💰 Rp 26 Juta (excl. visa, perlengkapan & tiket kereta cepat)

✅ Garuda Langsung Jeddah
✅ Hotel Dekat Haram & Nabawi (350meter)
✅ Fullboard 3x sehari + City Tour Thaif

📍 PT ALFATIH DUNIA WISATA – Grand Depok City",false
carousel,photo,DPJod0niftp,3731691737476365161,2025-09-28 22:12:22,posts/2025-09-28_22-12-22_[DPJod0niftp]_08.jpg,8,,12,1,,"Assalamu’alaikum Sahabat Alfatih 🤲 Yuk, niatkan Umroh bersama orang tercinta di musim sejuk ini 🕋❄️. Tinggal 8 seat terakhir!

🌟 Umroh 12 Hari – Jum’ata’in
📅 6–17 Nov 2025 | 💰 Rp 26 Juta (excl. visa, perlengkapan & tiket kereta cepat)

✅ Garuda Langsung Jeddah
✅ Hotel Dekat Haram & Nabawi (350meter)
✅ Fullboard 3x sehari + City Tour Thaif

📍 PT ALFATIH DUNIA WISATA – Grand Depok City",false
carousel,photo,DO_BaQpCTmk,3728705219107305892,2025-09-24 19:18:41,posts/2025-09-24_19-18-41_[DO_BaQpCTmk]_01.jpg,1,,5,0,,"✨ UMROH MUSIM LIBURAN TANPA BIAYA TAMBAHAN ✨
🗓 17 - 25 Desember 2025 

🌙 Nikmati ibadah Umroh dengan akomodasi terbaik:
🏨 Makkah: Maather al Eiman (3⭐) – 350 Meter ke Masjidil Haram
🏨 Madinah: Arkan al Manar (3⭐) – 150 Meter ke Masjid Nabawi

💰 Harga Quad: Rp 31.500.000
🔥 15 Pendaftar Pertama dapat DISKON Rp 1.000.000!

✅ Fasilitas Lengkap & Eksklusif
✅ Bonus Tiket Kereta Cepat Haramain Express 🚄
✅ Perlengkapan Umroh Lengkap 🎁
✅ Bimbingan ibadah oleh ustadz berpengalaman

📌 DP segera ke:
Bank BSI cab. Depok
an. PT. ALFATIH DUNIA WISATA
Rek IDR : 7249-864-301

📲 Hubungi Admin ALFATIH untuk pendaftaran & info lengkap.
08151642225",false
carousel,photo,DO_BaQpCTmk,3728705219107305892,2025-09-24 19:18:41,posts/2025-09-24_19-18-41_[DO_BaQpCTmk]_02.jpg,2,,5,0,,"✨ UMROH MUSIM LIBURAN TANPA BIAYA TAMBAHAN ✨
🗓 17 - 25 Desember 2025 

🌙 Nikmati ibadah Umroh dengan akomodasi terbaik:
🏨 Makkah: Maather al Eiman (3⭐) – 350 Meter ke Masjidil Haram
🏨 Madinah: Arkan al Manar (3⭐) – 150 Meter ke Masjid Nabawi

💰 Harga Quad: Rp 31.500.000
🔥 15 Pendaftar Pertama dapat DISKON Rp 1.000.000!

✅ Fasilitas Lengkap & Eksklusif
✅ Bonus Tiket Kereta Cepat Haramain Express 🚄
✅ Perlengkapan Umroh Lengkap 🎁
✅ Bimbingan ibadah oleh ustadz berpengalaman

📌 DP segera ke:
Bank BSI cab. Depok
an. PT. ALFATIH DUNIA WISATA
Rek IDR : 7249-864-301

📲 Hubungi Admin ALFATIH untuk pendaftaran & info lengkap.
08151642225",false
carousel,photo,DO_BaQpCTmk,3728705219107305892,2025-09-24 19:18:41,posts/2025-09-24_19-18-41_[DO_BaQpCTmk]_03.jpg,3,,5,0,,"✨ UMROH MUSIM LIBURAN TANPA BIAYA TAMBAHAN ✨
🗓 17 - 25 Desember 2025 

🌙 Nikmati ibadah Umroh dengan akomodasi terbaik:
🏨 Makkah: Maather al Eiman (3⭐) – 350 Meter ke Masjidil Haram
🏨 Madinah: Arkan al Manar (3⭐) – 150 Meter ke Masjid Nabawi

💰 Harga Quad: Rp 31.500.000
🔥 15 Pendaftar Pertama dapat DISKON Rp 1.000.000!

✅ Fasilitas Lengkap & Eksklusif
✅ Bonus Tiket Kereta Cepat Haramain Express 🚄
✅ Perlengkapan Umroh Lengkap 🎁
✅ Bimbingan ibadah oleh ustadz berpengalaman

📌 DP segera ke:
Bank BSI cab. Depok
an. PT. ALFATIH DUNIA WISATA
Rek IDR : 7249-864-301

📲 Hubungi Admin ALFATIH untuk pendaftaran & info lengkap.
08151642225",false
carousel,photo,DO_BaQpCTmk,3728705219107305892,2025-09-24 19:18:41,posts/2025-09-24_19-18-41_[DO_BaQpCTmk]_04.jpg,4,,5,0,,"✨ UMROH MUSIM LIBURAN TANPA BIAYA TAMBAHAN ✨
🗓 17 - 25 Desember 2025 

🌙 Nikmati ibadah Umroh dengan akomodasi terbaik:
🏨 Makkah: Maather al Eiman (3⭐) – 350 Meter ke Masjidil Haram
🏨 Madinah: Arkan al Manar (3⭐) – 150 Meter ke Masjid Nabawi

💰 Harga Quad: Rp 31.500.000
🔥 15 Pendaftar Pertama dapat DISKON Rp 1.000.000!

✅ Fasilitas Lengkap & Eksklusif
✅ Bonus Tiket Kereta Cepat Haramain Express 🚄
✅ Perlengkapan Umroh Lengkap 🎁
✅ Bimbingan ibadah oleh ustadz berpengalaman

📌 DP segera ke:
Bank BSI cab. Depok
an. PT. ALFATIH DUNIA WISATA
Rek IDR : 7249-864-301

📲 Hubungi Admin ALFATIH untuk pendaftaran & info lengkap.
08151642225",false
carousel,photo,DO_BaQpCTmk,3728705219107305892,2025-09-24 19:18:41,posts/2025-09-24_19-18-41_[DO_BaQpCTmk]_05.jpg,5,,5,0,,"✨ UMROH MUSIM LIBURAN TANPA BIAYA TAMBAHAN ✨
🗓 17 - 25 Desember 2025 

🌙 Nikmati ibadah Umroh dengan akomodasi terbaik:
🏨 Makkah: Maather al Eiman (3⭐) – 350 Meter ke Masjidil Haram
🏨 Madinah: Arkan al Manar (3⭐) – 150 Meter ke Masjid Nabawi

💰 Harga Quad: Rp 31.500.000
🔥 15 Pendaftar Pertama dapat DISKON Rp 1.000.000!

✅ Fasilitas Lengkap & Eksklusif
✅ Bonus Tiket Kereta Cepat Haramain Express 🚄
✅ Perlengkapan Umroh Lengkap 🎁
✅ Bimbingan ibadah oleh ustadz berpengalaman

📌 DP segera ke:
Bank BSI cab. Depok
an. PT. ALFATIH DUNIA WISATA
Rek IDR : 7249-864-301

📲 Hubungi Admin ALFATIH untuk pendaftaran & info lengkap.
08151642225",false
carousel,photo,DO_BaQpCTmk,3728705219107305892,2025-09-24 19:18:41,posts/2025-09-24_19-18-41_[DO_BaQpCTmk]_06.jpg,6,,5,0,,"✨ UMROH MUSIM LIBURAN TANPA BIAYA TAMBAHAN ✨
🗓 17 - 25 Desember 2025 

🌙 Nikmati ibadah Umroh dengan akomodasi terbaik:
🏨 Makkah: Maather al Eiman (3⭐) – 350 Meter ke Masjidil Haram
🏨 Madinah: Arkan al Manar (3⭐) – 150 Meter ke Masjid Nabawi

💰 Harga Quad: Rp 31.500.000
🔥 15 Pendaftar Pertama dapat DISKON Rp 1.000.000!

✅ Fasilitas Lengkap & Eksklusif
✅ Bonus Tiket Kereta Cepat Haramain Express 🚄
✅ Perlengkapan Umroh Lengkap 🎁
✅ Bimbingan ibadah oleh ustadz berpengalaman

📌 DP segera ke:
Bank BSI cab. Depok
an. PT. ALFATIH DUNIA WISATA
Rek IDR : 7249-864-301

📲 Hubungi Admin ALFATIH untuk pendaftaran & info lengkap.
08151642225",false
carousel,photo,DO_BaQpCTmk,3728705219107305892,2025-09-24 19:18:41,posts/2025-09-24_19-18-41_[DO_BaQpCTmk]_07.jpg,7,,5,0,,"✨ UMROH MUSIM LIBURAN TANPA BIAYA TAMBAHAN ✨
🗓 17 - 25 Desember 2025 

🌙 Nikmati ibadah Umroh dengan akomodasi terbaik:
🏨 Makkah: Maather al Eiman (3⭐) – 350 Meter ke Masjidil Haram
🏨 Madinah: Arkan al Manar (3⭐) – 150 Meter ke Masjid Nabawi

💰 Harga Quad: Rp 31.500.000
🔥 15 Pendaftar Pertama dapat DISKON Rp 1.000.000!

✅ Fasilitas Lengkap & Eksklusif
✅ Bonus Tiket Kereta Cepat Haramain Express 🚄
✅ Perlengkapan Umroh Lengkap 🎁
✅ Bimbingan ibadah oleh ustadz berpengalaman

📌 DP segera ke:
Bank BSI cab. Depok
an. PT. ALFATIH DUNIA WISATA
Rek IDR : 7249-864-301

📲 Hubungi Admin ALFATIH untuk pendaftaran & info lengkap.
08151642225",false
carousel,photo,DO_BaQpCTmk,3728705219107305892,2025-09-24 19:18:41,posts/2025-09-24_19-18-41_[DO_BaQpCTmk]_08.jpg,8,,5,0,,"✨ UMROH MUSIM LIBURAN TANPA BIAYA TAMBAHAN ✨
🗓 17 - 25 Desember 2025 

🌙 Nikmati ibadah Umroh dengan akomodasi terbaik:
🏨 Makkah: Maather al Eiman (3⭐) – 350 Meter ke Masjidil Haram
🏨 Madinah: Arkan al Manar (3⭐) – 150 Meter ke Masjid Nabawi

💰 Harga Quad: Rp 31.500.000
🔥 15 Pendaftar Pertama dapat DISKON Rp 1.000.000!

✅ Fasilitas Lengkap & Eksklusif
✅ Bonus Tiket Kereta Cepat Haramain Express 🚄
✅ Perlengkapan Umroh Lengkap 🎁
✅ Bimbingan ibadah oleh ustadz berpengalaman

📌 DP segera ke:
Bank BSI cab. Depok
an. PT. ALFATIH DUNIA WISATA
Rek IDR : 7249-864-301

📲 Hubungi Admin ALFATIH untuk pendaftaran & info lengkap.
08151642225",false
carousel,photo,DO_BaQpCTmk,3728705219107305892,2025-09-24 19:18:41,posts/2025-09-24_19-18-41_[DO_BaQpCTmk]_09.jpg,9,,5,0,,"✨ UMROH MUSIM LIBURAN TANPA BIAYA TAMBAHAN ✨
🗓 17 - 25 Desember 2025 

🌙 Nikmati ibadah Umroh dengan akomodasi terbaik:
🏨 Makkah: Maather al Eiman (3⭐) – 350 Meter ke Masjidil Haram
🏨 Madinah: Arkan al Manar (3⭐) – 150 Meter ke Masjid Nabawi

💰 Harga Quad: Rp 31.500.000
🔥 15 Pendaftar Pertama dapat DISKON Rp 1.000.000!

✅ Fasilitas Lengkap & Eksklusif
✅ Bonus Tiket Kereta Cepat Haramain Express 🚄
✅ Perlengkapan Umroh Lengkap 🎁
✅ Bimbingan ibadah oleh ustadz berpengalaman

📌 DP segera ke:
Bank BSI cab. Depok
an. PT. ALFATIH DUNIA WISATA
Rek IDR : 7249-864-301

📲 Hubungi Admin ALFATIH untuk pendaftaran & info lengkap.
08151642225",false
carousel,photo,DO-zX8biZ5T,3728643487315893843,2025-09-24 17:16:02,posts/2025-09-24_17-16-02_[DO-zX8biZ5T]_01.jpg,1,,74,0,,"Assalamu’alaikum sobat Alfatih! 🌙✨

❄️ Siapa yang mau berangkat Umroh Musim Sejuk bareng kami?
Alhamdulillah… paket spesial 12 Hari siap menemani ibadah penuh berkah di Tanah Suci! 🤲

📅 6 – 17 November 2025
✈️ Direct Flight by Garuda Indonesia
💎 Harga mulai dari Rp 26.000.000 ajaa! 🥳

✅ Hotel nyaman di Makkah & Madinah (5 malam + 5 malam)
✅ Tiket pesawat PP Garuda
✅ Makan 3x sehari 🍽️
✅ Bus private full AC 🚍
✅ Ustadz pembimbing & tour guide profesional
✅ Full handling di Indonesia & Saudi
✅ Ziarah Makkah & Madinah 🕌
✅ Asuransi perjalanan
🎁 Bonus Air Zamzam 5L + 1 box Ayam Albaik 😋

❌ Belum termasuk: Visa Umroh, Perlengkapan Umroh, Dokumen Pribadi, & Tiket Kereta Cepat Haramain 🚅

💫 Yuk, jangan tunda lagi! Kesempatan langka untuk rasakan ibadah di musim sejuk dengan harga hemat & fasilitas lengkap!

📩 DM kami sekarang untuk info & pendaftaran.
Seat terbatas ya sobat! ✨

#Umroh2025 #UmrohMusimSejuk #PromoUmroh #AlfatihWisata #umrohmurah",false
carousel,photo,DO-zX8biZ5T,3728643487315893843,2025-09-24 17:16:02,posts/2025-09-24_17-16-02_[DO-zX8biZ5T]_02.jpg,2,,74,0,,"Assalamu’alaikum sobat Alfatih! 🌙✨

❄️ Siapa yang mau berangkat Umroh Musim Sejuk bareng kami?
Alhamdulillah… paket spesial 12 Hari siap menemani ibadah penuh berkah di Tanah Suci! 🤲

📅 6 – 17 November 2025
✈️ Direct Flight by Garuda Indonesia
💎 Harga mulai dari Rp 26.000.000 ajaa! 🥳

✅ Hotel nyaman di Makkah & Madinah (5 malam + 5 malam)
✅ Tiket pesawat PP Garuda
✅ Makan 3x sehari 🍽️
✅ Bus private full AC 🚍
✅ Ustadz pembimbing & tour guide profesional
✅ Full handling di Indonesia & Saudi
✅ Ziarah Makkah & Madinah 🕌
✅ Asuransi perjalanan
🎁 Bonus Air Zamzam 5L + 1 box Ayam Albaik 😋

❌ Belum termasuk: Visa Umroh, Perlengkapan Umroh, Dokumen Pribadi, & Tiket Kereta Cepat Haramain 🚅

💫 Yuk, jangan tunda lagi! Kesempatan langka untuk rasakan ibadah di musim sejuk dengan harga hemat & fasilitas lengkap!

📩 DM kami sekarang untuk info & pendaftaran.
Seat terbatas ya sobat! ✨

#Umroh2025 #UmrohMusimSejuk #PromoUmroh #AlfatihWisata #umrohmurah",false
carousel,photo,DO-zX8biZ5T,3728643487315893843,2025-09-24 17:16:02,posts/2025-09-24_17-16-02_[DO-zX8biZ5T]_03.jpg,3,,74,0,,"Assalamu’alaikum sobat Alfatih! 🌙✨

❄️ Siapa yang mau berangkat Umroh Musim Sejuk bareng kami?
Alhamdulillah… paket spesial 12 Hari siap menemani ibadah penuh berkah di Tanah Suci! 🤲

📅 6 – 17 November 2025
✈️ Direct Flight by Garuda Indonesia
💎 Harga mulai dari Rp 26.000.000 ajaa! 🥳

✅ Hotel nyaman di Makkah & Madinah (5 malam + 5 malam)
✅ Tiket pesawat PP Garuda
✅ Makan 3x sehari 🍽️
✅ Bus private full AC 🚍
✅ Ustadz pembimbing & tour guide profesional
✅ Full handling di Indonesia & Saudi
✅ Ziarah Makkah & Madinah 🕌
✅ Asuransi perjalanan
🎁 Bonus Air Zamzam 5L + 1 box Ayam Albaik 😋

❌ Belum termasuk: Visa Umroh, Perlengkapan Umroh, Dokumen Pribadi, & Tiket Kereta Cepat Haramain 🚅

💫 Yuk, jangan tunda lagi! Kesempatan langka untuk rasakan ibadah di musim sejuk dengan harga hemat & fasilitas lengkap!

📩 DM kami sekarang untuk info & pendaftaran.
Seat terbatas ya sobat! ✨

#Umroh2025 #UmrohMusimSejuk #PromoUmroh #AlfatihWisata #umrohmurah",false
carousel,photo,DO-zX8biZ5T,3728643487315893843,2025-09-24 17:16:02,posts/2025-09-24_17-16-02_[DO-zX8biZ5T]_04.jpg,4,,74,0,,"Assalamu’alaikum sobat Alfatih! 🌙✨

❄️ Siapa yang mau berangkat Umroh Musim Sejuk bareng kami?
Alhamdulillah… paket spesial 12 Hari siap menemani ibadah penuh berkah di Tanah Suci! 🤲

📅 6 – 17 November 2025
✈️ Direct Flight by Garuda Indonesia
💎 Harga mulai dari Rp 26.000.000 ajaa! 🥳

✅ Hotel nyaman di Makkah & Madinah (5 malam + 5 malam)
✅ Tiket pesawat PP Garuda
✅ Makan 3x sehari 🍽️
✅ Bus private full AC 🚍
✅ Ustadz pembimbing & tour guide profesional
✅ Full handling di Indonesia & Saudi
✅ Ziarah Makkah & Madinah 🕌
✅ Asuransi perjalanan
🎁 Bonus Air Zamzam 5L + 1 box Ayam Albaik 😋

❌ Belum termasuk: Visa Umroh, Perlengkapan Umroh, Dokumen Pribadi, & Tiket Kereta Cepat Haramain 🚅

💫 Yuk, jangan tunda lagi! Kesempatan langka untuk rasakan ibadah di musim sejuk dengan harga hemat & fasilitas lengkap!

📩 DM kami sekarang untuk info & pendaftaran.
Seat terbatas ya sobat! ✨

#Umroh2025 #UmrohMusimSejuk #PromoUmroh #AlfatihWisata #umrohmurah",false
carousel,photo,DO-zX8biZ5T,3728643487315893843,2025-09-24 17:16:02,posts/2025-09-24_17-16-02_[DO-zX8biZ5T]_05.jpg,5,,74,0,,"Assalamu’alaikum sobat Alfatih! 🌙✨

❄️ Siapa yang mau berangkat Umroh Musim Sejuk bareng kami?
Alhamdulillah… paket spesial 12 Hari siap menemani ibadah penuh berkah di Tanah Suci! 🤲

📅 6 – 17 November 2025
✈️ Direct Flight by Garuda Indonesia
💎 Harga mulai dari Rp 26.000.000 ajaa! 🥳

✅ Hotel nyaman di Makkah & Madinah (5 malam + 5 malam)
✅ Tiket pesawat PP Garuda
✅ Makan 3x sehari 🍽️
✅ Bus private full AC 🚍
✅ Ustadz pembimbing & tour guide profesional
✅ Full handling di Indonesia & Saudi
✅ Ziarah Makkah & Madinah 🕌
✅ Asuransi perjalanan
🎁 Bonus Air Zamzam 5L + 1 box Ayam Albaik 😋

❌ Belum termasuk: Visa Umroh, Perlengkapan Umroh, Dokumen Pribadi, & Tiket Kereta Cepat Haramain 🚅

💫 Yuk, jangan tunda lagi! Kesempatan langka untuk rasakan ibadah di musim sejuk dengan harga hemat & fasilitas lengkap!

📩 DM kami sekarang untuk info & pendaftaran.
Seat terbatas ya sobat! ✨

#Umroh2025 #UmrohMusimSejuk #PromoUmroh #AlfatihWisata #umrohmurah",false
carousel,photo,DO-zX8biZ5T,3728643487315893843,2025-09-24 17:16:02,posts/2025-09-24_17-16-02_[DO-zX8biZ5T]_06.jpg,6,,74,0,,"Assalamu’alaikum sobat Alfatih! 🌙✨

❄️ Siapa yang mau berangkat Umroh Musim Sejuk bareng kami?
Alhamdulillah… paket spesial 12 Hari siap menemani ibadah penuh berkah di Tanah Suci! 🤲

📅 6 – 17 November 2025
✈️ Direct Flight by Garuda Indonesia
💎 Harga mulai dari Rp 26.000.000 ajaa! 🥳

✅ Hotel nyaman di Makkah & Madinah (5 malam + 5 malam)
✅ Tiket pesawat PP Garuda
✅ Makan 3x sehari 🍽️
✅ Bus private full AC 🚍
✅ Ustadz pembimbing & tour guide profesional
✅ Full handling di Indonesia & Saudi
✅ Ziarah Makkah & Madinah 🕌
✅ Asuransi perjalanan
🎁 Bonus Air Zamzam 5L + 1 box Ayam Albaik 😋

❌ Belum termasuk: Visa Umroh, Perlengkapan Umroh, Dokumen Pribadi, & Tiket Kereta Cepat Haramain 🚅

💫 Yuk, jangan tunda lagi! Kesempatan langka untuk rasakan ibadah di musim sejuk dengan harga hemat & fasilitas lengkap!

📩 DM kami sekarang untuk info & pendaftaran.
Seat terbatas ya sobat! ✨

#Umroh2025 #UmrohMusimSejuk #PromoUmroh #AlfatihWisata #umrohmurah",false
post,photo,DOzq5n3iPvd,3725509994536827869,2025-09-20 09:30:21,posts/2025-09-20_09-30-21_[DOzq5n3iPvd].jpg,,,281,2,,"❄🕋 PAKET UMROH PRESTIGE AKHIR TAHUN✨

17-25 DESEMBER 2025 ALL IN

✈ Penerbangan Langsung Garuda Indonesia (Jakarta – Jeddah)
Tanpa transit, lebih cepat & nyaman 🕌

🏨 Hotel 3🌟 Nyaman dekat Masjid:
🕋 Maather al Eiman atau Snood Ajyad / Strf
🌙 Arkan al Manar atau ODSR / Strf
(atau setaraf dekat Masjid)

✅ Fasilitas Termasuk:
✔ ✈ Tiket PP Garuda Indonesia langsung
✔ 📄 Visa Umroh & 🛡 SISKOPATUH resmi
✔ 🎒 Perlengkapan Umroh lengkap
✔ 💧 Air Zamzam 5 liter untuk dibawa pulang
✔ 🕌 Shalat Jumat 2x (Makkah & Madinah)
✔ 🚄 Tiket Kereta Cepat Haramain Express
✔ 🍗 Bonus Ayam Albaik saat kepulangan
✔ 🌄 Ziarah ke Thaif
✔ 👤 Full Handling di Indonesia & Arab Saudi
✔ 🕌 Muthawwif & Tour Guide Berpengalaman
✅ Paket ALL INN (Visa, Tiket, Hotel, Makan, Transportasi, Pembimbing)

💰 Harga Promo: Rp 31,5 Juta All In (Sekamar ber-4)
👉 Harga Spesial Rp 33 Juta All In (Sekamar ber-3)
👉 Harga Spesial Rp 35 Juta All In (Sekamar ber-2)

📞 Contact Person: 📲 Admin – 08151642225

🏢 PT ALFATIH DUNIA WISATA
(PPIU resmi berizin 16032300890440001)
📍 Grand Depok City, Depok 16412

✨ Umroh Hemat, Ibadah Khusyuk, InsyaAllah Penuh Berkah 🤲",false
post,video,DOxwRXuEqcI,3724970666744784648,2025-09-19 15:40:29,posts/2025-09-19_15-40-29_[DOxwRXuEqcI].mp4,,,6,0,,"Bawa si kecil pas Umroh itu BUKAN masalah lagi ✨

Travel lain: “ribet, capek, harus ngikutin rombongan besar” 😓
 Alfatih Umroh: “kids friendly, fleksibel, private, dan super nyaman!” 💙

Cocok banget buat kalian yang baru mau ajak keluarga kecil, pasangan muda, atau bahkan mahasiswa/pekerja entry level yang ingin kasih pengalaman ibadah terbaik untuk orang tua tercinta. 🕌
Karena kami percaya, Umroh Anda, Dedikasi Kami.

👉 Klik link di bio atau DM sekarang, sebelum seat private kehabisan!",false
carousel,photo,DOp82SMiU7-,3722774180178513662,2025-09-16 14:54:46,posts/2025-09-16_14-54-46_[DOp82SMiU7-]_01.jpg,1,,4,0,,"“Barangsiapa mampu meninggal di Madinah, maka hendaklah ia meninggal di sana, karena aku akan memberikan syafaat bagi orang yang meninggal di sana.”
– Nabi Muhammad ﷺ
(HR. Ahmad, Tirmidzi)

✨ Wajib banget kamu singgahi kalau ke Madinah:
1️⃣ Raudhah
2️⃣ Makam Rasulullah ﷺ
3️⃣ Baqi
4️⃣ Masjid Quba
5️⃣ Masjid Qiblatain
6️⃣ Gunung & Makam Syuhada Uhud
7️⃣ Lokasi Khandaq
8️⃣ Masjid Ghamamah

🏢 PT ALFATIH DUNIA WISATA
(PPIU resmi berizin 16032300890440001)
📍 Grand Depok City, Depok 16412

✨ Umroh Hemat, Ibadah Khusyuk, InsyaAllah Penuh Berkah 🤲

.
.
#umrohmurah #umrohpremium #umrohkeluarga #umrohakhirtahun2025 #umrohmadinah #umrohmakkah #paketumroh #umrohdesember #umrohbersama #umroh2025 #umrohberkah #umrohalfatih #umrohistimewa #umrohnyaman #umrohramadhan #umrohmusimliburan #travelumroh #umrohsunnah #umrohsyariah #umrohbareng",false
carousel,photo,DOp82SMiU7-,3722774180178513662,2025-09-16 14:54:46,posts/2025-09-16_14-54-46_[DOp82SMiU7-]_02.jpg,2,,4,0,,"“Barangsiapa mampu meninggal di Madinah, maka hendaklah ia meninggal di sana, karena aku akan memberikan syafaat bagi orang yang meninggal di sana.”
– Nabi Muhammad ﷺ
(HR. Ahmad, Tirmidzi)

✨ Wajib banget kamu singgahi kalau ke Madinah:
1️⃣ Raudhah
2️⃣ Makam Rasulullah ﷺ
3️⃣ Baqi
4️⃣ Masjid Quba
5️⃣ Masjid Qiblatain
6️⃣ Gunung & Makam Syuhada Uhud
7️⃣ Lokasi Khandaq
8️⃣ Masjid Ghamamah

🏢 PT ALFATIH DUNIA WISATA
(PPIU resmi berizin 16032300890440001)
📍 Grand Depok City, Depok 16412

✨ Umroh Hemat, Ibadah Khusyuk, InsyaAllah Penuh Berkah 🤲

.
.
#umrohmurah #umrohpremium #umrohkeluarga #umrohakhirtahun2025 #umrohmadinah #umrohmakkah #paketumroh #umrohdesember #umrohbersama #umroh2025 #umrohberkah #umrohalfatih #umrohistimewa #umrohnyaman #umrohramadhan #umrohmusimliburan #travelumroh #umrohsunnah #umrohsyariah #umrohbareng",false
carousel,photo,DOp82SMiU7-,3722774180178513662,2025-09-16 14:54:46,posts/2025-09-16_14-54-46_[DOp82SMiU7-]_03.jpg,3,,4,0,,"“Barangsiapa mampu meninggal di Madinah, maka hendaklah ia meninggal di sana, karena aku akan memberikan syafaat bagi orang yang meninggal di sana.”
– Nabi Muhammad ﷺ
(HR. Ahmad, Tirmidzi)

✨ Wajib banget kamu singgahi kalau ke Madinah:
1️⃣ Raudhah
2️⃣ Makam Rasulullah ﷺ
3️⃣ Baqi
4️⃣ Masjid Quba
5️⃣ Masjid Qiblatain
6️⃣ Gunung & Makam Syuhada Uhud
7️⃣ Lokasi Khandaq
8️⃣ Masjid Ghamamah

🏢 PT ALFATIH DUNIA WISATA
(PPIU resmi berizin 16032300890440001)
📍 Grand Depok City, Depok 16412

✨ Umroh Hemat, Ibadah Khusyuk, InsyaAllah Penuh Berkah 🤲

.
.
#umrohmurah #umrohpremium #umrohkeluarga #umrohakhirtahun2025 #umrohmadinah #umrohmakkah #paketumroh #umrohdesember #umrohbersama #umroh2025 #umrohberkah #umrohalfatih #umrohistimewa #umrohnyaman #umrohramadhan #umrohmusimliburan #travelumroh #umrohsunnah #umrohsyariah #umrohbareng",false
carousel,photo,DOp82SMiU7-,3722774180178513662,2025-09-16 14:54:46,posts/2025-09-16_14-54-46_[DOp82SMiU7-]_04.jpg,4,,4,0,,"“Barangsiapa mampu meninggal di Madinah, maka hendaklah ia meninggal di sana, karena aku akan memberikan syafaat bagi orang yang meninggal di sana.”
– Nabi Muhammad ﷺ
(HR. Ahmad, Tirmidzi)

✨ Wajib banget kamu singgahi kalau ke Madinah:
1️⃣ Raudhah
2️⃣ Makam Rasulullah ﷺ
3️⃣ Baqi
4️⃣ Masjid Quba
5️⃣ Masjid Qiblatain
6️⃣ Gunung & Makam Syuhada Uhud
7️⃣ Lokasi Khandaq
8️⃣ Masjid Ghamamah

🏢 PT ALFATIH DUNIA WISATA
(PPIU resmi berizin 16032300890440001)
📍 Grand Depok City, Depok 16412

✨ Umroh Hemat, Ibadah Khusyuk, InsyaAllah Penuh Berkah 🤲

.
.
#umrohmurah #umrohpremium #umrohkeluarga #umrohakhirtahun2025 #umrohmadinah #umrohmakkah #paketumroh #umrohdesember #umrohbersama #umroh2025 #umrohberkah #umrohalfatih #umrohistimewa #umrohnyaman #umrohramadhan #umrohmusimliburan #travelumroh #umrohsunnah #umrohsyariah #umrohbareng",false
carousel,photo,DOp82SMiU7-,3722774180178513662,2025-09-16 14:54:46,posts/2025-09-16_14-54-46_[DOp82SMiU7-]_05.jpg,5,,4,0,,"“Barangsiapa mampu meninggal di Madinah, maka hendaklah ia meninggal di sana, karena aku akan memberikan syafaat bagi orang yang meninggal di sana.”
– Nabi Muhammad ﷺ
(HR. Ahmad, Tirmidzi)

✨ Wajib banget kamu singgahi kalau ke Madinah:
1️⃣ Raudhah
2️⃣ Makam Rasulullah ﷺ
3️⃣ Baqi
4️⃣ Masjid Quba
5️⃣ Masjid Qiblatain
6️⃣ Gunung & Makam Syuhada Uhud
7️⃣ Lokasi Khandaq
8️⃣ Masjid Ghamamah

🏢 PT ALFATIH DUNIA WISATA
(PPIU resmi berizin 16032300890440001)
📍 Grand Depok City, Depok 16412

✨ Umroh Hemat, Ibadah Khusyuk, InsyaAllah Penuh Berkah 🤲

.
.
#umrohmurah #umrohpremium #umrohkeluarga #umrohakhirtahun2025 #umrohmadinah #umrohmakkah #paketumroh #umrohdesember #umrohbersama #umroh2025 #umrohberkah #umrohalfatih #umrohistimewa #umrohnyaman #umrohramadhan #umrohmusimliburan #travelumroh #umrohsunnah #umrohsyariah #umrohbareng",false
carousel,photo,DOp82SMiU7-,3722774180178513662,2025-09-16 14:54:46,posts/2025-09-16_14-54-46_[DOp82SMiU7-]_06.jpg,6,,4,0,,"“Barangsiapa mampu meninggal di Madinah, maka hendaklah ia meninggal di sana, karena aku akan memberikan syafaat bagi orang yang meninggal di sana.”
– Nabi Muhammad ﷺ
(HR. Ahmad, Tirmidzi)

✨ Wajib banget kamu singgahi kalau ke Madinah:
1️⃣ Raudhah
2️⃣ Makam Rasulullah ﷺ
3️⃣ Baqi
4️⃣ Masjid Quba
5️⃣ Masjid Qiblatain
6️⃣ Gunung & Makam Syuhada Uhud
7️⃣ Lokasi Khandaq
8️⃣ Masjid Ghamamah

🏢 PT ALFATIH DUNIA WISATA
(PPIU resmi berizin 16032300890440001)
📍 Grand Depok City, Depok 16412

✨ Umroh Hemat, Ibadah Khusyuk, InsyaAllah Penuh Berkah 🤲

.
.
#umrohmurah #umrohpremium #umrohkeluarga #umrohakhirtahun2025 #umrohmadinah #umrohmakkah #paketumroh #umrohdesember #umrohbersama #umroh2025 #umrohberkah #umrohalfatih #umrohistimewa #umrohnyaman #umrohramadhan #umrohmusimliburan #travelumroh #umrohsunnah #umrohsyariah #umrohbareng",false
carousel,photo,DOp82SMiU7-,3722774180178513662,2025-09-16 14:54:46,posts/2025-09-16_14-54-46_[DOp82SMiU7-]_07.jpg,7,,4,0,,"“Barangsiapa mampu meninggal di Madinah, maka hendaklah ia meninggal di sana, karena aku akan memberikan syafaat bagi orang yang meninggal di sana.”
– Nabi Muhammad ﷺ
(HR. Ahmad, Tirmidzi)

✨ Wajib banget kamu singgahi kalau ke Madinah:
1️⃣ Raudhah
2️⃣ Makam Rasulullah ﷺ
3️⃣ Baqi
4️⃣ Masjid Quba
5️⃣ Masjid Qiblatain
6️⃣ Gunung & Makam Syuhada Uhud
7️⃣ Lokasi Khandaq
8️⃣ Masjid Ghamamah

🏢 PT ALFATIH DUNIA WISATA
(PPIU resmi berizin 16032300890440001)
📍 Grand Depok City, Depok 16412

✨ Umroh Hemat, Ibadah Khusyuk, InsyaAllah Penuh Berkah 🤲

.
.
#umrohmurah #umrohpremium #umrohkeluarga #umrohakhirtahun2025 #umrohmadinah #umrohmakkah #paketumroh #umrohdesember #umrohbersama #umroh2025 #umrohberkah #umrohalfatih #umrohistimewa #umrohnyaman #umrohramadhan #umrohmusimliburan #travelumroh #umrohsunnah #umrohsyariah #umrohbareng",false
carousel,photo,DOp82SMiU7-,3722774180178513662,2025-09-16 14:54:46,posts/2025-09-16_14-54-46_[DOp82SMiU7-]_08.jpg,8,,4,0,,"“Barangsiapa mampu meninggal di Madinah, maka hendaklah ia meninggal di sana, karena aku akan memberikan syafaat bagi orang yang meninggal di sana.”
– Nabi Muhammad ﷺ
(HR. Ahmad, Tirmidzi)

✨ Wajib banget kamu singgahi kalau ke Madinah:
1️⃣ Raudhah
2️⃣ Makam Rasulullah ﷺ
3️⃣ Baqi
4️⃣ Masjid Quba
5️⃣ Masjid Qiblatain
6️⃣ Gunung & Makam Syuhada Uhud
7️⃣ Lokasi Khandaq
8️⃣ Masjid Ghamamah

🏢 PT ALFATIH DUNIA WISATA
(PPIU resmi berizin 16032300890440001)
📍 Grand Depok City, Depok 16412

✨ Umroh Hemat, Ibadah Khusyuk, InsyaAllah Penuh Berkah 🤲

.
.
#umrohmurah #umrohpremium #umrohkeluarga #umrohakhirtahun2025 #umrohmadinah #umrohmakkah #paketumroh #umrohdesember #umrohbersama #umroh2025 #umrohberkah #umrohalfatih #umrohistimewa #umrohnyaman #umrohramadhan #umrohmusimliburan #travelumroh #umrohsunnah #umrohsyariah #umrohbareng",false
carousel,photo,DOp82SMiU7-,3722774180178513662,2025-09-16 14:54:46,posts/2025-09-16_14-54-46_[DOp82SMiU7-]_09.jpg,9,,4,0,,"“Barangsiapa mampu meninggal di Madinah, maka hendaklah ia meninggal di sana, karena aku akan memberikan syafaat bagi orang yang meninggal di sana.”
– Nabi Muhammad ﷺ
(HR. Ahmad, Tirmidzi)

✨ Wajib banget kamu singgahi kalau ke Madinah:
1️⃣ Raudhah
2️⃣ Makam Rasulullah ﷺ
3️⃣ Baqi
4️⃣ Masjid Quba
5️⃣ Masjid Qiblatain
6️⃣ Gunung & Makam Syuhada Uhud
7️⃣ Lokasi Khandaq
8️⃣ Masjid Ghamamah

🏢 PT ALFATIH DUNIA WISATA
(PPIU resmi berizin 16032300890440001)
📍 Grand Depok City, Depok 16412

✨ Umroh Hemat, Ibadah Khusyuk, InsyaAllah Penuh Berkah 🤲

.
.
#umrohmurah #umrohpremium #umrohkeluarga #umrohakhirtahun2025 #umrohmadinah #umrohmakkah #paketumroh #umrohdesember #umrohbersama #umroh2025 #umrohberkah #umrohalfatih #umrohistimewa #umrohnyaman #umrohramadhan #umrohmusimliburan #travelumroh #umrohsunnah #umrohsyariah #umrohbareng",false
post,video,DOXoFhFCVsB,3717616318393441025,2025-09-09 12:10:07,posts/2025-09-09_12-10-07_[DOXoFhFCVsB].mp4,,,4,0,,"✨ Liburan akhir tahun beda level!
 10 HARI HALAL TOUR EROPA 🚀
 24 Des 2025 – 2 Jan 2026

6 Negara sekali jalan:
 🇳🇱 Amsterdam & Volendam
 🇧🇪 Brussels & Grand Mosque
 🇫🇷 Paris & Eiffel Tower
 🇩🇪 Heidelberg old city
 🇨🇭 Luzern & Mt. Titlis (salju abadi ❄️)
 🇮🇹 Milan – Duomo & San Siro
✅ Makanan halal 3x sehari
 ✅ Sholat wajib tetap terjaga
 ✅ Hotel bintang 3–4
 ✅ Flight Qatar / Etihad
 ✅ Guide Indonesia friendly
💸 All-in mulai Rp 44 juta (min. 15 peserta)

 📌 Pendaftaran tutup 3 bulan sebelum berangkat!
Tapi inget… keindahan dunia itu cuma sementara. 🕋
 Rumah terbaik untuk pulang ada di Baitullah.

 👉 Yuk, mulai rencanakan Umroh kamu juga bareng Alfatih Travel.

✨ Umroh Anda, Dedikasi Kami ✨

#HalalTour #Umroh #TravelEropa #AlfatihTravel #MoslemTour #UmrohAndaDedikasiKami",false
carousel,photo,DOMB_8iCUCr,3714352585042903211,2025-09-05 00:02:34,posts/2025-09-05_00-02-34_[DOMB_8iCUCr]_01.jpg,1,,5,0,,"Khutbah Terakhir Rasulullah ﷺ

""Wahai manusia, dengarkanlah perkataanku...
Sesungguhnya darahmu, hartamu, dan kehormatanmu adalah suci, sebagaimana sucinya hari ini, di bulan ini, di negeri ini.

Barangsiapa yang diamanahkan sesuatu, hendaklah ia kembalikan kepada yang berhak.
Janganlah kalian berbuat zalim, maka jangan pula kalian dizalimi.

Ingatlah, kalian akan menghadap Allah dan akan ditanya tentang amal perbuatan kalian.
Maka janganlah kalian kembali kafir sepeninggalku, saling bunuh-membunuh di antara kalian.

Aku tinggalkan untuk kalian dua perkara, yang bila kalian berpegang teguh kepadanya, kalian tidak akan tersesat:
Kitab Allah dan Sunnah Rasul-Nya.

Ya Allah, saksikanlah...
Bahwa aku telah menyampaikan risalah-Mu.""😢🤲

Selamat memperingati Maulid Nabi Muhammad SAW 🌙

Mari kita hidupkan pesan beliau dengan menebar kasih sayang, menjaga amanah, dan berpegang pada Al-Qur’an serta sunnah.

.
.
#Umroh #UmrohBersamaAlfatih #UmrohMurah #UmrohAman #UmrohBerkah #MaulidNabi #MaulidNabiMuhammad #IslamicQuotes #CintaRasulullah #Shalawat #IslamicReminders #MuslimTraveler #WisataHalal #IslamicLifestyle #Doa #Sunnah #Quran #Hijrah #IslamicPosts #BerbagiKebaikan",false
carousel,photo,DOMB_8iCUCr,3714352585042903211,2025-09-05 00:02:34,posts/2025-09-05_00-02-34_[DOMB_8iCUCr]_02.jpg,2,,5,0,,"Khutbah Terakhir Rasulullah ﷺ

""Wahai manusia, dengarkanlah perkataanku...
Sesungguhnya darahmu, hartamu, dan kehormatanmu adalah suci, sebagaimana sucinya hari ini, di bulan ini, di negeri ini.

Barangsiapa yang diamanahkan sesuatu, hendaklah ia kembalikan kepada yang berhak.
Janganlah kalian berbuat zalim, maka jangan pula kalian dizalimi.

Ingatlah, kalian akan menghadap Allah dan akan ditanya tentang amal perbuatan kalian.
Maka janganlah kalian kembali kafir sepeninggalku, saling bunuh-membunuh di antara kalian.

Aku tinggalkan untuk kalian dua perkara, yang bila kalian berpegang teguh kepadanya, kalian tidak akan tersesat:
Kitab Allah dan Sunnah Rasul-Nya.

Ya Allah, saksikanlah...
Bahwa aku telah menyampaikan risalah-Mu.""😢🤲

Selamat memperingati Maulid Nabi Muhammad SAW 🌙

Mari kita hidupkan pesan beliau dengan menebar kasih sayang, menjaga amanah, dan berpegang pada Al-Qur’an serta sunnah.

.
.
#Umroh #UmrohBersamaAlfatih #UmrohMurah #UmrohAman #UmrohBerkah #MaulidNabi #MaulidNabiMuhammad #IslamicQuotes #CintaRasulullah #Shalawat #IslamicReminders #MuslimTraveler #WisataHalal #IslamicLifestyle #Doa #Sunnah #Quran #Hijrah #IslamicPosts #BerbagiKebaikan",false
carousel,photo,DOMB_8iCUCr,3714352585042903211,2025-09-05 00:02:34,posts/2025-09-05_00-02-34_[DOMB_8iCUCr]_03.jpg,3,,5,0,,"Khutbah Terakhir Rasulullah ﷺ

""Wahai manusia, dengarkanlah perkataanku...
Sesungguhnya darahmu, hartamu, dan kehormatanmu adalah suci, sebagaimana sucinya hari ini, di bulan ini, di negeri ini.

Barangsiapa yang diamanahkan sesuatu, hendaklah ia kembalikan kepada yang berhak.
Janganlah kalian berbuat zalim, maka jangan pula kalian dizalimi.

Ingatlah, kalian akan menghadap Allah dan akan ditanya tentang amal perbuatan kalian.
Maka janganlah kalian kembali kafir sepeninggalku, saling bunuh-membunuh di antara kalian.

Aku tinggalkan untuk kalian dua perkara, yang bila kalian berpegang teguh kepadanya, kalian tidak akan tersesat:
Kitab Allah dan Sunnah Rasul-Nya.

Ya Allah, saksikanlah...
Bahwa aku telah menyampaikan risalah-Mu.""😢🤲

Selamat memperingati Maulid Nabi Muhammad SAW 🌙

Mari kita hidupkan pesan beliau dengan menebar kasih sayang, menjaga amanah, dan berpegang pada Al-Qur’an serta sunnah.

.
.
#Umroh #UmrohBersamaAlfatih #UmrohMurah #UmrohAman #UmrohBerkah #MaulidNabi #MaulidNabiMuhammad #IslamicQuotes #CintaRasulullah #Shalawat #IslamicReminders #MuslimTraveler #WisataHalal #IslamicLifestyle #Doa #Sunnah #Quran #Hijrah #IslamicPosts #BerbagiKebaikan",false
post,photo,DOIhiRmiQA4,3713365383664173112,2025-09-03 15:21:10,posts/2025-09-03_15-21-10_[DOIhiRmiQA4].jpg,,,5,0,,"🌟 Assalamu'alaikum Wr Wb, Bapak/Ibu Dhuyufurrahman tamu Allah SWT ✨
ALFATIH DUNIA WISATA mengajak Bapak/Ibu menunaikan UMROH 9 HARI PROMO OKTOBER ALL IN dengan fasilitas nyaman & harga terjangkau 🕋🕌

✨ FASILITAS UNGGULAN:
✈️ Garuda Indonesia – Penerbangan langsung Jakarta – Jeddah (tanpa transit) PASTI BERANGKAT
🕌 Shalat Jumat di Masjidil Haram
🏨 Akomodasi Hotel Bintang 3:
 • 🕋 Maather Al Eiman – Mekkah
 • 🌙 Arkan Al Manar – Madinah
 (atau setaraf dekat Masjid)
🚄 Tiket Kereta Cepat Haramain Express
🎁 Perlengkapan Umroh Lengkap
🌄 Free City Tour Thaif – Kota Sejuk nan Bersejarah
👤 Full Handling di Indonesia & Arab Saudi
🕌 Muthawwif & Tour Guide Berpengalaman

💰 HARGA PROMO ALL IN:
👉 Quad Room (sekamar ber-4): Rp 28.900.000
👉 Triple Room (sekamar ber-3): Rp 29.900.000
👉 Double Room (sekamar ber-2): Rp 31.500.000

📅 Keberangkatan: 06 – 14 Oktober 2025

📞 Seats terbatas!
📲 WA: +62 815-1642-225
📸 IG: @alfatih.umroh",false
carousel,photo,DN5IrpSCbuc,3709033951751945116,2025-08-28 15:55:24,posts/2025-08-28_15-55-24_[DN5IrpSCbuc]_01.jpg,1,,2,0,,"Ramadhan tuh nggak cuma soal nahan lapar. Tapi juga soal planning hidup biar lebih tenang ✨.

Mau itu latihan puasa Senin–Kamis, atur cuti sebelum lebaran, atau nyiapin mudik lebih awal — semua balik lagi ke satu hal: persiapan bikin hidup lebih ringan.

Dan kalau ngomongin persiapan, ada 1 hal yang nggak kalah penting: rencanakan Umroh Ramadhan kamu dari sekarang.

🌙 Karena ibadah di Tanah Suci di bulan suci = vibes-nya beda banget.

➡️ Umroh Anda, Dedikasi Kami”",false
carousel,photo,DN5IrpSCbuc,3709033951751945116,2025-08-28 15:55:24,posts/2025-08-28_15-55-24_[DN5IrpSCbuc]_02.jpg,2,,2,0,,"Ramadhan tuh nggak cuma soal nahan lapar. Tapi juga soal planning hidup biar lebih tenang ✨.

Mau itu latihan puasa Senin–Kamis, atur cuti sebelum lebaran, atau nyiapin mudik lebih awal — semua balik lagi ke satu hal: persiapan bikin hidup lebih ringan.

Dan kalau ngomongin persiapan, ada 1 hal yang nggak kalah penting: rencanakan Umroh Ramadhan kamu dari sekarang.

🌙 Karena ibadah di Tanah Suci di bulan suci = vibes-nya beda banget.

➡️ Umroh Anda, Dedikasi Kami”",false
carousel,photo,DN5IrpSCbuc,3709033951751945116,2025-08-28 15:55:24,posts/2025-08-28_15-55-24_[DN5IrpSCbuc]_03.jpg,3,,2,0,,"Ramadhan tuh nggak cuma soal nahan lapar. Tapi juga soal planning hidup biar lebih tenang ✨.

Mau itu latihan puasa Senin–Kamis, atur cuti sebelum lebaran, atau nyiapin mudik lebih awal — semua balik lagi ke satu hal: persiapan bikin hidup lebih ringan.

Dan kalau ngomongin persiapan, ada 1 hal yang nggak kalah penting: rencanakan Umroh Ramadhan kamu dari sekarang.

🌙 Karena ibadah di Tanah Suci di bulan suci = vibes-nya beda banget.

➡️ Umroh Anda, Dedikasi Kami”",false
carousel,photo,DN5IrpSCbuc,3709033951751945116,2025-08-28 15:55:24,posts/2025-08-28_15-55-24_[DN5IrpSCbuc]_04.jpg,4,,2,0,,"Ramadhan tuh nggak cuma soal nahan lapar. Tapi juga soal planning hidup biar lebih tenang ✨.

Mau itu latihan puasa Senin–Kamis, atur cuti sebelum lebaran, atau nyiapin mudik lebih awal — semua balik lagi ke satu hal: persiapan bikin hidup lebih ringan.

Dan kalau ngomongin persiapan, ada 1 hal yang nggak kalah penting: rencanakan Umroh Ramadhan kamu dari sekarang.

🌙 Karena ibadah di Tanah Suci di bulan suci = vibes-nya beda banget.

➡️ Umroh Anda, Dedikasi Kami”",false
carousel,photo,DN5IrpSCbuc,3709033951751945116,2025-08-28 15:55:24,posts/2025-08-28_15-55-24_[DN5IrpSCbuc]_05.jpg,5,,2,0,,"Ramadhan tuh nggak cuma soal nahan lapar. Tapi juga soal planning hidup biar lebih tenang ✨.

Mau itu latihan puasa Senin–Kamis, atur cuti sebelum lebaran, atau nyiapin mudik lebih awal — semua balik lagi ke satu hal: persiapan bikin hidup lebih ringan.

Dan kalau ngomongin persiapan, ada 1 hal yang nggak kalah penting: rencanakan Umroh Ramadhan kamu dari sekarang.

🌙 Karena ibadah di Tanah Suci di bulan suci = vibes-nya beda banget.

➡️ Umroh Anda, Dedikasi Kami”",false
carousel,photo,DN5IrpSCbuc,3709033951751945116,2025-08-28 15:55:24,posts/2025-08-28_15-55-24_[DN5IrpSCbuc]_06.jpg,6,,2,0,,"Ramadhan tuh nggak cuma soal nahan lapar. Tapi juga soal planning hidup biar lebih tenang ✨.

Mau itu latihan puasa Senin–Kamis, atur cuti sebelum lebaran, atau nyiapin mudik lebih awal — semua balik lagi ke satu hal: persiapan bikin hidup lebih ringan.

Dan kalau ngomongin persiapan, ada 1 hal yang nggak kalah penting: rencanakan Umroh Ramadhan kamu dari sekarang.

🌙 Karena ibadah di Tanah Suci di bulan suci = vibes-nya beda banget.

➡️ Umroh Anda, Dedikasi Kami”",false
carousel,photo,DN5IrpSCbuc,3709033951751945116,2025-08-28 15:55:24,posts/2025-08-28_15-55-24_[DN5IrpSCbuc]_07.jpg,7,,2,0,,"Ramadhan tuh nggak cuma soal nahan lapar. Tapi juga soal planning hidup biar lebih tenang ✨.

Mau itu latihan puasa Senin–Kamis, atur cuti sebelum lebaran, atau nyiapin mudik lebih awal — semua balik lagi ke satu hal: persiapan bikin hidup lebih ringan.

Dan kalau ngomongin persiapan, ada 1 hal yang nggak kalah penting: rencanakan Umroh Ramadhan kamu dari sekarang.

🌙 Karena ibadah di Tanah Suci di bulan suci = vibes-nya beda banget.

➡️ Umroh Anda, Dedikasi Kami”",false
carousel,photo,DN5IrpSCbuc,3709033951751945116,2025-08-28 15:55:24,posts/2025-08-28_15-55-24_[DN5IrpSCbuc]_08.jpg,8,,2,0,,"Ramadhan tuh nggak cuma soal nahan lapar. Tapi juga soal planning hidup biar lebih tenang ✨.

Mau itu latihan puasa Senin–Kamis, atur cuti sebelum lebaran, atau nyiapin mudik lebih awal — semua balik lagi ke satu hal: persiapan bikin hidup lebih ringan.

Dan kalau ngomongin persiapan, ada 1 hal yang nggak kalah penting: rencanakan Umroh Ramadhan kamu dari sekarang.

🌙 Karena ibadah di Tanah Suci di bulan suci = vibes-nya beda banget.

➡️ Umroh Anda, Dedikasi Kami”",false
carousel,photo,DN5IrpSCbuc,3709033951751945116,2025-08-28 15:55:24,posts/2025-08-28_15-55-24_[DN5IrpSCbuc]_09.jpg,9,,2,0,,"Ramadhan tuh nggak cuma soal nahan lapar. Tapi juga soal planning hidup biar lebih tenang ✨.

Mau itu latihan puasa Senin–Kamis, atur cuti sebelum lebaran, atau nyiapin mudik lebih awal — semua balik lagi ke satu hal: persiapan bikin hidup lebih ringan.

Dan kalau ngomongin persiapan, ada 1 hal yang nggak kalah penting: rencanakan Umroh Ramadhan kamu dari sekarang.

🌙 Karena ibadah di Tanah Suci di bulan suci = vibes-nya beda banget.

➡️ Umroh Anda, Dedikasi Kami”",false
carousel,photo,DN5IrpSCbuc,3709033951751945116,2025-08-28 15:55:24,posts/2025-08-28_15-55-24_[DN5IrpSCbuc]_10.jpg,10,,2,0,,"Ramadhan tuh nggak cuma soal nahan lapar. Tapi juga soal planning hidup biar lebih tenang ✨.

Mau itu latihan puasa Senin–Kamis, atur cuti sebelum lebaran, atau nyiapin mudik lebih awal — semua balik lagi ke satu hal: persiapan bikin hidup lebih ringan.

Dan kalau ngomongin persiapan, ada 1 hal yang nggak kalah penting: rencanakan Umroh Ramadhan kamu dari sekarang.

🌙 Karena ibadah di Tanah Suci di bulan suci = vibes-nya beda banget.

➡️ Umroh Anda, Dedikasi Kami”",false
carousel,photo,DN5IrpSCbuc,3709033951751945116,2025-08-28 15:55:24,posts/2025-08-28_15-55-24_[DN5IrpSCbuc]_11.jpg,11,,2,0,,"Ramadhan tuh nggak cuma soal nahan lapar. Tapi juga soal planning hidup biar lebih tenang ✨.

Mau itu latihan puasa Senin–Kamis, atur cuti sebelum lebaran, atau nyiapin mudik lebih awal — semua balik lagi ke satu hal: persiapan bikin hidup lebih ringan.

Dan kalau ngomongin persiapan, ada 1 hal yang nggak kalah penting: rencanakan Umroh Ramadhan kamu dari sekarang.

🌙 Karena ibadah di Tanah Suci di bulan suci = vibes-nya beda banget.

➡️ Umroh Anda, Dedikasi Kami”",false
post,photo,DNz0xU50v8X,3707539006373953303,2025-08-26 14:25:12,posts/2025-08-26_14-25-12_[DNz0xU50v8X].jpg,,,5,0,,"✨
Pernahkah kalian berfikir akan hakikat penciptaan?
Siapa yang menciptakan kita, dan untuk apa kita diciptakan? 🌌

Allah ﷻ menciptakan manusia bukan tanpa tujuan, melainkan agar kita beribadah, tunduk, dan kembali kepada-Nya. Dan di antara perjalanan hidup ini, Allah memberikan kesempatan istimewa untuk berkunjung ke Tanah Suci: Makkah dan Madinah.

Di hadapan Ka’bah, hati terasa luluh. Setiap doa terucap penuh harap. Di Masjid Nabawi, ketenangan menyelimuti jiwa, seakan dekat dengan Rasulullah ﷺ.

🌙 Umrah bukan sekadar perjalanan fisik, tetapi perjalanan ruhani. Sebuah panggilan cinta dari Allah, untuk menyucikan hati dan mendekatkan diri pada-Nya.

Apakah hati kalian sudah merindukan panggilan itu? 🕋💫

Yuk kepo-in ig ALFATIH untuk tahu promo umroh selanjut nya!!

.
.
#UmrohMurah #UmrohPremium #UmrohTanahSuci #PromoUmroh #UmrohAkhirTahun #UmrohDesember #Umroh2025 #UmrohBersama #UmrohKeluarga #UmrohNyaman #UmrohBerbintang #Umroh5Star #UmrohTerbaik #UmrohIstimewa #UmrohHemat #UmrohBerangkat #UmrohMakkahMadinah #UmrohTravelResmi #UmrohAmanah #UmrohBersamaAlfatih #UmrohPlus #UmrohPromo #UmrohBerangkatAkhirTahun #UmrohLuxury #umrohrindubaitullah",false
post,video,DNvPJjS5HXD,3706247645420090819,2025-08-24 19:41:38,posts/2025-08-24_19-41-38_[DNvPJjS5HXD].mp4,,,1095,1,,"⚽🔥 MERDEKA RASA GOOLL!!!
Tahun ini, rayakan kemerdekaan bareng Umroh plus Nobar Timnas bareng Alfatih!
 🕌 Ibadah umroh ✔️
 ⚽ Nobar Timnas Indonesia ✔️
 🎉 Fasilitas lengkap sesuai poster ✔️
💥 Spesial banget! Buat 15 pendaftar pertama, GRATIS tiket nonton Indonesia vs Saudi & Indonesia vs Irak langsung di Stadion King Abdullah Sport City!
Harga mulai 32,5 Jt / 9 Hari 🕌✈️
 ✅ Tiket pesawat PP
 ✅ Hotel Mekkah & Madinah
 ✅ Makan 3x sehari
 ✅ Visa, manasik, tour leader
 ✅ Bonus Air Zamzam 5 liter
📌 Jangan tunggu lama-lama, seat terbatas banget!
 👉 Klik link di bio, booking sekarang & jadilah bagian dari perjalanan bersejarah ini.
Umroh Anda, Dedikasi Kami.",false
post,video,DNStx8TS0As,3698219588120166444,2025-08-13 17:50:03,posts/2025-08-13_17-50-03_[DNStx8TS0As].mp4,,,12,0,,"“Ketika kita bilang nggak mungkin… padahal Allah udah siapin jalan yang nggak kita sangka.”
Kadang mikir, ini mah mustahil… mana cukup buat berangkatin orangtua umroh?
 Tapi setiap aku doa, Allah kayak bisikin,
 “Kamu mulai aja dulu. Sisanya biar Aku yang cukupin.”
Hari itu akhirnya datang…
 Melihat orangtua sujud di depan Ka’bah, nangis sambil ucap syukur…
 Rasanya semua capek hilang. Semua sabar dibayar lunas.
Kalau aku bisa, kamu juga bisa.
 Mulai dari niat, sisanya biar Allah yang kasih jalannya🤍

🌬️ Umroh Musim Sejuk | 6–17 November
 12 hari penuh makna dan kenyamanan.
 💰 Harga mulai dari Rp29.500.000
 🏨 Hotel Bintang 3 terbaik:
Maather Al Eiman (Makkah)

Arkan Al Manar (Madinah)

📌 Booking sekarang, seat terbatas!
 ✈️ Umroh Anda, Dedikasi Kami.
 👇 Tag teman yang mau kamu ajak umroh bareng tahun ini!",false
post,video,DNDgAw6yuil,3693936909388277925,2025-08-07 20:01:23,posts/2025-08-07_20-01-23_[DNDgAw6yuil].mp4,,,12,0,,"✨Antara Mekkah dan Madinah… gak cuma berdoa, tapi ngerasa didoain balik sama semesta.”

10 hari kemarin… bukan sekadar perjalanan religi, tapi healing jiwa yang nggak bisa dibeli.

 Tidur nyaman di hotel bintang 5, ibadah khusyuk tanpa antri, city tour Madinah – Mekkah yang super nyaman, dan highlight-nya? Al-Ula—kaya liat lukisan hidup yang dikasih langsung sama Allah 😭🫶

Umroh VIP itu bukan soal gaya-gayaan. Ini soal kamu ngerasain ibadah yang berkualitas, tubuh tenang, hati nyaman, jiwa pulang.
🎥 Recapture ini cuma cuplikan,
 tapi vibes-nya… masih kerasa sampe sekarang.

Kalau kamu baca ini sebagai ‘tanda’ – berarti mungkin emang udah waktunya kamu berangkat.
💌 DM sekarang untuk info keberangkatan selanjutnya.

 “Umroh Anda, Dedikasi Kami.”
 Karena ibadah itu gak bisa setengah-setengah.

 Kita yang urus teknisnya, kamu tinggal fokus ibadahnya.
📩 Siapa tau kita bisa bareng trip berikutnya?
#UmrohVIP #UmrohBintang5 #AlUla #UmrohAnakMuda #HealingSpiritual #UmrohAndaDedikasiKami #UmrohMekahMadinah #UmrohAlUla #SoloTripUmroh #SpiritualJourney #TravelHijrah #UmrohAsik #Umroh2025",false
carousel,photo,DM-dHkqJvj0,3692516808237447412,2025-08-05 20:58:47,posts/2025-08-05_20-58-47_[DM-dHkqJvj0]_01.jpg,1,,3011,3,,"✨Paket Favorit Musim Sejuk!✨
Sekali berangkat, bisa Umroh khusyuk sambil nikmatin liburan seru di Istanbul & Uludag Turki!❄️🕋

👉🏻 Sudah termasuk Istanbul City Tour, Bosphorus Cruise, dan naik Cable Car di Gunung Salju Uludag! 😍

💸 CUMA 36,9 JUTA!
✨ FASILITAS SUDAH TERMASUK:
✅ Tiket pesawat internasional PP (Qatar Airways / Turkish Airlines)
✅ Akomodasi hotel:
 🕋 Makkah Towers (pelataran Masjidil Haram)
 🌙 Arkan Al Manar Madinah (±200 meter dari Masjid Nabawi)
✅ Visa Umroh
✅ Handling bandara (Jakarta & Arab Saudi)
✅ Tipping di Arab Saudi & Jakarta
✅ Makan 3x sehari (menu Indonesia di Tanah Suci)
✅ Transportasi private full AC selama tour
✅ Wisata ziarah ke Thaif
✅ Bosphorus Cruise di Istanbul
✅ Cable Car Uludag Snowy Mountain ❄️
✅ 1x Makan Ayam Albaik 🍗
✅ Air Zamzam 5 Liter untuk dibawa pulang

🚨 Jangan tunggu lama-lama! SEAT TERBATAS
📩 DM sekarang sebelum kehabisan!
0815-164-2225

#UmrohPlusTurki #UmrohMusimDingin #UmrohHalalTravel #TravelUmroh #Umroh2025 #UmrohMurah #UmrohNyaman #UmrohBersamaKeluarga #UmrohPremium #PaketUmrohTerbaik #UmrohJakarta #UmrohSurabaya #UmrohBandung #UmrohBersamaTeman #UmrohLiburan #TurkiMusimSalju #SaljuTurki #BosphorusCruise #UludagMountain #UmrohZiarah #Zamzam #AyamAlbaik #HotelDekatHaram #HotelDekatNabawi #TourHalal",false
carousel,photo,DM-dHkqJvj0,3692516808237447412,2025-08-05 20:58:47,posts/2025-08-05_20-58-47_[DM-dHkqJvj0]_02.jpg,2,,3011,3,,"✨Paket Favorit Musim Sejuk!✨
Sekali berangkat, bisa Umroh khusyuk sambil nikmatin liburan seru di Istanbul & Uludag Turki!❄️🕋

👉🏻 Sudah termasuk Istanbul City Tour, Bosphorus Cruise, dan naik Cable Car di Gunung Salju Uludag! 😍

💸 CUMA 36,9 JUTA!
✨ FASILITAS SUDAH TERMASUK:
✅ Tiket pesawat internasional PP (Qatar Airways / Turkish Airlines)
✅ Akomodasi hotel:
 🕋 Makkah Towers (pelataran Masjidil Haram)
 🌙 Arkan Al Manar Madinah (±200 meter dari Masjid Nabawi)
✅ Visa Umroh
✅ Handling bandara (Jakarta & Arab Saudi)
✅ Tipping di Arab Saudi & Jakarta
✅ Makan 3x sehari (menu Indonesia di Tanah Suci)
✅ Transportasi private full AC selama tour
✅ Wisata ziarah ke Thaif
✅ Bosphorus Cruise di Istanbul
✅ Cable Car Uludag Snowy Mountain ❄️
✅ 1x Makan Ayam Albaik 🍗
✅ Air Zamzam 5 Liter untuk dibawa pulang

🚨 Jangan tunggu lama-lama! SEAT TERBATAS
📩 DM sekarang sebelum kehabisan!
0815-164-2225

#UmrohPlusTurki #UmrohMusimDingin #UmrohHalalTravel #TravelUmroh #Umroh2025 #UmrohMurah #UmrohNyaman #UmrohBersamaKeluarga #UmrohPremium #PaketUmrohTerbaik #UmrohJakarta #UmrohSurabaya #UmrohBandung #UmrohBersamaTeman #UmrohLiburan #TurkiMusimSalju #SaljuTurki #BosphorusCruise #UludagMountain #UmrohZiarah #Zamzam #AyamAlbaik #HotelDekatHaram #HotelDekatNabawi #TourHalal",false
post,photo,DM9-07-JRKe,3692383586203538078,2025-08-05 16:34:05,posts/2025-08-05_16-34-05_[DM9-07-JRKe].jpg,,,15,2,,"🇮🇩🕋 UMROH + NONTON TIMNAS DI STADION ARAB SAUDI!

✨ Kombinasi luar biasa antara ibadah & nasionalisme!
Berangkat 8–15 Oktober 2025
✈️ Flight: Saudi Airlines
➡️ 08 OCT – SV827 | CGK–JED | 00:40 – 06:15
⬅️ 15 OCT – SV816 | JED–CGK | 17:25 – 07:35 (+1)

📍 Makkah – Madinah – Stadion Internasional (nonton langsung Timnas Indonesia!)
🕌 Hotel dekat Masjidil Haram & Nabawi
🎉 Tiket resmi pertandingan sepakbola
💼 Siap berangkat dengan rombongan khusus Garuda Squad!

💰Harga Termasuk:
• Tiket pesawat ekonomi PP internasional
• 4 malam di Hotel Maather Al Eiman Makkah
• 3 malam di Hotel Arkan Al Manar Madinah (200m dari Masjid Nabawi)
• Makan 3x sehari sesuai program
• Transportasi Bus Private Full AC
• Visa Umroh resmi
• Tour Leader & Muthawwif berpengalaman
• Air mineral 1 botol/hari
• Asuransi perjalanan
• Handling Bandara Jakarta & Saudi
• Ziarah Makkah & Madinah
• Bonus Ayam Albaik & Air Zamzam 5 liter!

📣 Kuota Terbatas – Siapa cepat dia berangkat!
Bawa semangat merah putih ke Tanah Haram 🟥⬜🟥

📞 Info & Pendaftaran:
📲 WA: 0815 - 164 - 2225 
🌐 IG: @alfatih.umroh | Website: adwisata.com

#UmrohPlusNontonTimnas #UmrohNobarTimnas #UmrohNontonBola 
#UmrohGaruda #GarudaDiTanahSuci #UmrohPlusStadion 
#UmrohSupportTimnas #NontonBolaDiArab #UmrohMerahPutih 
#UmrohEksklusif #Umroh2025 #UmrohAnakMuda 
#TravelUmroh #TourMuslim #WisataHalal 
#PecintaTimnas #TimnasIndonesia #GarudaSquad 
#FYP #ViralUmroh",false
carousel,photo,DMmzvAhpuGn,3685860875801387431,2025-07-27 16:34:38,posts/2025-07-27_16-34-38_[DMmzvAhpuGn]_01.jpg,1,,8,0,,"🕋 “UMROH ITU GAK HARUS NUNGGU TUA”
 siapa pun bisa mulai dari sekarang, asal tahu kapan waktunya 🙌

 Gak semua bulan cocok buat Umroh. Ada yang harganya naik drastis, bahkan ada masa di mana visa Umroh ditutup total. Tapi ada juga bulan yang nyaman, tenang, dan justru jadi waktu terbaik untuk memperkuat ibadah ke Tanah Suci.
💡 Nih bocoran penting dari tim Alfatih:
 ❌ Ramadhan: pahala besar, tapi biaya juga naik 💸
 ❌ 15 Syawal – 10 Muharram: visa Umroh ditutup sementara 😭
 ✅ Oktober – Februari: cuaca sejuk, harga bersahabat
 ✅ Rabiul Awal: suasana Maulid Nabi makin syahdu 🕌
Umroh bukan soal nanti saat sudah mapan,
 Tapi soal niat dan persiapan sejak sekarang.
 Yang sudah berangkat bukan karena paling kaya,
 Tapi karena paling serius memantaskan diri.
🧭 Untuk teman-teman mahasiswa, pekerja entry-level, dan pejuang freelance yang ingin Umroh tapi bingung mulai dari mana…
 InsyaAllah Alfatih bantu dari nol:
 ⏳ Konsultasi GRATIS
 📅 Rekomendasi bulan terbaik
 💼 Cicilan sesuai kemampuan
📲 Langsung DM dan tulis:
 “Saya pengen Umroh, bantu saya wujudkan ya.”
🌟 Umroh Anda, Dedikasi Kami.
 Bersama Alfatih Dunia Wisata, niat baik insyaAllah sampai ke Tanah Suci.
📌 Save & Share info ini biar gak lupa
 🧕 Tandai sahabat yang sering bilang, “Suatu hari nanti aku mau Umroh…”
 ❤️ Tulis di kolom komentar: “Bismillah, tahun ini.”

#Umroh2025 #Umroh2026 #WaktuTerbaikUmroh #UmrohMurah #UmrohBersamaAlfatih #UmrohHalal #PromoUmroh #UmrohMaulid #UmrohLiburan #UmrohKeluarga #UmrohAwalTahun #UmrohAkhirTahun #UmrohBerizin #JadwalUmroh #WisataHalal #UmrohBersamaIbu #UmrohRamadhan #UmrohLowSeason #TravelUmroh #UmrohIndonesia #UmrohPlusTurki #UmrohDepok #UmrohJakarta #umrohsurabaya",false
carousel,photo,DMmzvAhpuGn,3685860875801387431,2025-07-27 16:34:38,posts/2025-07-27_16-34-38_[DMmzvAhpuGn]_02.jpg,2,,8,0,,"🕋 “UMROH ITU GAK HARUS NUNGGU TUA”
 siapa pun bisa mulai dari sekarang, asal tahu kapan waktunya 🙌

 Gak semua bulan cocok buat Umroh. Ada yang harganya naik drastis, bahkan ada masa di mana visa Umroh ditutup total. Tapi ada juga bulan yang nyaman, tenang, dan justru jadi waktu terbaik untuk memperkuat ibadah ke Tanah Suci.
💡 Nih bocoran penting dari tim Alfatih:
 ❌ Ramadhan: pahala besar, tapi biaya juga naik 💸
 ❌ 15 Syawal – 10 Muharram: visa Umroh ditutup sementara 😭
 ✅ Oktober – Februari: cuaca sejuk, harga bersahabat
 ✅ Rabiul Awal: suasana Maulid Nabi makin syahdu 🕌
Umroh bukan soal nanti saat sudah mapan,
 Tapi soal niat dan persiapan sejak sekarang.
 Yang sudah berangkat bukan karena paling kaya,
 Tapi karena paling serius memantaskan diri.
🧭 Untuk teman-teman mahasiswa, pekerja entry-level, dan pejuang freelance yang ingin Umroh tapi bingung mulai dari mana…
 InsyaAllah Alfatih bantu dari nol:
 ⏳ Konsultasi GRATIS
 📅 Rekomendasi bulan terbaik
 💼 Cicilan sesuai kemampuan
📲 Langsung DM dan tulis:
 “Saya pengen Umroh, bantu saya wujudkan ya.”
🌟 Umroh Anda, Dedikasi Kami.
 Bersama Alfatih Dunia Wisata, niat baik insyaAllah sampai ke Tanah Suci.
📌 Save & Share info ini biar gak lupa
 🧕 Tandai sahabat yang sering bilang, “Suatu hari nanti aku mau Umroh…”
 ❤️ Tulis di kolom komentar: “Bismillah, tahun ini.”

#Umroh2025 #Umroh2026 #WaktuTerbaikUmroh #UmrohMurah #UmrohBersamaAlfatih #UmrohHalal #PromoUmroh #UmrohMaulid #UmrohLiburan #UmrohKeluarga #UmrohAwalTahun #UmrohAkhirTahun #UmrohBerizin #JadwalUmroh #WisataHalal #UmrohBersamaIbu #UmrohRamadhan #UmrohLowSeason #TravelUmroh #UmrohIndonesia #UmrohPlusTurki #UmrohDepok #UmrohJakarta #umrohsurabaya",false
carousel,photo,DMmzvAhpuGn,3685860875801387431,2025-07-27 16:34:38,posts/2025-07-27_16-34-38_[DMmzvAhpuGn]_03.jpg,3,,8,0,,"🕋 “UMROH ITU GAK HARUS NUNGGU TUA”
 siapa pun bisa mulai dari sekarang, asal tahu kapan waktunya 🙌

 Gak semua bulan cocok buat Umroh. Ada yang harganya naik drastis, bahkan ada masa di mana visa Umroh ditutup total. Tapi ada juga bulan yang nyaman, tenang, dan justru jadi waktu terbaik untuk memperkuat ibadah ke Tanah Suci.
💡 Nih bocoran penting dari tim Alfatih:
 ❌ Ramadhan: pahala besar, tapi biaya juga naik 💸
 ❌ 15 Syawal – 10 Muharram: visa Umroh ditutup sementara 😭
 ✅ Oktober – Februari: cuaca sejuk, harga bersahabat
 ✅ Rabiul Awal: suasana Maulid Nabi makin syahdu 🕌
Umroh bukan soal nanti saat sudah mapan,
 Tapi soal niat dan persiapan sejak sekarang.
 Yang sudah berangkat bukan karena paling kaya,
 Tapi karena paling serius memantaskan diri.
🧭 Untuk teman-teman mahasiswa, pekerja entry-level, dan pejuang freelance yang ingin Umroh tapi bingung mulai dari mana…
 InsyaAllah Alfatih bantu dari nol:
 ⏳ Konsultasi GRATIS
 📅 Rekomendasi bulan terbaik
 💼 Cicilan sesuai kemampuan
📲 Langsung DM dan tulis:
 “Saya pengen Umroh, bantu saya wujudkan ya.”
🌟 Umroh Anda, Dedikasi Kami.
 Bersama Alfatih Dunia Wisata, niat baik insyaAllah sampai ke Tanah Suci.
📌 Save & Share info ini biar gak lupa
 🧕 Tandai sahabat yang sering bilang, “Suatu hari nanti aku mau Umroh…”
 ❤️ Tulis di kolom komentar: “Bismillah, tahun ini.”

#Umroh2025 #Umroh2026 #WaktuTerbaikUmroh #UmrohMurah #UmrohBersamaAlfatih #UmrohHalal #PromoUmroh #UmrohMaulid #UmrohLiburan #UmrohKeluarga #UmrohAwalTahun #UmrohAkhirTahun #UmrohBerizin #JadwalUmroh #WisataHalal #UmrohBersamaIbu #UmrohRamadhan #UmrohLowSeason #TravelUmroh #UmrohIndonesia #UmrohPlusTurki #UmrohDepok #UmrohJakarta #umrohsurabaya",false
carousel,photo,DMmzvAhpuGn,3685860875801387431,2025-07-27 16:34:38,posts/2025-07-27_16-34-38_[DMmzvAhpuGn]_04.jpg,4,,8,0,,"🕋 “UMROH ITU GAK HARUS NUNGGU TUA”
 siapa pun bisa mulai dari sekarang, asal tahu kapan waktunya 🙌

 Gak semua bulan cocok buat Umroh. Ada yang harganya naik drastis, bahkan ada masa di mana visa Umroh ditutup total. Tapi ada juga bulan yang nyaman, tenang, dan justru jadi waktu terbaik untuk memperkuat ibadah ke Tanah Suci.
💡 Nih bocoran penting dari tim Alfatih:
 ❌ Ramadhan: pahala besar, tapi biaya juga naik 💸
 ❌ 15 Syawal – 10 Muharram: visa Umroh ditutup sementara 😭
 ✅ Oktober – Februari: cuaca sejuk, harga bersahabat
 ✅ Rabiul Awal: suasana Maulid Nabi makin syahdu 🕌
Umroh bukan soal nanti saat sudah mapan,
 Tapi soal niat dan persiapan sejak sekarang.
 Yang sudah berangkat bukan karena paling kaya,
 Tapi karena paling serius memantaskan diri.
🧭 Untuk teman-teman mahasiswa, pekerja entry-level, dan pejuang freelance yang ingin Umroh tapi bingung mulai dari mana…
 InsyaAllah Alfatih bantu dari nol:
 ⏳ Konsultasi GRATIS
 📅 Rekomendasi bulan terbaik
 💼 Cicilan sesuai kemampuan
📲 Langsung DM dan tulis:
 “Saya pengen Umroh, bantu saya wujudkan ya.”
🌟 Umroh Anda, Dedikasi Kami.
 Bersama Alfatih Dunia Wisata, niat baik insyaAllah sampai ke Tanah Suci.
📌 Save & Share info ini biar gak lupa
 🧕 Tandai sahabat yang sering bilang, “Suatu hari nanti aku mau Umroh…”
 ❤️ Tulis di kolom komentar: “Bismillah, tahun ini.”

#Umroh2025 #Umroh2026 #WaktuTerbaikUmroh #UmrohMurah #UmrohBersamaAlfatih #UmrohHalal #PromoUmroh #UmrohMaulid #UmrohLiburan #UmrohKeluarga #UmrohAwalTahun #UmrohAkhirTahun #UmrohBerizin #JadwalUmroh #WisataHalal #UmrohBersamaIbu #UmrohRamadhan #UmrohLowSeason #TravelUmroh #UmrohIndonesia #UmrohPlusTurki #UmrohDepok #UmrohJakarta #umrohsurabaya",false
carousel,photo,DMmzvAhpuGn,3685860875801387431,2025-07-27 16:34:38,posts/2025-07-27_16-34-38_[DMmzvAhpuGn]_05.jpg,5,,8,0,,"🕋 “UMROH ITU GAK HARUS NUNGGU TUA”
 siapa pun bisa mulai dari sekarang, asal tahu kapan waktunya 🙌

 Gak semua bulan cocok buat Umroh. Ada yang harganya naik drastis, bahkan ada masa di mana visa Umroh ditutup total. Tapi ada juga bulan yang nyaman, tenang, dan justru jadi waktu terbaik untuk memperkuat ibadah ke Tanah Suci.
💡 Nih bocoran penting dari tim Alfatih:
 ❌ Ramadhan: pahala besar, tapi biaya juga naik 💸
 ❌ 15 Syawal – 10 Muharram: visa Umroh ditutup sementara 😭
 ✅ Oktober – Februari: cuaca sejuk, harga bersahabat
 ✅ Rabiul Awal: suasana Maulid Nabi makin syahdu 🕌
Umroh bukan soal nanti saat sudah mapan,
 Tapi soal niat dan persiapan sejak sekarang.
 Yang sudah berangkat bukan karena paling kaya,
 Tapi karena paling serius memantaskan diri.
🧭 Untuk teman-teman mahasiswa, pekerja entry-level, dan pejuang freelance yang ingin Umroh tapi bingung mulai dari mana…
 InsyaAllah Alfatih bantu dari nol:
 ⏳ Konsultasi GRATIS
 📅 Rekomendasi bulan terbaik
 💼 Cicilan sesuai kemampuan
📲 Langsung DM dan tulis:
 “Saya pengen Umroh, bantu saya wujudkan ya.”
🌟 Umroh Anda, Dedikasi Kami.
 Bersama Alfatih Dunia Wisata, niat baik insyaAllah sampai ke Tanah Suci.
📌 Save & Share info ini biar gak lupa
 🧕 Tandai sahabat yang sering bilang, “Suatu hari nanti aku mau Umroh…”
 ❤️ Tulis di kolom komentar: “Bismillah, tahun ini.”

#Umroh2025 #Umroh2026 #WaktuTerbaikUmroh #UmrohMurah #UmrohBersamaAlfatih #UmrohHalal #PromoUmroh #UmrohMaulid #UmrohLiburan #UmrohKeluarga #UmrohAwalTahun #UmrohAkhirTahun #UmrohBerizin #JadwalUmroh #WisataHalal #UmrohBersamaIbu #UmrohRamadhan #UmrohLowSeason #TravelUmroh #UmrohIndonesia #UmrohPlusTurki #UmrohDepok #UmrohJakarta #umrohsurabaya",false
carousel,photo,DMmzvAhpuGn,3685860875801387431,2025-07-27 16:34:38,posts/2025-07-27_16-34-38_[DMmzvAhpuGn]_06.jpg,6,,8,0,,"🕋 “UMROH ITU GAK HARUS NUNGGU TUA”
 siapa pun bisa mulai dari sekarang, asal tahu kapan waktunya 🙌

 Gak semua bulan cocok buat Umroh. Ada yang harganya naik drastis, bahkan ada masa di mana visa Umroh ditutup total. Tapi ada juga bulan yang nyaman, tenang, dan justru jadi waktu terbaik untuk memperkuat ibadah ke Tanah Suci.
💡 Nih bocoran penting dari tim Alfatih:
 ❌ Ramadhan: pahala besar, tapi biaya juga naik 💸
 ❌ 15 Syawal – 10 Muharram: visa Umroh ditutup sementara 😭
 ✅ Oktober – Februari: cuaca sejuk, harga bersahabat
 ✅ Rabiul Awal: suasana Maulid Nabi makin syahdu 🕌
Umroh bukan soal nanti saat sudah mapan,
 Tapi soal niat dan persiapan sejak sekarang.
 Yang sudah berangkat bukan karena paling kaya,
 Tapi karena paling serius memantaskan diri.
🧭 Untuk teman-teman mahasiswa, pekerja entry-level, dan pejuang freelance yang ingin Umroh tapi bingung mulai dari mana…
 InsyaAllah Alfatih bantu dari nol:
 ⏳ Konsultasi GRATIS
 📅 Rekomendasi bulan terbaik
 💼 Cicilan sesuai kemampuan
📲 Langsung DM dan tulis:
 “Saya pengen Umroh, bantu saya wujudkan ya.”
🌟 Umroh Anda, Dedikasi Kami.
 Bersama Alfatih Dunia Wisata, niat baik insyaAllah sampai ke Tanah Suci.
📌 Save & Share info ini biar gak lupa
 🧕 Tandai sahabat yang sering bilang, “Suatu hari nanti aku mau Umroh…”
 ❤️ Tulis di kolom komentar: “Bismillah, tahun ini.”

#Umroh2025 #Umroh2026 #WaktuTerbaikUmroh #UmrohMurah #UmrohBersamaAlfatih #UmrohHalal #PromoUmroh #UmrohMaulid #UmrohLiburan #UmrohKeluarga #UmrohAwalTahun #UmrohAkhirTahun #UmrohBerizin #JadwalUmroh #WisataHalal #UmrohBersamaIbu #UmrohRamadhan #UmrohLowSeason #TravelUmroh #UmrohIndonesia #UmrohPlusTurki #UmrohDepok #UmrohJakarta #umrohsurabaya",false
post,photo,DMboPDHhSQS,3682714076305499154,2025-07-23 08:22:30,posts/2025-07-23_08-22-30_[DMboPDHhSQS].jpg,,,152,0,,"Assalamu’alaikum Warahmatullahi Wabarakatuh 🌿

🕋 💖 UMROH 12 HARI MAULID 2X JUM'AT TER-WORTH IT !!

🛫 Langsung mendarat di Madinah tanpa transit!
📆 Keberangkatan: 28 Agustus – 3 September
✈️ Penerbangan: Garuda Indonesia GA 986 – Nonstop ke Madinah!
🕌 12 Hari Penuh Ibadah & Keberkahan
🚞 BONUS WISATA KE THAIF

💸 Harga Mulai dari Rp 29,500,000,-
⭐ (Belum termasuk Addons)
⏳ Seat terbatas! Amankan sekarang sebelum harga naik!

🏨 Hotel Bintang 3 Nyaman & Dekat Masjid
🌙 Madinah: ODST Hotel ⭐⭐⭐ – ±300m ke Masjid Nabawi
🕋 Makkah: Maather Al Eiman ⭐⭐⭐ – ±400m dari pelataran Masjidil Haram
🍽️ Makanan 3x sehari – Menu khas Indonesia

🎁 PAKET SUDAH TERMASUK:
✅ Tiket PP Garuda Indonesia (Landing Madinah)
✅ Visa Umroh senilai Rp4.000.000,-
✅ Hotel di Madinah & Makkah (masing-masing 5 malam)
✅ Makan 3x sehari
✅ Bus full AC antar kota
✅ Tour guide & Muthawwif berpengalaman
✅ Manasik Umroh sebelum berangkat
✅ City Tour Madinah & Makkah + Thaif
✅ Handling bandara & semua tips
✅ Asuransi perjalanan
✅ Air Zamzam 5 liter
🍗 Bonus makan AL BAIK saat kepulangan!

📲 Hubungi kami sekarang juga untuk info & pendaftaran:
WhatsApp: +62 815-1642-225
Instagram: @alfatih.umroh

#umrohmurah2025 #umrohpremium #umrohmurahpremium2025 #haji2025 #baitullah #umrohindonesia #umrohhalal #umrohberkah #umrohpluswisata #umrohramadhan #travelumroh #islam #muslimtravel #umrohsunnah #umrohhemat #umrohnyaman #umrohbareng #umrohkeluarga",false
carousel,photo,DMOxGldBhU0,3679093902419563828,2025-07-18 08:29:52,posts/2025-07-18_08-29-52_[DMOxGldBhU0]_01.jpg,1,,9,0,,"✨ Rasulullah ﷺ itu bukan sekadar sosok pemimpin, tapi panutan dengan jiwa yang hangat dan humoris.
Dari gaya hidup minimalis sampai cara beliau memperlakukan orang lain, semuanya penuh cinta dan makna.

Dan tau gak? Beliau juga pernah umroh sambil menangis… bukan karena takut, tapi karena rindunya ke Allah udah gak ketahan. 😭

Kalau kamu juga lagi nyari rasa tenang yang gak bisa dijelasin pakai kata-kata…

Barangkali kamu butuh jejak spiritual seperti beliau.
🕋 Umroh Anda, Dedikasi Kami.

 Bareng Alfatih Umroh, kamu gak cuma jalan-jalan rohani, tapi juga pulang dengan versi terbaik dari dirimu.
📩 DM untuk daftar sekarang. Jangan tunggu rindu makin berat.

#RasulullahSAW 
#SerbaSerbiRasul 
#BelajarDariRasul 
#KisahNabi 
#AkhlakRasul 
#SunnahRasul 
#RasulullahInspirasiKita 
#CintaRasulullah",false
carousel,photo,DMOxGldBhU0,3679093902419563828,2025-07-18 08:29:52,posts/2025-07-18_08-29-52_[DMOxGldBhU0]_02.jpg,2,,9,0,,"✨ Rasulullah ﷺ itu bukan sekadar sosok pemimpin, tapi panutan dengan jiwa yang hangat dan humoris.
Dari gaya hidup minimalis sampai cara beliau memperlakukan orang lain, semuanya penuh cinta dan makna.

Dan tau gak? Beliau juga pernah umroh sambil menangis… bukan karena takut, tapi karena rindunya ke Allah udah gak ketahan. 😭

Kalau kamu juga lagi nyari rasa tenang yang gak bisa dijelasin pakai kata-kata…

Barangkali kamu butuh jejak spiritual seperti beliau.
🕋 Umroh Anda, Dedikasi Kami.

 Bareng Alfatih Umroh, kamu gak cuma jalan-jalan rohani, tapi juga pulang dengan versi terbaik dari dirimu.
📩 DM untuk daftar sekarang. Jangan tunggu rindu makin berat.

#RasulullahSAW 
#SerbaSerbiRasul 
#BelajarDariRasul 
#KisahNabi 
#AkhlakRasul 
#SunnahRasul 
#RasulullahInspirasiKita 
#CintaRasulullah",false
carousel,photo,DMOxGldBhU0,3679093902419563828,2025-07-18 08:29:52,posts/2025-07-18_08-29-52_[DMOxGldBhU0]_03.jpg,3,,9,0,,"✨ Rasulullah ﷺ itu bukan sekadar sosok pemimpin, tapi panutan dengan jiwa yang hangat dan humoris.
Dari gaya hidup minimalis sampai cara beliau memperlakukan orang lain, semuanya penuh cinta dan makna.

Dan tau gak? Beliau juga pernah umroh sambil menangis… bukan karena takut, tapi karena rindunya ke Allah udah gak ketahan. 😭

Kalau kamu juga lagi nyari rasa tenang yang gak bisa dijelasin pakai kata-kata…

Barangkali kamu butuh jejak spiritual seperti beliau.
🕋 Umroh Anda, Dedikasi Kami.

 Bareng Alfatih Umroh, kamu gak cuma jalan-jalan rohani, tapi juga pulang dengan versi terbaik dari dirimu.
📩 DM untuk daftar sekarang. Jangan tunggu rindu makin berat.

#RasulullahSAW 
#SerbaSerbiRasul 
#BelajarDariRasul 
#KisahNabi 
#AkhlakRasul 
#SunnahRasul 
#RasulullahInspirasiKita 
#CintaRasulullah",false
carousel,photo,DMOxGldBhU0,3679093902419563828,2025-07-18 08:29:52,posts/2025-07-18_08-29-52_[DMOxGldBhU0]_04.jpg,4,,9,0,,"✨ Rasulullah ﷺ itu bukan sekadar sosok pemimpin, tapi panutan dengan jiwa yang hangat dan humoris.
Dari gaya hidup minimalis sampai cara beliau memperlakukan orang lain, semuanya penuh cinta dan makna.

Dan tau gak? Beliau juga pernah umroh sambil menangis… bukan karena takut, tapi karena rindunya ke Allah udah gak ketahan. 😭

Kalau kamu juga lagi nyari rasa tenang yang gak bisa dijelasin pakai kata-kata…

Barangkali kamu butuh jejak spiritual seperti beliau.
🕋 Umroh Anda, Dedikasi Kami.

 Bareng Alfatih Umroh, kamu gak cuma jalan-jalan rohani, tapi juga pulang dengan versi terbaik dari dirimu.
📩 DM untuk daftar sekarang. Jangan tunggu rindu makin berat.

#RasulullahSAW 
#SerbaSerbiRasul 
#BelajarDariRasul 
#KisahNabi 
#AkhlakRasul 
#SunnahRasul 
#RasulullahInspirasiKita 
#CintaRasulullah",false
carousel,photo,DMOxGldBhU0,3679093902419563828,2025-07-18 08:29:52,posts/2025-07-18_08-29-52_[DMOxGldBhU0]_05.jpg,5,,9,0,,"✨ Rasulullah ﷺ itu bukan sekadar sosok pemimpin, tapi panutan dengan jiwa yang hangat dan humoris.
Dari gaya hidup minimalis sampai cara beliau memperlakukan orang lain, semuanya penuh cinta dan makna.

Dan tau gak? Beliau juga pernah umroh sambil menangis… bukan karena takut, tapi karena rindunya ke Allah udah gak ketahan. 😭

Kalau kamu juga lagi nyari rasa tenang yang gak bisa dijelasin pakai kata-kata…

Barangkali kamu butuh jejak spiritual seperti beliau.
🕋 Umroh Anda, Dedikasi Kami.

 Bareng Alfatih Umroh, kamu gak cuma jalan-jalan rohani, tapi juga pulang dengan versi terbaik dari dirimu.
📩 DM untuk daftar sekarang. Jangan tunggu rindu makin berat.

#RasulullahSAW 
#SerbaSerbiRasul 
#BelajarDariRasul 
#KisahNabi 
#AkhlakRasul 
#SunnahRasul 
#RasulullahInspirasiKita 
#CintaRasulullah",false
carousel,photo,DMOxGldBhU0,3679093902419563828,2025-07-18 08:29:52,posts/2025-07-18_08-29-52_[DMOxGldBhU0]_06.jpg,6,,9,0,,"✨ Rasulullah ﷺ itu bukan sekadar sosok pemimpin, tapi panutan dengan jiwa yang hangat dan humoris.
Dari gaya hidup minimalis sampai cara beliau memperlakukan orang lain, semuanya penuh cinta dan makna.

Dan tau gak? Beliau juga pernah umroh sambil menangis… bukan karena takut, tapi karena rindunya ke Allah udah gak ketahan. 😭

Kalau kamu juga lagi nyari rasa tenang yang gak bisa dijelasin pakai kata-kata…

Barangkali kamu butuh jejak spiritual seperti beliau.
🕋 Umroh Anda, Dedikasi Kami.

 Bareng Alfatih Umroh, kamu gak cuma jalan-jalan rohani, tapi juga pulang dengan versi terbaik dari dirimu.
📩 DM untuk daftar sekarang. Jangan tunggu rindu makin berat.

#RasulullahSAW 
#SerbaSerbiRasul 
#BelajarDariRasul 
#KisahNabi 
#AkhlakRasul 
#SunnahRasul 
#RasulullahInspirasiKita 
#CintaRasulullah",false
carousel,photo,DMOxGldBhU0,3679093902419563828,2025-07-18 08:29:52,posts/2025-07-18_08-29-52_[DMOxGldBhU0]_07.jpg,7,,9,0,,"✨ Rasulullah ﷺ itu bukan sekadar sosok pemimpin, tapi panutan dengan jiwa yang hangat dan humoris.
Dari gaya hidup minimalis sampai cara beliau memperlakukan orang lain, semuanya penuh cinta dan makna.

Dan tau gak? Beliau juga pernah umroh sambil menangis… bukan karena takut, tapi karena rindunya ke Allah udah gak ketahan. 😭

Kalau kamu juga lagi nyari rasa tenang yang gak bisa dijelasin pakai kata-kata…

Barangkali kamu butuh jejak spiritual seperti beliau.
🕋 Umroh Anda, Dedikasi Kami.

 Bareng Alfatih Umroh, kamu gak cuma jalan-jalan rohani, tapi juga pulang dengan versi terbaik dari dirimu.
📩 DM untuk daftar sekarang. Jangan tunggu rindu makin berat.

#RasulullahSAW 
#SerbaSerbiRasul 
#BelajarDariRasul 
#KisahNabi 
#AkhlakRasul 
#SunnahRasul 
#RasulullahInspirasiKita 
#CintaRasulullah",false
carousel,photo,DMOxGldBhU0,3679093902419563828,2025-07-18 08:29:52,posts/2025-07-18_08-29-52_[DMOxGldBhU0]_08.jpg,8,,9,0,,"✨ Rasulullah ﷺ itu bukan sekadar sosok pemimpin, tapi panutan dengan jiwa yang hangat dan humoris.
Dari gaya hidup minimalis sampai cara beliau memperlakukan orang lain, semuanya penuh cinta dan makna.

Dan tau gak? Beliau juga pernah umroh sambil menangis… bukan karena takut, tapi karena rindunya ke Allah udah gak ketahan. 😭

Kalau kamu juga lagi nyari rasa tenang yang gak bisa dijelasin pakai kata-kata…

Barangkali kamu butuh jejak spiritual seperti beliau.
🕋 Umroh Anda, Dedikasi Kami.

 Bareng Alfatih Umroh, kamu gak cuma jalan-jalan rohani, tapi juga pulang dengan versi terbaik dari dirimu.
📩 DM untuk daftar sekarang. Jangan tunggu rindu makin berat.

#RasulullahSAW 
#SerbaSerbiRasul 
#BelajarDariRasul 
#KisahNabi 
#AkhlakRasul 
#SunnahRasul 
#RasulullahInspirasiKita 
#CintaRasulullah",false
carousel,photo,DMOxGldBhU0,3679093902419563828,2025-07-18 08:29:52,posts/2025-07-18_08-29-52_[DMOxGldBhU0]_09.jpg,9,,9,0,,"✨ Rasulullah ﷺ itu bukan sekadar sosok pemimpin, tapi panutan dengan jiwa yang hangat dan humoris.
Dari gaya hidup minimalis sampai cara beliau memperlakukan orang lain, semuanya penuh cinta dan makna.

Dan tau gak? Beliau juga pernah umroh sambil menangis… bukan karena takut, tapi karena rindunya ke Allah udah gak ketahan. 😭

Kalau kamu juga lagi nyari rasa tenang yang gak bisa dijelasin pakai kata-kata…

Barangkali kamu butuh jejak spiritual seperti beliau.
🕋 Umroh Anda, Dedikasi Kami.

 Bareng Alfatih Umroh, kamu gak cuma jalan-jalan rohani, tapi juga pulang dengan versi terbaik dari dirimu.
📩 DM untuk daftar sekarang. Jangan tunggu rindu makin berat.

#RasulullahSAW 
#SerbaSerbiRasul 
#BelajarDariRasul 
#KisahNabi 
#AkhlakRasul 
#SunnahRasul 
#RasulullahInspirasiKita 
#CintaRasulullah",false
carousel,photo,DMOxGldBhU0,3679093902419563828,2025-07-18 08:29:52,posts/2025-07-18_08-29-52_[DMOxGldBhU0]_10.jpg,10,,9,0,,"✨ Rasulullah ﷺ itu bukan sekadar sosok pemimpin, tapi panutan dengan jiwa yang hangat dan humoris.
Dari gaya hidup minimalis sampai cara beliau memperlakukan orang lain, semuanya penuh cinta dan makna.

Dan tau gak? Beliau juga pernah umroh sambil menangis… bukan karena takut, tapi karena rindunya ke Allah udah gak ketahan. 😭

Kalau kamu juga lagi nyari rasa tenang yang gak bisa dijelasin pakai kata-kata…

Barangkali kamu butuh jejak spiritual seperti beliau.
🕋 Umroh Anda, Dedikasi Kami.

 Bareng Alfatih Umroh, kamu gak cuma jalan-jalan rohani, tapi juga pulang dengan versi terbaik dari dirimu.
📩 DM untuk daftar sekarang. Jangan tunggu rindu makin berat.

#RasulullahSAW 
#SerbaSerbiRasul 
#BelajarDariRasul 
#KisahNabi 
#AkhlakRasul 
#SunnahRasul 
#RasulullahInspirasiKita 
#CintaRasulullah",false
carousel,photo,DMOxGldBhU0,3679093902419563828,2025-07-18 08:29:52,posts/2025-07-18_08-29-52_[DMOxGldBhU0]_11.jpg,11,,9,0,,"✨ Rasulullah ﷺ itu bukan sekadar sosok pemimpin, tapi panutan dengan jiwa yang hangat dan humoris.
Dari gaya hidup minimalis sampai cara beliau memperlakukan orang lain, semuanya penuh cinta dan makna.

Dan tau gak? Beliau juga pernah umroh sambil menangis… bukan karena takut, tapi karena rindunya ke Allah udah gak ketahan. 😭

Kalau kamu juga lagi nyari rasa tenang yang gak bisa dijelasin pakai kata-kata…

Barangkali kamu butuh jejak spiritual seperti beliau.
🕋 Umroh Anda, Dedikasi Kami.

 Bareng Alfatih Umroh, kamu gak cuma jalan-jalan rohani, tapi juga pulang dengan versi terbaik dari dirimu.
📩 DM untuk daftar sekarang. Jangan tunggu rindu makin berat.

#RasulullahSAW 
#SerbaSerbiRasul 
#BelajarDariRasul 
#KisahNabi 
#AkhlakRasul 
#SunnahRasul 
#RasulullahInspirasiKita 
#CintaRasulullah",false
post,photo,DMM4JEzJQNx,3678561909887796081,2025-07-17 14:52:53,posts/2025-07-17_14-52-53_[DMM4JEzJQNx].jpg,,,1,0,,"Assalamu’alaikum Warahmatullahi Wabarakatuh 🌸
✨ ALFATIH DUNIA WISATA mengajak Bapak dan Ibu untuk mengunjungi bumi Allah di Eropa Timur 🌍✈️

🕌 Makanan halal & waktu salat terjaga
🛏️ Hotel nyaman & city tour ikonik
🛍️ Belanja di Parndorf Outlet
📸 Destinasi eksotis dan instagramable
🎁 Termasuk handling, visa & city tax

✈️ Qatar Airways Seats CONFIRMED ✅
📅 17–26 September 2025
💰 Rp 30.900.000,-/pax
📍 Munich – Prague – Brno – Budapest – Parndorf – Bratislava – Vienna – Hallstatt – Salzburg – Neuschwanstein – Innsbruck – Milan

🚨 SISA 15 SEATS SAJA!
🧳 Minimal 30 peserta

📞 Info & pemesanan: +628151642225

 #HalalTourEropaTimur #WisataHalal #TourHalalEropa #TravelMuslim #PaketTourHalal #MuslimFriendlyTravel #EropaHalal #WisataMuslimEropa #HalalTravel #JalanJalanHalal #AutumnEuropeTour #MusimGugurEropa #TourHalalPremium #TourHalalMurah #HalalTripEurope #BudapestTour #ViennaTrip #PragueHalalTour #MilanCityTour #MunichHalalTrip #PaketMuslimTour #WisataHalalKeluarga #LiburanHalal #HalalTourMurah #ADWisata",false
post,photo,DMLp1NRTXwC,3678217496966298626,2025-07-17 03:28:36,posts/2025-07-17_03-28-36_[DMLp1NRTXwC].webp,,,1,0,,"✨ UMROH PLUS TURKEY 14 HARI! ✨
🔥 KEBERANGKATAN 100% PASTI! 🔥
💼 Nikmati pengalaman spiritual dan wisata halal Eropa Asia dalam satu perjalanan lengkap!

🕋 3 MALAM MAKKAH | 3 MALAM MADINAH
🚄 Sudah termasuk tiket kereta cepat Haramain
🏨 Hotel bintang 4 & 5 — nyaman & dekat Masjidil Haram & Nabawi
🕌 Ziarah lengkap di Makkah & Madinah
✈️ Penerbangan dengan Saudia Airlines
🇹🇷 7 Hari Eksplorasi Turki dari Istanbul, Bursa, Bolu, Pamukkale, hingga KAPPADOKIA!
🚌 Transportasi bus full AC, makanan halal, guide berpengalaman
🎁 BONUS: Tas eksklusif + air zamzam + handling full!

💰 Harga hemat dengan fasilitas lengkap
📲 Langsung DP sekarang sebelum seats habis! Sebesar Rp 15 Juta !

💳 Transfer DP ke rekening resmi:
Bank Syariah Indonesia (BSI)
No. Rek: 7249-864-301 
a.n. PT ALFATIH DUNIA WISATA

🧾 Konfirmasi bukti transfer via WA setelah pembayaran.
0815-164-2225

#umroh #umrohmurah #umroh2025 #umrohplus #umrohhalal #paketumroh #paketumrohmurah
#umrohpluswisata #umrohplusistanbul #umrohturki #umrohhalaltrip #umrohhalaltour
#halaltour #halaltrip #wisatahalal #wisatahalalturki #travelhalal #umrohcappadocia
#umrohpluscappadocia #turkeytrip #umrohberkesan #umrohnyaman #umrohhemat #umrohpastiberangkat #umrohmuslimfriendly",false
post,photo,DMKFl5uJGP7,3677776640532046843,2025-07-16 12:52:42,posts/2025-07-16_12-52-42_[DMKFl5uJGP7].jpg,,,7,0,,"🔥✨ UMROH HEMAT SUPER DEAL!! ✨🔥
💥 CUMA Rp 26,9 JUTA SAJA!! 💥
📣 DAPATKAN CASHBACK LANGSUNG Rp 3 JUTA!!! 💸💸

Umroh hemat tapi tetap NYAMAN & BERKUALITAS!
🚨 Kuota Terbatas! Siapa cepat dia berangkat! 🚨

✅ Tiket Qatar Airways PP Jakarta–Jeddah
✅ Bagasi 30KG 🧳
✅ Full Handling 🛂
✅ Makan 3x Sehari 🍛🍗🥗
✅ Visa & Siskopatuh 🛃
✅ Bus Private Full AC 🚍❄️
✅ Tasreh Raudhah 💚

💎 Layanan PREMIUM harga TERJANGKAU!
🎯 Cocok untuk keluarga, rombongan, maupun sendiri!
📆 Jadwal Keberangkatan Fleksibel!

📲 Langsung DP sekarang sebelum seats habis! Hanya Rp 5 Juta !

💳 Transfer DP ke rekening resmi:
Bank Syariah Indonesia (BSI)
No. Rek: 7249-864-301 
a.n. PT ALFATIH DUNIA WISATA

🧾 Konfirmasi bukti transfer via WA setelah pembayaran.

#umrohmurahpremiumterpercaya #umrohmurah #umrohpremium #umrohkeluarga #umrohsahabat #umrohberkah #umrohramadhan #umrohmudah #umrohallin #umrohtanpamasalah #umrohhemat #umrohnyaman #umrohhalal #umrohsunnah #umrohjakarta #umrohbandung #umrohdepok #umrohterbaik #paketumrohmurah #umrohtourtravel #umrohplusziarah #umrohindonesia #umrohonlinesystem #umrohsyariah #umrohkhusus",false
post,photo,DMHxao4pqYH,3677124955656857095,2025-07-15 15:17:55,posts/2025-07-15_15-17-55_[DMHxao4pqYH].jpg,,,3,0,,"Assalamu’alaikum Warahmatullahi Wabarakatuh
ALFATIH DUNIA WISATA mengajak Bapak/Ibu dan keluarga untuk berburu Aurora di langit utara 🇷🇺 Rusia sambil menikmati keindahan kota-kota bersejarah seperti Moskow, St. Petersburg, dan Murmansk. Yuk simak detail perjalanan 8 Hari 7 Malam Russia Aurora Hunting + St. Petersburg berikut ini: ✨🌌❄️

Perjalanan dimulai dari Moscow ✈️ dengan city tour ke Red Square, St. Basil’s Cathedral, dan Masjid Agung Moscow 🕌. Lanjut ke St. Petersburg naik Sapsan Train 🚄, mengunjungi St. Isaac’s Cathedral, Kazan Cathedral, dan Masjid Soekarno. Kemudian menuju Murmansk, tempat kita berburu Aurora Borealis 🌌 dan bisa ikut Sammi Village Tour opsional (naik rusa & husky 🛷).

Di akhir trip, nikmati belanja oleh-oleh khas Rusia di Izmaylovskiy Bazaar 🛍️ sebelum pulang ke tanah air.
💵 Harga spesial: Rp 29.900.000++/pax
📆 Keberangkatan: 17 Desember 2025
🎫 By Qatar Airways | Seat terbatas 21 pax

📲 Segera hubungi kami dan amankan seat Anda!
ALFATIH DUNIA WISATA – Travel with Purpose
☎️ WA: 0815-164-2225 | 🌐 IG: @alfatih.umroh

#WisataHalal 
#HalalTrip 
#HalalTour 
#WisataMuslim 
#WisataHalalRusia 
#AuroraHunting 
#HalalAuroraTrip 
#MuslimFriendlyTravel 
#WisataHalalEropa 
#HalalTourEurope 
#AuroraTrip2025 
#LiburanAkhirTahun 
#TravelWithPurpose 
#AlfatihWisata 
#HalalVacation 
#HalalHoliday 
#MuslimTravel 
#HalalTravelRussia 
#ExploreRussia 
#AuroraRussia 
#TourMuslimEropa 
#AuroraHuntingRussia 
#HalalTourMurmansk 
#HalalTripMoscow 
#AuroraHalalTour",false
post,photo,DMFLSzlJlFB,3676394341664182593,2025-07-14 15:06:19,posts/2025-07-14_15-06-19_[DMFLSzlJlFB].jpg,,,3,0,,"🌟 UMROH PLUS TURKI 14 HARI – SAMPAI CAPPADOCIA! 🌟
Gabungan sempurna antara ibadah & wisata sejarah Islam!
Nikmati perjalanan spiritual dan eksplorasi negeri dua benua dalam satu paket lengkap!

🇹🇷 7 Hari 6 Malam di TURKI – dari Istanbul, Bursa, Ankara, hingga CAPPADOCIA
🕋 6 Hari di Tanah Suci – Makkah 3 malam & Madinah 3 malam

🏨 HOTEL BERKUALITAS:
✔ Turki: Hotel bintang ⭐⭐⭐⭐ & ⭐⭐⭐⭐⭐
✔ Makkah: Olayyan Ajyad ⭐⭐⭐⭐⭐
✔ Madinah: Grand Plaza Al Maqam ⭐⭐⭐⭐

🛫 Penerbangan dengan Saudia Airlines – Direct Flight
❗Belum termasuk tiket kereta cepat & handling Turki

📅 Jadwal Terdekat: [Isi sesuai jadwal Anda]
🎁 Booking sekarang sebelum seat habis!

📲 Info & Pendaftaran:
📞 0815-164-2225

📍 KANTOR KAMI:
PT ALFATIH DUNIA WISATA
Grand Depok City
Kota Depok, Jawa Barat

#UmrohPlusTurki #Umroh14Hari #UmrohHalal #TravelUmroh #WisataHalal #UmrohPremium #CappadociaTrip #IstanbulToMakkah #UmrohNyaman #SaudiaAirlines #UmrohBersamaKami",false
post,video,DMDJqNkS13b,3675824204068642267,2025-07-13 20:13:53,posts/2025-07-13_20-13-53_[DMDJqNkS13b].mp4,,,8,0,,"Kita ke Baitullah waktu Maulid Nabi yuk :) 

#assalamualaikumbaitullah #mekkah #madinahalmunawwarah",false
post,photo,DL7IZoYpnPj,3673566866773013475,2025-07-10 17:28:38,posts/2025-07-10_17-28-38_[DL7IZoYpnPj].webp,,,2,1,,"✨ TRIPLE FUN TOUR – Malaysia, Singapura, Thailand 🌏
Paket seru jelajahi 3 negara dalam 1 perjalanan!

🛫 Tiket pesawat Malaysia Airlines – nyaman & terpercaya
🧳 Bagasi 30kg + kabin 7kg
🏨 Hotel bintang 3 – bersih, nyaman, & lokasi strategis
🍽️ Fullboard halal meals – 3x sehari
🚌 Private bus untuk kenyamanan perjalanan
🗺️ Dipandu oleh local guide & tour leader berpengalaman
🛍️ Spot belanja seru: Street market khas Asia Tenggara
🎢 GRATIS tiket cable car ke Genting Highlands!

📅 Ayo ikut sekarang, seat terbatas!

📲 Hubungi kami sekarang juga untuk info & pendaftaran:
📲 WhatsApp: +62 815-1642-225
📧 Instagram: @alfatih.umroh
📍 Grand Depok City, Depok, Jawa Barat",false
post,photo,DLzVBhtJySS,3671370585124316306,2025-07-07 16:45:00,posts/2025-07-07_16-45-00_[DLzVBhtJySS].webp,,,3,0,,"🇹🇷 Assalamu’alaikum, Sahabat Muslim Traveler!
Ingin liburan ke Turki dengan tetap menjaga nilai halal dan kenyamanan selama perjalanan?

✨ ALFATIH DUNIA WISATA mempersembahkan:
WISATA HALAL MONO TURKI
📍 Istanbul – Bursa – Cumakilizik – Kusadasi – Pamukkale – Ankara – Kappadokiya

Nikmati pengalaman seru:
🕌 Jejak sejarah kejayaan Islam Utsmani
🚢 Menyusuri Selat Bosphorus yang ikonik
🌄 Sunrise di Cappadocia (optional hot air balloon)
🛍️ Belanja di Grand Bazaar & Spice Market
🍽️ Kuliner khas Turki yang 100% halal

Dengan itinerary islami, hotel bintang 4 & 5, makanan halal, serta waktu cukup untuk ibadah harian. Cocok untuk keluarga, sahabat, maupun couple traveler!

📆 Jadwal fleksibel – seat terbatas
📲 Hubungi kami sekarang untuk info dan pendaftaran
WA: +62 815-1642-225
IG: @alfatih.umroh

#alfatihwisatahalal #wisatahalalturki #monoturki #halaltourturkey
#umrohdantour #halaltrip #muslimfriendlytravel #turkihalaltravel
#turkeybosphorus #istanbultour #muslimtraveler #wisatamuslim
#bursa #cappadocia #bosphorustour #turkitourmurah
#paketturkihalal #alfatihwisata #halaltour2025 #travelislami
#liburanhalal #wisatahalal",false
carousel,photo,DLwAPc_JSFd,3670434758223274333,2025-07-06 09:45:41,posts/2025-07-06_09-45-41_[DLwAPc_JSFd]_01.webp,1,,5,0,,"🕋 Assalamu’alaikum Warahmatullahi Wabarakatuh
Bapak/Ibu Dhuyufurrahman, tamu Allah SWT ✨

ALFATIH DUNIA WISATA mengundang Anda untuk menunaikan Umroh 12 Hari Jumata’in — Maulid Nabi.

✅ Shalat Jumat 2x di Masjidil Haram & Masjid Nabawi
✈️ Penerbangan langsung tanpa transit
🏨 Akomodasi nyaman & strategis
🌄 Wisata ke Thaif, kota sejuk penuh sejarah

📅 Keberangkatan: 28 Agustus –08 September 2025
📲 Booking sekarang sebelum seat habis

📪 PT ALFATIH DUNIA WISATA
📍Grand Depok City 
WA: +62 815-1642-225
IG: @alfatih.umroh

🕌 Umroh Anda, dedikasi kami.

#umrohmurah #umrohhemat #umrohpremium #umroh2025 #umrohjumatain
#umrohjakarta #umrohdepok #umrohmewah #umrohberkah
#paketumroh #umrohplusthaif #umrohterpercaya #umrohtanpatransit
#umrohlangsung #umrohbintang5 #umroh12hari #jaditamuallah
#umrohkeluarga #umrohsunah #umrohjumat #umrohindonesia
#umrohgaruda #umrohplus #umrohnyaman #travelumroh #umrohhalaltour
#umrohkeberkahan #umrohalfatih #alfatihwisata #umrohmuslim",false
carousel,photo,DLwAPc_JSFd,3670434758223274333,2025-07-06 09:45:41,posts/2025-07-06_09-45-41_[DLwAPc_JSFd]_02.webp,2,,5,0,,"🕋 Assalamu’alaikum Warahmatullahi Wabarakatuh
Bapak/Ibu Dhuyufurrahman, tamu Allah SWT ✨

ALFATIH DUNIA WISATA mengundang Anda untuk menunaikan Umroh 12 Hari Jumata’in — Maulid Nabi.

✅ Shalat Jumat 2x di Masjidil Haram & Masjid Nabawi
✈️ Penerbangan langsung tanpa transit
🏨 Akomodasi nyaman & strategis
🌄 Wisata ke Thaif, kota sejuk penuh sejarah

📅 Keberangkatan: 28 Agustus –08 September 2025
📲 Booking sekarang sebelum seat habis

📪 PT ALFATIH DUNIA WISATA
📍Grand Depok City 
WA: +62 815-1642-225
IG: @alfatih.umroh

🕌 Umroh Anda, dedikasi kami.

#umrohmurah #umrohhemat #umrohpremium #umroh2025 #umrohjumatain
#umrohjakarta #umrohdepok #umrohmewah #umrohberkah
#paketumroh #umrohplusthaif #umrohterpercaya #umrohtanpatransit
#umrohlangsung #umrohbintang5 #umroh12hari #jaditamuallah
#umrohkeluarga #umrohsunah #umrohjumat #umrohindonesia
#umrohgaruda #umrohplus #umrohnyaman #travelumroh #umrohhalaltour
#umrohkeberkahan #umrohalfatih #alfatihwisata #umrohmuslim",false
post,photo,DLjm4FrpWXK,3666945501768803786,2025-07-01 14:13:09,posts/2025-07-01_14-13-09_[DLjm4FrpWXK].webp,,,17,0,,"✨ Promo Spesial Liburan Brunei + Kuala Lumpur ✨
🌍 Eksplorasi 2 Negara dalam 1 Perjalanan Tak Terlupakan!

📅 Durasi: 4 Hari 3 Malam
💸 Harga PROMO: Rp 8.500.000
(dari harga normal Rp 9.500.000 – hemat 1 juta rupiah!)

Termasuk fasilitas lengkap:
✈️ Tiket Pesawat Pulang Pergi
🧳 Bagasi Kabin 7kg
🏨 Hotel Nyaman & Bersih
🚐 Private Tour Nyaman
🍽️ Termasuk Beberapa Makan

📍Destinasi Istimewa:
🏛️ Royal Regalia Museum, Brunei
🕌 Balai Khazanah Islam Sultan Haji Hassanal Bolkiah
🎡 Genting Highlands
🌆 Menara Petronas
🛍️ Sungai Wang Plaza & Bukit Bintang, Kuala Lumpur

📌 Cocok untuk keluarga, honeymoon, atau solo traveler!
📆 Keberangkatan terbatas – First come first serve!

🔖 Booking sekarang sebelum kehabisan!
📞 Hubungi kami via DM / WhatsApp 📲
0815-164-2225

#TourHalal #HalalTrip #WisataHalal #JalanJalanHalal #HalalTourBrunei #HalalTourMalaysia #WisataHalalBrunei #WisataHalalMalaysia #TravelMuslim #HalalVacation #WisataBerkah #LiburanBerkah #IslamicTrip #TravelBarokah #MuslimTraveller #MuslimFriendlyTravel #HalalLifestyle #LiburanHalal #JalanJalanMurah #HealingTime #HealingDulu #JalanJalanBersama #ExploreBrunei #ExploreMalaysia #TravelGoals #WisataLuarNegeri #HalalFood #KulinerHalal",false
post,video,DLejJlzyPpp,3665521737426598505,2025-06-29 15:11:47,posts/2025-06-29_15-11-47_[DLejJlzyPpp].mp4,,,1,0,,"Khutbah terakhir Rasulullah di Arafah: pesan yang mengguncang hati, menuntun kita untuk saling menguatkan, menjaga amanah, dan terus menebar kebaikan sampai hari ini… 🤍

Yuk, wujudkan perjalanan spiritualmu bareng Alfatih Umroh.
✈ Daftar sekarang & raih pengalaman yang akan selalu kamu kenang seumur hidup!""

#AlfatihUmroh #Umroh1447H #UmrohMuda #UmrohAmanNyaman #UmrohRamahAnakMuda #UmrohPlusTurki #TravelHalal #UmrohBarengAlfatih #UmrohMuda #TravelHalal #AlfatihUmroh #BucketList2025 #UmrohPlusTravel #SpiritualJourney #HalalTrip #UmrohAnakMuda #UmrohImpian #HalalExplorer",false
post,video,DLPetfrJLV4,3661280089857111416,2025-06-23 18:38:12,posts/2025-06-23_18-38-12_[DLPetfrJLV4].mp4,,,5,0,,"✨EUROPEAN HALAL TRIP BARENG ALFATIH DUNIA WISATA!✨

 Assalamu’alaikum, sobat traveller!

Udah saatnya nyiapin liburan bareng orang tercinta, keliling Amsterdam–Brussels–Paris–Swiss, nikmatin pemandangan Eropa yang indah ✨ sambil tetap bisa jaga makanan halal, waktu sholat, dan momen spiritual 😍

🚤 Naik kanal cruise di Amsterdam
 🎡 Foto pakai baju tradisional Belanda di Volendam
 🛍️ Shopping puas di Factory Outlet Roermond
 🕌 Sholat di Grand Mosque Brussels & Masjid Raya Paris
 🌉 Menikmati romantisnya Sungai Seine di Paris
 🏔️ Main salju di Mount Titlis, Swiss
 🏙️ Terakhir ditutup dengan keindahan Zurich & Colmar yang super aesthetic

Gak cuma traveling, ini perjalanan halal yang penuh makna 💫
 Bersama tim profesional Alfatih Dunia Wisata 🧳

👉 Booking sekarang sebelum seat-nya full!
📩 DM untuk info lengkap & harga paketnya!

 #TravelHalal #EropaBarengAlfatih #UmrohPlusEropa #LiburanHalal #IslamicTravelExperience #AlfatihDuniaWisata#UmrohPlusTravel #SpiritualJourney #HalalTrip #UmrohAnakMuda #UmrohImpian #halalexplorer",false
carousel,photo,DLILZSnpBZ5,3659224813729486457,2025-06-20 22:33:32,posts/2025-06-20_22-33-32_[DLILZSnpBZ5]_01.jpg,1,,3,0,,#umrohmurah2025 #umrohpremium #umrohmurahpremium2025 #haji2025 #baitullah #umrohindonesia #umrohhalal #umrohberkah #umrohpluswisata #umrohramadhan #travelumroh #islam #muslimtravel #umrohsunnah #umrohhemat #umrohnyaman #umrohbareng #umrohkeluarga,false
carousel,photo,DLILZSnpBZ5,3659224813729486457,2025-06-20 22:33:32,posts/2025-06-20_22-33-32_[DLILZSnpBZ5]_02.jpg,2,,3,0,,#umrohmurah2025 #umrohpremium #umrohmurahpremium2025 #haji2025 #baitullah #umrohindonesia #umrohhalal #umrohberkah #umrohpluswisata #umrohramadhan #travelumroh #islam #muslimtravel #umrohsunnah #umrohhemat #umrohnyaman #umrohbareng #umrohkeluarga,false
carousel,photo,DLILZSnpBZ5,3659224813729486457,2025-06-20 22:33:32,posts/2025-06-20_22-33-32_[DLILZSnpBZ5]_03.jpg,3,,3,0,,#umrohmurah2025 #umrohpremium #umrohmurahpremium2025 #haji2025 #baitullah #umrohindonesia #umrohhalal #umrohberkah #umrohpluswisata #umrohramadhan #travelumroh #islam #muslimtravel #umrohsunnah #umrohhemat #umrohnyaman #umrohbareng #umrohkeluarga,false
carousel,photo,DLILZSnpBZ5,3659224813729486457,2025-06-20 22:33:32,posts/2025-06-20_22-33-32_[DLILZSnpBZ5]_04.jpg,4,,3,0,,#umrohmurah2025 #umrohpremium #umrohmurahpremium2025 #haji2025 #baitullah #umrohindonesia #umrohhalal #umrohberkah #umrohpluswisata #umrohramadhan #travelumroh #islam #muslimtravel #umrohsunnah #umrohhemat #umrohnyaman #umrohbareng #umrohkeluarga,false
carousel,photo,DLILZSnpBZ5,3659224813729486457,2025-06-20 22:33:32,posts/2025-06-20_22-33-32_[DLILZSnpBZ5]_05.jpg,5,,3,0,,#umrohmurah2025 #umrohpremium #umrohmurahpremium2025 #haji2025 #baitullah #umrohindonesia #umrohhalal #umrohberkah #umrohpluswisata #umrohramadhan #travelumroh #islam #muslimtravel #umrohsunnah #umrohhemat #umrohnyaman #umrohbareng #umrohkeluarga,false
carousel,photo,DLILZSnpBZ5,3659224813729486457,2025-06-20 22:33:32,posts/2025-06-20_22-33-32_[DLILZSnpBZ5]_06.jpg,6,,3,0,,#umrohmurah2025 #umrohpremium #umrohmurahpremium2025 #haji2025 #baitullah #umrohindonesia #umrohhalal #umrohberkah #umrohpluswisata #umrohramadhan #travelumroh #islam #muslimtravel #umrohsunnah #umrohhemat #umrohnyaman #umrohbareng #umrohkeluarga,false
carousel,photo,DLILZSnpBZ5,3659224813729486457,2025-06-20 22:33:32,posts/2025-06-20_22-33-32_[DLILZSnpBZ5]_07.jpg,7,,3,0,,#umrohmurah2025 #umrohpremium #umrohmurahpremium2025 #haji2025 #baitullah #umrohindonesia #umrohhalal #umrohberkah #umrohpluswisata #umrohramadhan #travelumroh #islam #muslimtravel #umrohsunnah #umrohhemat #umrohnyaman #umrohbareng #umrohkeluarga,false
carousel,photo,DLILZSnpBZ5,3659224813729486457,2025-06-20 22:33:32,posts/2025-06-20_22-33-32_[DLILZSnpBZ5]_08.jpg,8,,3,0,,#umrohmurah2025 #umrohpremium #umrohmurahpremium2025 #haji2025 #baitullah #umrohindonesia #umrohhalal #umrohberkah #umrohpluswisata #umrohramadhan #travelumroh #islam #muslimtravel #umrohsunnah #umrohhemat #umrohnyaman #umrohbareng #umrohkeluarga,false
carousel,photo,DLILZSnpBZ5,3659224813729486457,2025-06-20 22:33:32,posts/2025-06-20_22-33-32_[DLILZSnpBZ5]_09.jpg,9,,3,0,,#umrohmurah2025 #umrohpremium #umrohmurahpremium2025 #haji2025 #baitullah #umrohindonesia #umrohhalal #umrohberkah #umrohpluswisata #umrohramadhan #travelumroh #islam #muslimtravel #umrohsunnah #umrohhemat #umrohnyaman #umrohbareng #umrohkeluarga,false
post,video,DLGylwSybFj,3658834244086116707,2025-06-20 09:37:42,posts/2025-06-20_09-37-42_[DLGylwSybFj].mp4,,,0,0,,"🕋 Transformasi Masjidil Haram: Perluasan dari 2014 hingga Kini ✨

Sejak tahun 2014, Masjidil Haram mengalami transformasi besar-besaran melalui proyek perluasan yang menjadi salah satu proyek pembangunan terbesar dalam sejarah Islam modern. Diinisiasi oleh Raja Abdullah dan dilanjutkan oleh Raja Salman, proyek ini bertujuan menampung lebih dari 2 juta jamaah dalam satu waktu, dengan kenyamanan dan keamanan maksimal. Pusat perhatian utama adalah perluasan King Abdullah Expansion di sisi barat laut Masjidil Haram, yang menambah ratusan ribu meter persegi area shalat, termasuk plaza luar ruangan, area dalam ruangan ber-AC, dan jalur pejalan kaki.

Beberapa fasilitas dan pembaruan utama yang dibangun antara lain:
✅ Perluasan area thawaf (mataf) hingga 3 lantai, termasuk rooftop untuk thawaf jamaah.
✅ Renovasi dan penataan jalur sa’i (Shafa–Marwah) agar lebih luas dan nyaman, dengan jalur khusus disabilitas.
✅ Lift dan eskalator modern untuk memudahkan akses antar lantai, khususnya bagi lansia dan difabel.
✅ Sistem pendingin udara raksasa dengan pipa bawah tanah dan terminal distribusi udara di seluruh area.
✅ Pembangunan ribuan unit toilet modern yang tersebar strategis di berbagai titik.
✅ Area transit dan terowongan pejalan kaki ber-AC dari hotel dan terminal bus langsung ke area masjid.
✅ Integrasi dengan Haramain High Speed Railway dan stasiun bawah tanah untuk kemudahan akses dari Makkah, Jeddah, dan Madinah.
✅ Sistem manajemen kerumunan dan keamanan canggih menggunakan kamera AI dan pusat komando digital.
✅ Pusat kesehatan darurat dan klinik medis yang siap siaga selama musim umrah dan haji.

Proyek ini tidak hanya menunjukkan kemegahan arsitektur, tetapi juga bukti nyata komitmen pemerintah Arab Saudi dalam memuliakan tamu Allah dengan pelayanan terbaik. Semoga Allah ﷻ memberi kita kesempatan untuk menjadi saksi dan bagian dari sejarah suci ini 🤍🌙
#MasjidilHaram #PelebaranHaram #Umrah2025 #Haji1446H #ZiarahMakkah #Umroh #TransformasiHaramain #PelayanTamuAllah #Umrohmurah #umrohpremium #umrohhemat #promoumroh #umrohpromo",false
carousel,photo,DLBvVmvpHmP,3657412565298084239,2025-06-18 10:32:55,posts/2025-06-18_10-32-55_[DLBvVmvpHmP]_01.webp,1,,2,0,,"ALHAMDULILLAH, MUSIM HAJI 1446 H TELAH USAI.

The General Authority for Statistics (GASTAT) atau Otoritas Umum untuk Statistik Saudi Arabia pada hari Selasa merilis Buletin Statistik Resmi Haji 2025, yang mengungkapkan bahwa sebanyak 420.070 individu dari sektor publik dan swasta, termasuk aparat keamanan, telah melayani 1.673.230 jamaah yang menunaikan ibadah haji tahun ini.""

🕋 Jumlah Jamaah Haji: ± 1,673,230
🌍 Jamaah Internasional berasal dari 180+ negara
🚺 Persentase Jamaah Wanita: ± 40%
🚌 Layanan Transportasi: Lebih dari 27,000 bus antar maktab
🏨 Akomodasi & Konsumsi: 5.3 juta makanan disajikan di Mina & Arafah
⛺ Cuaca Ekstrem: Suhu mencapai 47°C

🌟 Semoga Allah menerima seluruh amal ibadah para dhuyufurrahman.
🌙 Semoga kita semua diberi kesempatan untuk menjadi tamu-Nya di musim-musim haji berikutnya.
🤲 Aamiin Yaa Rabbal ‘Aalamiin.

📌 Follow @alfatih.umroh untuk info, tips, dan inspirasi perjalanan ibadah berikutnya.

#Haji2025 #Haji1446H #Alhamdulillah #Dhuyufurrahman #HajiMabrur #AlfatihUmroh #UmrohHajiIndonesia #HajiMekah #DoaHaji #MusimHaji #HajiSaudiArabia",false
carousel,photo,DLBvVmvpHmP,3657412565298084239,2025-06-18 10:32:55,posts/2025-06-18_10-32-55_[DLBvVmvpHmP]_02.webp,2,,2,0,,"ALHAMDULILLAH, MUSIM HAJI 1446 H TELAH USAI.

The General Authority for Statistics (GASTAT) atau Otoritas Umum untuk Statistik Saudi Arabia pada hari Selasa merilis Buletin Statistik Resmi Haji 2025, yang mengungkapkan bahwa sebanyak 420.070 individu dari sektor publik dan swasta, termasuk aparat keamanan, telah melayani 1.673.230 jamaah yang menunaikan ibadah haji tahun ini.""

🕋 Jumlah Jamaah Haji: ± 1,673,230
🌍 Jamaah Internasional berasal dari 180+ negara
🚺 Persentase Jamaah Wanita: ± 40%
🚌 Layanan Transportasi: Lebih dari 27,000 bus antar maktab
🏨 Akomodasi & Konsumsi: 5.3 juta makanan disajikan di Mina & Arafah
⛺ Cuaca Ekstrem: Suhu mencapai 47°C

🌟 Semoga Allah menerima seluruh amal ibadah para dhuyufurrahman.
🌙 Semoga kita semua diberi kesempatan untuk menjadi tamu-Nya di musim-musim haji berikutnya.
🤲 Aamiin Yaa Rabbal ‘Aalamiin.

📌 Follow @alfatih.umroh untuk info, tips, dan inspirasi perjalanan ibadah berikutnya.

#Haji2025 #Haji1446H #Alhamdulillah #Dhuyufurrahman #HajiMabrur #AlfatihUmroh #UmrohHajiIndonesia #HajiMekah #DoaHaji #MusimHaji #HajiSaudiArabia",false
carousel,photo,DLBvVmvpHmP,3657412565298084239,2025-06-18 10:32:55,posts/2025-06-18_10-32-55_[DLBvVmvpHmP]_03.webp,3,,2,0,,"ALHAMDULILLAH, MUSIM HAJI 1446 H TELAH USAI.

The General Authority for Statistics (GASTAT) atau Otoritas Umum untuk Statistik Saudi Arabia pada hari Selasa merilis Buletin Statistik Resmi Haji 2025, yang mengungkapkan bahwa sebanyak 420.070 individu dari sektor publik dan swasta, termasuk aparat keamanan, telah melayani 1.673.230 jamaah yang menunaikan ibadah haji tahun ini.""

🕋 Jumlah Jamaah Haji: ± 1,673,230
🌍 Jamaah Internasional berasal dari 180+ negara
🚺 Persentase Jamaah Wanita: ± 40%
🚌 Layanan Transportasi: Lebih dari 27,000 bus antar maktab
🏨 Akomodasi & Konsumsi: 5.3 juta makanan disajikan di Mina & Arafah
⛺ Cuaca Ekstrem: Suhu mencapai 47°C

🌟 Semoga Allah menerima seluruh amal ibadah para dhuyufurrahman.
🌙 Semoga kita semua diberi kesempatan untuk menjadi tamu-Nya di musim-musim haji berikutnya.
🤲 Aamiin Yaa Rabbal ‘Aalamiin.

📌 Follow @alfatih.umroh untuk info, tips, dan inspirasi perjalanan ibadah berikutnya.

#Haji2025 #Haji1446H #Alhamdulillah #Dhuyufurrahman #HajiMabrur #AlfatihUmroh #UmrohHajiIndonesia #HajiMekah #DoaHaji #MusimHaji #HajiSaudiArabia",false
carousel,photo,DLBvVmvpHmP,3657412565298084239,2025-06-18 10:32:55,posts/2025-06-18_10-32-55_[DLBvVmvpHmP]_04.webp,4,,2,0,,"ALHAMDULILLAH, MUSIM HAJI 1446 H TELAH USAI.

The General Authority for Statistics (GASTAT) atau Otoritas Umum untuk Statistik Saudi Arabia pada hari Selasa merilis Buletin Statistik Resmi Haji 2025, yang mengungkapkan bahwa sebanyak 420.070 individu dari sektor publik dan swasta, termasuk aparat keamanan, telah melayani 1.673.230 jamaah yang menunaikan ibadah haji tahun ini.""

🕋 Jumlah Jamaah Haji: ± 1,673,230
🌍 Jamaah Internasional berasal dari 180+ negara
🚺 Persentase Jamaah Wanita: ± 40%
🚌 Layanan Transportasi: Lebih dari 27,000 bus antar maktab
🏨 Akomodasi & Konsumsi: 5.3 juta makanan disajikan di Mina & Arafah
⛺ Cuaca Ekstrem: Suhu mencapai 47°C

🌟 Semoga Allah menerima seluruh amal ibadah para dhuyufurrahman.
🌙 Semoga kita semua diberi kesempatan untuk menjadi tamu-Nya di musim-musim haji berikutnya.
🤲 Aamiin Yaa Rabbal ‘Aalamiin.

📌 Follow @alfatih.umroh untuk info, tips, dan inspirasi perjalanan ibadah berikutnya.

#Haji2025 #Haji1446H #Alhamdulillah #Dhuyufurrahman #HajiMabrur #AlfatihUmroh #UmrohHajiIndonesia #HajiMekah #DoaHaji #MusimHaji #HajiSaudiArabia",false
post,video,DLBO2nSS7WY,3657269698087335320,2025-06-18 05:49:20,posts/2025-06-18_05-49-20_[DLBO2nSS7WY].mp4,,,3,0,,"📜 Hadits Arbain Nawawi No. 3 – Fondasi Islam: Lima Rukun

✅ Teks Arab
عَنْ أَبِي عَبْدِ الرَّحْمَٰنِ عَبْدِ ٱللَّهِ بْنِ عُمَرَ بْنِ ٱلْخَطَّابِ رَضِيَ ٱللَّهُ عَنْهُمَا قَالَ:
سَمِعْتُ رَسُولَ ٱللَّهِ ﷺ يَقُولُ:
""بُنِيَ ٱلْإِسْلَامُ عَلَى خَمْسٍ: شَهَادَةِ أَنْ لَا إِلَٰهَ إِلَّا ٱللَّهُ، وَأَنَّ مُحَمَّدًا رَسُولُ ٱللَّهِ، وَإِقَامِ ٱلصَّلَاةِ، وَإِيتَاءِ ٱلزَّكَاةِ، وَصَوْمِ رَمَضَانَ، وَحَجِّ ٱلْبَيْتِ.""

✅ Latin (Transliterasi)
Buniyal-Islāmu ‘alā khamsin: syahādati an lā ilāha illallāh, wa anna Muḥammadan Rasūlullāh, wa iqāmish-shalāh, wa ītāʾiz-zakāh, wa ṣawm Ramadān, wa ḥajjil-bait.

✅ Terjemahan Indonesia
Dari Abu Abdurrahman, Abdullah bin Umar bin Al-Khattab radhiyallahu ‘anhuma, ia berkata:
Aku mendengar Rasulullah ﷺ bersabda:
""Islam dibangun di atas lima (pilar):
Bersyahadat bahwa tidak ada Tuhan selain Allah dan Muhammad adalah utusan Allah,
Menegakkan shalat,
Menunaikan zakat,
Berpuasa di bulan Ramadan,
Berhaji ke Baitullah (jika mampu menempuh perjalanan ke sana).""
(HR. Bukhari dan Muslim – Muttafaqun ‘alaih)

📌 Makna dan Kandungan Hadits
🧱 Islam seperti sebuah bangunan
Rasulullah ﷺ mengibaratkan agama Islam seperti bangunan, dan rukun Islam adalah tiang-tiangnya. Jika satu pilar roboh, bangunan akan rapuh.

🖐️ Lima Pilar Utama Islam (Rukun Islam):
Syahadat – Pengakuan tauhid dan kerasulan Nabi Muhammad ﷺ. Ini fondasi iman.
Shalat – Penghubung harian antara hamba dan Rabb-nya. Tiang agama.
Zakat – Membersihkan harta dan menolong sesama. Solidaritas sosial.
Puasa Ramadan – Latihan spiritual dan pengendalian diri.
Haji – Puncak ibadah fisik dan finansial bagi yang mampu.

📚 Pelajaran Penting:
Islam bukan sekadar identitas, tapi harus dibuktikan dengan amal nyata.
Ibadah-ibadah ini membentuk pribadi Muslim yang taat, peduli, disiplin, dan ikhlas.
Semua rukun ini bertingkat: dari pengakuan hati dan lisan (syahadat), hingga ibadah fisik dan harta (shalat, zakat, puasa, haji).",false
carousel,photo,DLAYTTQJVnX,3657029776883145175,2025-06-17 21:52:23,posts/2025-06-17_21-52-23_[DLAYTTQJVnX]_01.webp,1,,6,0,,"Tak ada tempat di dunia seperti Madinah.
Sejauh apa pun langkahmu pergi, saat tiba di sana… rasanya seperti pulang.

Kamu berjalan di jalan yang dulu dilalui Rasulullah ﷺ.
Kamu shalat di tempat beliau memimpin umat.
Kamu mengucapkan salam kepadanya… dan entah bagaimana, hatimu pun terasa tenang.

Madinah bukan sekadar kota.
Ia adalah jantung kaum Muslimin.
Tempat bernaung. Tempat mengingat.
Dan bagi banyak orang, bagian paling menggetarkan hati dalam perjalanan suci.

Kalau hatimu sedang rindu Madinah, kamu nggak sendiri.

Semoga Allah beri kita kesempatan duduk dekat Raudhah..
menangis dalam sujud di bawah kubah hijaunya,
dan meninggalkan Madinah dengan hati penuh cinta dan cahaya.

-------------------------------------------------------
🌟 Paket Umrah Hemat & Nyaman!
Mulai dari 25 juta-an saja, sudah termasuk:
✅ Akomodasi hotel bintang 3 jarak hanya 600 meter dari pelataran Masjid
✅ Pesawat reguler
✅ Makanan halal 3x sehari
✅ Bimbingan ibadah oleh tim profesional

💼 Travel amanah & terpercaya, didukung tim berpengalaman lebih dari 20 tahun melayani jamaah haji & umrah.
🏢 PT ALFATIH DUNIA WISATA
📍 Grand Depok City, Jawa Barat

#islam #muslim #makkah #allah #haji #islamic #haramain #hijriah #perjalananislami #jamaah #umroh #umrah #umrohmurah #umrohpremium #pengingatislami #cintaIslam #halaltour #wisatahalal #umrohmurahpremium2025",false
carousel,photo,DLAYTTQJVnX,3657029776883145175,2025-06-17 21:52:23,posts/2025-06-17_21-52-23_[DLAYTTQJVnX]_02.webp,2,,6,0,,"Tak ada tempat di dunia seperti Madinah.
Sejauh apa pun langkahmu pergi, saat tiba di sana… rasanya seperti pulang.

Kamu berjalan di jalan yang dulu dilalui Rasulullah ﷺ.
Kamu shalat di tempat beliau memimpin umat.
Kamu mengucapkan salam kepadanya… dan entah bagaimana, hatimu pun terasa tenang.

Madinah bukan sekadar kota.
Ia adalah jantung kaum Muslimin.
Tempat bernaung. Tempat mengingat.
Dan bagi banyak orang, bagian paling menggetarkan hati dalam perjalanan suci.

Kalau hatimu sedang rindu Madinah, kamu nggak sendiri.

Semoga Allah beri kita kesempatan duduk dekat Raudhah..
menangis dalam sujud di bawah kubah hijaunya,
dan meninggalkan Madinah dengan hati penuh cinta dan cahaya.

-------------------------------------------------------
🌟 Paket Umrah Hemat & Nyaman!
Mulai dari 25 juta-an saja, sudah termasuk:
✅ Akomodasi hotel bintang 3 jarak hanya 600 meter dari pelataran Masjid
✅ Pesawat reguler
✅ Makanan halal 3x sehari
✅ Bimbingan ibadah oleh tim profesional

💼 Travel amanah & terpercaya, didukung tim berpengalaman lebih dari 20 tahun melayani jamaah haji & umrah.
🏢 PT ALFATIH DUNIA WISATA
📍 Grand Depok City, Jawa Barat

#islam #muslim #makkah #allah #haji #islamic #haramain #hijriah #perjalananislami #jamaah #umroh #umrah #umrohmurah #umrohpremium #pengingatislami #cintaIslam #halaltour #wisatahalal #umrohmurahpremium2025",false
carousel,photo,DLAYTTQJVnX,3657029776883145175,2025-06-17 21:52:23,posts/2025-06-17_21-52-23_[DLAYTTQJVnX]_03.webp,3,,6,0,,"Tak ada tempat di dunia seperti Madinah.
Sejauh apa pun langkahmu pergi, saat tiba di sana… rasanya seperti pulang.

Kamu berjalan di jalan yang dulu dilalui Rasulullah ﷺ.
Kamu shalat di tempat beliau memimpin umat.
Kamu mengucapkan salam kepadanya… dan entah bagaimana, hatimu pun terasa tenang.

Madinah bukan sekadar kota.
Ia adalah jantung kaum Muslimin.
Tempat bernaung. Tempat mengingat.
Dan bagi banyak orang, bagian paling menggetarkan hati dalam perjalanan suci.

Kalau hatimu sedang rindu Madinah, kamu nggak sendiri.

Semoga Allah beri kita kesempatan duduk dekat Raudhah..
menangis dalam sujud di bawah kubah hijaunya,
dan meninggalkan Madinah dengan hati penuh cinta dan cahaya.

-------------------------------------------------------
🌟 Paket Umrah Hemat & Nyaman!
Mulai dari 25 juta-an saja, sudah termasuk:
✅ Akomodasi hotel bintang 3 jarak hanya 600 meter dari pelataran Masjid
✅ Pesawat reguler
✅ Makanan halal 3x sehari
✅ Bimbingan ibadah oleh tim profesional

💼 Travel amanah & terpercaya, didukung tim berpengalaman lebih dari 20 tahun melayani jamaah haji & umrah.
🏢 PT ALFATIH DUNIA WISATA
📍 Grand Depok City, Jawa Barat

#islam #muslim #makkah #allah #haji #islamic #haramain #hijriah #perjalananislami #jamaah #umroh #umrah #umrohmurah #umrohpremium #pengingatislami #cintaIslam #halaltour #wisatahalal #umrohmurahpremium2025",false
carousel,photo,DLAYTTQJVnX,3657029776883145175,2025-06-17 21:52:23,posts/2025-06-17_21-52-23_[DLAYTTQJVnX]_04.webp,4,,6,0,,"Tak ada tempat di dunia seperti Madinah.
Sejauh apa pun langkahmu pergi, saat tiba di sana… rasanya seperti pulang.

Kamu berjalan di jalan yang dulu dilalui Rasulullah ﷺ.
Kamu shalat di tempat beliau memimpin umat.
Kamu mengucapkan salam kepadanya… dan entah bagaimana, hatimu pun terasa tenang.

Madinah bukan sekadar kota.
Ia adalah jantung kaum Muslimin.
Tempat bernaung. Tempat mengingat.
Dan bagi banyak orang, bagian paling menggetarkan hati dalam perjalanan suci.

Kalau hatimu sedang rindu Madinah, kamu nggak sendiri.

Semoga Allah beri kita kesempatan duduk dekat Raudhah..
menangis dalam sujud di bawah kubah hijaunya,
dan meninggalkan Madinah dengan hati penuh cinta dan cahaya.

-------------------------------------------------------
🌟 Paket Umrah Hemat & Nyaman!
Mulai dari 25 juta-an saja, sudah termasuk:
✅ Akomodasi hotel bintang 3 jarak hanya 600 meter dari pelataran Masjid
✅ Pesawat reguler
✅ Makanan halal 3x sehari
✅ Bimbingan ibadah oleh tim profesional

💼 Travel amanah & terpercaya, didukung tim berpengalaman lebih dari 20 tahun melayani jamaah haji & umrah.
🏢 PT ALFATIH DUNIA WISATA
📍 Grand Depok City, Jawa Barat

#islam #muslim #makkah #allah #haji #islamic #haramain #hijriah #perjalananislami #jamaah #umroh #umrah #umrohmurah #umrohpremium #pengingatislami #cintaIslam #halaltour #wisatahalal #umrohmurahpremium2025",false
carousel,photo,DLAYTTQJVnX,3657029776883145175,2025-06-17 21:52:23,posts/2025-06-17_21-52-23_[DLAYTTQJVnX]_05.webp,5,,6,0,,"Tak ada tempat di dunia seperti Madinah.
Sejauh apa pun langkahmu pergi, saat tiba di sana… rasanya seperti pulang.

Kamu berjalan di jalan yang dulu dilalui Rasulullah ﷺ.
Kamu shalat di tempat beliau memimpin umat.
Kamu mengucapkan salam kepadanya… dan entah bagaimana, hatimu pun terasa tenang.

Madinah bukan sekadar kota.
Ia adalah jantung kaum Muslimin.
Tempat bernaung. Tempat mengingat.
Dan bagi banyak orang, bagian paling menggetarkan hati dalam perjalanan suci.

Kalau hatimu sedang rindu Madinah, kamu nggak sendiri.

Semoga Allah beri kita kesempatan duduk dekat Raudhah..
menangis dalam sujud di bawah kubah hijaunya,
dan meninggalkan Madinah dengan hati penuh cinta dan cahaya.

-------------------------------------------------------
🌟 Paket Umrah Hemat & Nyaman!
Mulai dari 25 juta-an saja, sudah termasuk:
✅ Akomodasi hotel bintang 3 jarak hanya 600 meter dari pelataran Masjid
✅ Pesawat reguler
✅ Makanan halal 3x sehari
✅ Bimbingan ibadah oleh tim profesional

💼 Travel amanah & terpercaya, didukung tim berpengalaman lebih dari 20 tahun melayani jamaah haji & umrah.
🏢 PT ALFATIH DUNIA WISATA
📍 Grand Depok City, Jawa Barat

#islam #muslim #makkah #allah #haji #islamic #haramain #hijriah #perjalananislami #jamaah #umroh #umrah #umrohmurah #umrohpremium #pengingatislami #cintaIslam #halaltour #wisatahalal #umrohmurahpremium2025",false
carousel,photo,DLAYTTQJVnX,3657029776883145175,2025-06-17 21:52:23,posts/2025-06-17_21-52-23_[DLAYTTQJVnX]_06.webp,6,,6,0,,"Tak ada tempat di dunia seperti Madinah.
Sejauh apa pun langkahmu pergi, saat tiba di sana… rasanya seperti pulang.

Kamu berjalan di jalan yang dulu dilalui Rasulullah ﷺ.
Kamu shalat di tempat beliau memimpin umat.
Kamu mengucapkan salam kepadanya… dan entah bagaimana, hatimu pun terasa tenang.

Madinah bukan sekadar kota.
Ia adalah jantung kaum Muslimin.
Tempat bernaung. Tempat mengingat.
Dan bagi banyak orang, bagian paling menggetarkan hati dalam perjalanan suci.

Kalau hatimu sedang rindu Madinah, kamu nggak sendiri.

Semoga Allah beri kita kesempatan duduk dekat Raudhah..
menangis dalam sujud di bawah kubah hijaunya,
dan meninggalkan Madinah dengan hati penuh cinta dan cahaya.

-------------------------------------------------------
🌟 Paket Umrah Hemat & Nyaman!
Mulai dari 25 juta-an saja, sudah termasuk:
✅ Akomodasi hotel bintang 3 jarak hanya 600 meter dari pelataran Masjid
✅ Pesawat reguler
✅ Makanan halal 3x sehari
✅ Bimbingan ibadah oleh tim profesional

💼 Travel amanah & terpercaya, didukung tim berpengalaman lebih dari 20 tahun melayani jamaah haji & umrah.
🏢 PT ALFATIH DUNIA WISATA
📍 Grand Depok City, Jawa Barat

#islam #muslim #makkah #allah #haji #islamic #haramain #hijriah #perjalananislami #jamaah #umroh #umrah #umrohmurah #umrohpremium #pengingatislami #cintaIslam #halaltour #wisatahalal #umrohmurahpremium2025",false
carousel,photo,DLAYTTQJVnX,3657029776883145175,2025-06-17 21:52:23,posts/2025-06-17_21-52-23_[DLAYTTQJVnX]_07.webp,7,,6,0,,"Tak ada tempat di dunia seperti Madinah.
Sejauh apa pun langkahmu pergi, saat tiba di sana… rasanya seperti pulang.

Kamu berjalan di jalan yang dulu dilalui Rasulullah ﷺ.
Kamu shalat di tempat beliau memimpin umat.
Kamu mengucapkan salam kepadanya… dan entah bagaimana, hatimu pun terasa tenang.

Madinah bukan sekadar kota.
Ia adalah jantung kaum Muslimin.
Tempat bernaung. Tempat mengingat.
Dan bagi banyak orang, bagian paling menggetarkan hati dalam perjalanan suci.

Kalau hatimu sedang rindu Madinah, kamu nggak sendiri.

Semoga Allah beri kita kesempatan duduk dekat Raudhah..
menangis dalam sujud di bawah kubah hijaunya,
dan meninggalkan Madinah dengan hati penuh cinta dan cahaya.

-------------------------------------------------------
🌟 Paket Umrah Hemat & Nyaman!
Mulai dari 25 juta-an saja, sudah termasuk:
✅ Akomodasi hotel bintang 3 jarak hanya 600 meter dari pelataran Masjid
✅ Pesawat reguler
✅ Makanan halal 3x sehari
✅ Bimbingan ibadah oleh tim profesional

💼 Travel amanah & terpercaya, didukung tim berpengalaman lebih dari 20 tahun melayani jamaah haji & umrah.
🏢 PT ALFATIH DUNIA WISATA
📍 Grand Depok City, Jawa Barat

#islam #muslim #makkah #allah #haji #islamic #haramain #hijriah #perjalananislami #jamaah #umroh #umrah #umrohmurah #umrohpremium #pengingatislami #cintaIslam #halaltour #wisatahalal #umrohmurahpremium2025",false
carousel,photo,DLAYTTQJVnX,3657029776883145175,2025-06-17 21:52:23,posts/2025-06-17_21-52-23_[DLAYTTQJVnX]_08.webp,8,,6,0,,"Tak ada tempat di dunia seperti Madinah.
Sejauh apa pun langkahmu pergi, saat tiba di sana… rasanya seperti pulang.

Kamu berjalan di jalan yang dulu dilalui Rasulullah ﷺ.
Kamu shalat di tempat beliau memimpin umat.
Kamu mengucapkan salam kepadanya… dan entah bagaimana, hatimu pun terasa tenang.

Madinah bukan sekadar kota.
Ia adalah jantung kaum Muslimin.
Tempat bernaung. Tempat mengingat.
Dan bagi banyak orang, bagian paling menggetarkan hati dalam perjalanan suci.

Kalau hatimu sedang rindu Madinah, kamu nggak sendiri.

Semoga Allah beri kita kesempatan duduk dekat Raudhah..
menangis dalam sujud di bawah kubah hijaunya,
dan meninggalkan Madinah dengan hati penuh cinta dan cahaya.

-------------------------------------------------------
🌟 Paket Umrah Hemat & Nyaman!
Mulai dari 25 juta-an saja, sudah termasuk:
✅ Akomodasi hotel bintang 3 jarak hanya 600 meter dari pelataran Masjid
✅ Pesawat reguler
✅ Makanan halal 3x sehari
✅ Bimbingan ibadah oleh tim profesional

💼 Travel amanah & terpercaya, didukung tim berpengalaman lebih dari 20 tahun melayani jamaah haji & umrah.
🏢 PT ALFATIH DUNIA WISATA
📍 Grand Depok City, Jawa Barat

#islam #muslim #makkah #allah #haji #islamic #haramain #hijriah #perjalananislami #jamaah #umroh #umrah #umrohmurah #umrohpremium #pengingatislami #cintaIslam #halaltour #wisatahalal #umrohmurahpremium2025",false
carousel,photo,DK_TXshJPRx,3656726613680518257,2025-06-17 11:50:03,posts/2025-06-17_11-50-03_[DK_TXshJPRx]_01.webp,1,,6,0,,"Setiap perjalanan umrah punya ceritanya sendiri. Ada yang memilih langsung ke Makkah karena ingin segera melihat Ka'bah dan melaksanakan umrah di awal. Ada juga yang lebih suka mendarat di Madinah terlebih dahulu, menikmati suasana damai Masjid Nabawi dan menenangkan hati sebelum menuju Makkah. Dua-duanya punya keutamaan tersendiri, dan semuanya sama-sama mulia.

Karena sejatinya, perjalanan ke Tanah Suci bukan soal rutenya duluan mana, tapi kesiapan hati untuk beribadah. Entah Makkah dulu atau Madinah dulu, yang terpenting adalah niat, ketulusan, dan rasa rindu untuk semakin dekat kepada Allah. 🤍
-------------------------------------------------------
🌟 Paket Umrah Hemat & Nyaman!
Mulai dari 25 juta-an saja, sudah termasuk:
✅ Akomodasi hotel bintang 3 jarak hanya 600 meter dari pelataran Masjid
✅ Pesawat reguler
✅ Makanan halal 3x sehari
✅ Bimbingan ibadah oleh tim profesional

💼 Travel amanah & terpercaya, didukung tim berpengalaman lebih dari 20 tahun melayani jamaah haji & umrah.
🏢 PT ALFATIH DUNIA WISATA
📍 Grand Depok City, Jawa Barat

📲 Yuk, daftar sekarang! Tempat terbatas!
#Umrah2025 #UmrahMurah #PaketUmrah #UmrahBersamaAlfatih #TravelAmanah #UmrahBintang3 #UmrahHemat #AlfatihTravel #UmrahBersamaKeluarga",false
carousel,photo,DK_TXshJPRx,3656726613680518257,2025-06-17 11:50:03,posts/2025-06-17_11-50-03_[DK_TXshJPRx]_02.webp,2,,6,0,,"Setiap perjalanan umrah punya ceritanya sendiri. Ada yang memilih langsung ke Makkah karena ingin segera melihat Ka'bah dan melaksanakan umrah di awal. Ada juga yang lebih suka mendarat di Madinah terlebih dahulu, menikmati suasana damai Masjid Nabawi dan menenangkan hati sebelum menuju Makkah. Dua-duanya punya keutamaan tersendiri, dan semuanya sama-sama mulia.

Karena sejatinya, perjalanan ke Tanah Suci bukan soal rutenya duluan mana, tapi kesiapan hati untuk beribadah. Entah Makkah dulu atau Madinah dulu, yang terpenting adalah niat, ketulusan, dan rasa rindu untuk semakin dekat kepada Allah. 🤍
-------------------------------------------------------
🌟 Paket Umrah Hemat & Nyaman!
Mulai dari 25 juta-an saja, sudah termasuk:
✅ Akomodasi hotel bintang 3 jarak hanya 600 meter dari pelataran Masjid
✅ Pesawat reguler
✅ Makanan halal 3x sehari
✅ Bimbingan ibadah oleh tim profesional

💼 Travel amanah & terpercaya, didukung tim berpengalaman lebih dari 20 tahun melayani jamaah haji & umrah.
🏢 PT ALFATIH DUNIA WISATA
📍 Grand Depok City, Jawa Barat

📲 Yuk, daftar sekarang! Tempat terbatas!
#Umrah2025 #UmrahMurah #PaketUmrah #UmrahBersamaAlfatih #TravelAmanah #UmrahBintang3 #UmrahHemat #AlfatihTravel #UmrahBersamaKeluarga",false
carousel,photo,DK_TXshJPRx,3656726613680518257,2025-06-17 11:50:03,posts/2025-06-17_11-50-03_[DK_TXshJPRx]_03.webp,3,,6,0,,"Setiap perjalanan umrah punya ceritanya sendiri. Ada yang memilih langsung ke Makkah karena ingin segera melihat Ka'bah dan melaksanakan umrah di awal. Ada juga yang lebih suka mendarat di Madinah terlebih dahulu, menikmati suasana damai Masjid Nabawi dan menenangkan hati sebelum menuju Makkah. Dua-duanya punya keutamaan tersendiri, dan semuanya sama-sama mulia.

Karena sejatinya, perjalanan ke Tanah Suci bukan soal rutenya duluan mana, tapi kesiapan hati untuk beribadah. Entah Makkah dulu atau Madinah dulu, yang terpenting adalah niat, ketulusan, dan rasa rindu untuk semakin dekat kepada Allah. 🤍
-------------------------------------------------------
🌟 Paket Umrah Hemat & Nyaman!
Mulai dari 25 juta-an saja, sudah termasuk:
✅ Akomodasi hotel bintang 3 jarak hanya 600 meter dari pelataran Masjid
✅ Pesawat reguler
✅ Makanan halal 3x sehari
✅ Bimbingan ibadah oleh tim profesional

💼 Travel amanah & terpercaya, didukung tim berpengalaman lebih dari 20 tahun melayani jamaah haji & umrah.
🏢 PT ALFATIH DUNIA WISATA
📍 Grand Depok City, Jawa Barat

📲 Yuk, daftar sekarang! Tempat terbatas!
#Umrah2025 #UmrahMurah #PaketUmrah #UmrahBersamaAlfatih #TravelAmanah #UmrahBintang3 #UmrahHemat #AlfatihTravel #UmrahBersamaKeluarga",false
carousel,photo,DK_TXshJPRx,3656726613680518257,2025-06-17 11:50:03,posts/2025-06-17_11-50-03_[DK_TXshJPRx]_04.webp,4,,6,0,,"Setiap perjalanan umrah punya ceritanya sendiri. Ada yang memilih langsung ke Makkah karena ingin segera melihat Ka'bah dan melaksanakan umrah di awal. Ada juga yang lebih suka mendarat di Madinah terlebih dahulu, menikmati suasana damai Masjid Nabawi dan menenangkan hati sebelum menuju Makkah. Dua-duanya punya keutamaan tersendiri, dan semuanya sama-sama mulia.

Karena sejatinya, perjalanan ke Tanah Suci bukan soal rutenya duluan mana, tapi kesiapan hati untuk beribadah. Entah Makkah dulu atau Madinah dulu, yang terpenting adalah niat, ketulusan, dan rasa rindu untuk semakin dekat kepada Allah. 🤍
-------------------------------------------------------
🌟 Paket Umrah Hemat & Nyaman!
Mulai dari 25 juta-an saja, sudah termasuk:
✅ Akomodasi hotel bintang 3 jarak hanya 600 meter dari pelataran Masjid
✅ Pesawat reguler
✅ Makanan halal 3x sehari
✅ Bimbingan ibadah oleh tim profesional

💼 Travel amanah & terpercaya, didukung tim berpengalaman lebih dari 20 tahun melayani jamaah haji & umrah.
🏢 PT ALFATIH DUNIA WISATA
📍 Grand Depok City, Jawa Barat

📲 Yuk, daftar sekarang! Tempat terbatas!
#Umrah2025 #UmrahMurah #PaketUmrah #UmrahBersamaAlfatih #TravelAmanah #UmrahBintang3 #UmrahHemat #AlfatihTravel #UmrahBersamaKeluarga",false
carousel,photo,DK_TXshJPRx,3656726613680518257,2025-06-17 11:50:03,posts/2025-06-17_11-50-03_[DK_TXshJPRx]_05.webp,5,,6,0,,"Setiap perjalanan umrah punya ceritanya sendiri. Ada yang memilih langsung ke Makkah karena ingin segera melihat Ka'bah dan melaksanakan umrah di awal. Ada juga yang lebih suka mendarat di Madinah terlebih dahulu, menikmati suasana damai Masjid Nabawi dan menenangkan hati sebelum menuju Makkah. Dua-duanya punya keutamaan tersendiri, dan semuanya sama-sama mulia.

Karena sejatinya, perjalanan ke Tanah Suci bukan soal rutenya duluan mana, tapi kesiapan hati untuk beribadah. Entah Makkah dulu atau Madinah dulu, yang terpenting adalah niat, ketulusan, dan rasa rindu untuk semakin dekat kepada Allah. 🤍
-------------------------------------------------------
🌟 Paket Umrah Hemat & Nyaman!
Mulai dari 25 juta-an saja, sudah termasuk:
✅ Akomodasi hotel bintang 3 jarak hanya 600 meter dari pelataran Masjid
✅ Pesawat reguler
✅ Makanan halal 3x sehari
✅ Bimbingan ibadah oleh tim profesional

💼 Travel amanah & terpercaya, didukung tim berpengalaman lebih dari 20 tahun melayani jamaah haji & umrah.
🏢 PT ALFATIH DUNIA WISATA
📍 Grand Depok City, Jawa Barat

📲 Yuk, daftar sekarang! Tempat terbatas!
#Umrah2025 #UmrahMurah #PaketUmrah #UmrahBersamaAlfatih #TravelAmanah #UmrahBintang3 #UmrahHemat #AlfatihTravel #UmrahBersamaKeluarga",false
carousel,photo,DK_TXshJPRx,3656726613680518257,2025-06-17 11:50:03,posts/2025-06-17_11-50-03_[DK_TXshJPRx]_06.webp,6,,6,0,,"Setiap perjalanan umrah punya ceritanya sendiri. Ada yang memilih langsung ke Makkah karena ingin segera melihat Ka'bah dan melaksanakan umrah di awal. Ada juga yang lebih suka mendarat di Madinah terlebih dahulu, menikmati suasana damai Masjid Nabawi dan menenangkan hati sebelum menuju Makkah. Dua-duanya punya keutamaan tersendiri, dan semuanya sama-sama mulia.

Karena sejatinya, perjalanan ke Tanah Suci bukan soal rutenya duluan mana, tapi kesiapan hati untuk beribadah. Entah Makkah dulu atau Madinah dulu, yang terpenting adalah niat, ketulusan, dan rasa rindu untuk semakin dekat kepada Allah. 🤍
-------------------------------------------------------
🌟 Paket Umrah Hemat & Nyaman!
Mulai dari 25 juta-an saja, sudah termasuk:
✅ Akomodasi hotel bintang 3 jarak hanya 600 meter dari pelataran Masjid
✅ Pesawat reguler
✅ Makanan halal 3x sehari
✅ Bimbingan ibadah oleh tim profesional

💼 Travel amanah & terpercaya, didukung tim berpengalaman lebih dari 20 tahun melayani jamaah haji & umrah.
🏢 PT ALFATIH DUNIA WISATA
📍 Grand Depok City, Jawa Barat

📲 Yuk, daftar sekarang! Tempat terbatas!
#Umrah2025 #UmrahMurah #PaketUmrah #UmrahBersamaAlfatih #TravelAmanah #UmrahBintang3 #UmrahHemat #AlfatihTravel #UmrahBersamaKeluarga",false
carousel,photo,DK93_deJUkc,3656324726024128796,2025-06-16 22:31:34,posts/2025-06-16_22-31-34_[DK93_deJUkc]_01.jpg,1,,6,0,,"Hal ini juga dikonfirmasi oleh Dewan Pengurus Pusat Asosiasi Muslim Penyelenggara Haji dan Umrah Republik Indonesia (AMPHURI). ""Jadi visa umrah tuh akan diterbitkan jika hotel yang dipesan di Makkah dan di Madinah sudah mempunyai tasreh dari Difa' Madani dan Kementerian Pariwisata,"" ujar Kabid Umrah DPP AMPHURI Ahmad Barakwan kepada detikHikmah melalui sambungan telepon, Sabtu (31/5/2025)

📍 Kunjungi kantor kami di Grand Depok City, Depok untuk informasi lebih lanjut atau pemesanan langsung.
✈️ Percayakan perjalanan impian Anda bersama ALFATIH Wisata --- Umroh Anda, Dedikasi Kami",false
carousel,photo,DK93_deJUkc,3656324726024128796,2025-06-16 22:31:34,posts/2025-06-16_22-31-34_[DK93_deJUkc]_02.jpg,2,,6,0,,"Hal ini juga dikonfirmasi oleh Dewan Pengurus Pusat Asosiasi Muslim Penyelenggara Haji dan Umrah Republik Indonesia (AMPHURI). ""Jadi visa umrah tuh akan diterbitkan jika hotel yang dipesan di Makkah dan di Madinah sudah mempunyai tasreh dari Difa' Madani dan Kementerian Pariwisata,"" ujar Kabid Umrah DPP AMPHURI Ahmad Barakwan kepada detikHikmah melalui sambungan telepon, Sabtu (31/5/2025)

📍 Kunjungi kantor kami di Grand Depok City, Depok untuk informasi lebih lanjut atau pemesanan langsung.
✈️ Percayakan perjalanan impian Anda bersama ALFATIH Wisata --- Umroh Anda, Dedikasi Kami",false
carousel,photo,DK93_deJUkc,3656324726024128796,2025-06-16 22:31:34,posts/2025-06-16_22-31-34_[DK93_deJUkc]_03.jpg,3,,6,0,,"Hal ini juga dikonfirmasi oleh Dewan Pengurus Pusat Asosiasi Muslim Penyelenggara Haji dan Umrah Republik Indonesia (AMPHURI). ""Jadi visa umrah tuh akan diterbitkan jika hotel yang dipesan di Makkah dan di Madinah sudah mempunyai tasreh dari Difa' Madani dan Kementerian Pariwisata,"" ujar Kabid Umrah DPP AMPHURI Ahmad Barakwan kepada detikHikmah melalui sambungan telepon, Sabtu (31/5/2025)

📍 Kunjungi kantor kami di Grand Depok City, Depok untuk informasi lebih lanjut atau pemesanan langsung.
✈️ Percayakan perjalanan impian Anda bersama ALFATIH Wisata --- Umroh Anda, Dedikasi Kami",false
carousel,photo,DK93_deJUkc,3656324726024128796,2025-06-16 22:31:34,posts/2025-06-16_22-31-34_[DK93_deJUkc]_04.jpg,4,,6,0,,"Hal ini juga dikonfirmasi oleh Dewan Pengurus Pusat Asosiasi Muslim Penyelenggara Haji dan Umrah Republik Indonesia (AMPHURI). ""Jadi visa umrah tuh akan diterbitkan jika hotel yang dipesan di Makkah dan di Madinah sudah mempunyai tasreh dari Difa' Madani dan Kementerian Pariwisata,"" ujar Kabid Umrah DPP AMPHURI Ahmad Barakwan kepada detikHikmah melalui sambungan telepon, Sabtu (31/5/2025)

📍 Kunjungi kantor kami di Grand Depok City, Depok untuk informasi lebih lanjut atau pemesanan langsung.
✈️ Percayakan perjalanan impian Anda bersama ALFATIH Wisata --- Umroh Anda, Dedikasi Kami",false
carousel,photo,DK93_deJUkc,3656324726024128796,2025-06-16 22:31:34,posts/2025-06-16_22-31-34_[DK93_deJUkc]_05.jpg,5,,6,0,,"Hal ini juga dikonfirmasi oleh Dewan Pengurus Pusat Asosiasi Muslim Penyelenggara Haji dan Umrah Republik Indonesia (AMPHURI). ""Jadi visa umrah tuh akan diterbitkan jika hotel yang dipesan di Makkah dan di Madinah sudah mempunyai tasreh dari Difa' Madani dan Kementerian Pariwisata,"" ujar Kabid Umrah DPP AMPHURI Ahmad Barakwan kepada detikHikmah melalui sambungan telepon, Sabtu (31/5/2025)

📍 Kunjungi kantor kami di Grand Depok City, Depok untuk informasi lebih lanjut atau pemesanan langsung.
✈️ Percayakan perjalanan impian Anda bersama ALFATIH Wisata --- Umroh Anda, Dedikasi Kami",false
carousel,photo,DK93_deJUkc,3656324726024128796,2025-06-16 22:31:34,posts/2025-06-16_22-31-34_[DK93_deJUkc]_06.jpg,6,,6,0,,"Hal ini juga dikonfirmasi oleh Dewan Pengurus Pusat Asosiasi Muslim Penyelenggara Haji dan Umrah Republik Indonesia (AMPHURI). ""Jadi visa umrah tuh akan diterbitkan jika hotel yang dipesan di Makkah dan di Madinah sudah mempunyai tasreh dari Difa' Madani dan Kementerian Pariwisata,"" ujar Kabid Umrah DPP AMPHURI Ahmad Barakwan kepada detikHikmah melalui sambungan telepon, Sabtu (31/5/2025)

📍 Kunjungi kantor kami di Grand Depok City, Depok untuk informasi lebih lanjut atau pemesanan langsung.
✈️ Percayakan perjalanan impian Anda bersama ALFATIH Wisata --- Umroh Anda, Dedikasi Kami",false
carousel,photo,DK93_deJUkc,3656324726024128796,2025-06-16 22:31:34,posts/2025-06-16_22-31-34_[DK93_deJUkc]_07.jpg,7,,6,0,,"Hal ini juga dikonfirmasi oleh Dewan Pengurus Pusat Asosiasi Muslim Penyelenggara Haji dan Umrah Republik Indonesia (AMPHURI). ""Jadi visa umrah tuh akan diterbitkan jika hotel yang dipesan di Makkah dan di Madinah sudah mempunyai tasreh dari Difa' Madani dan Kementerian Pariwisata,"" ujar Kabid Umrah DPP AMPHURI Ahmad Barakwan kepada detikHikmah melalui sambungan telepon, Sabtu (31/5/2025)

📍 Kunjungi kantor kami di Grand Depok City, Depok untuk informasi lebih lanjut atau pemesanan langsung.
✈️ Percayakan perjalanan impian Anda bersama ALFATIH Wisata --- Umroh Anda, Dedikasi Kami",false
post,video,DK8r8uFxIGm,3655990286175469990,2025-06-16 11:28:23,posts/2025-06-16_11-28-23_[DK8r8uFxIGm].mp4,,,5,0,,"🌍✨ UMROH SEKALIGUS KELILING DUNIA? YES, BISA!

Gak nyangka ya... dari thawaf di Makkah bisa lanjut sunrise di Cappadocia,
 dari Raudhah langsung nyebrang ke Hagia Sophia,
 bahkan bisa lanjut ngopi cantik di Paris atau ngeteh di Kyoto 🍵

📌 Video ini bukan sekadar itinerary, tapi reminder:

 Kamu muda, kamu bisa berangkat.
 Gak harus nunggu mapan, nikmatin ibadah & halal trip selagi semangat masih membara 💼🎒
🚨 Save video ini sekarang karena:

List ini lengkap banget buat referensi impianmu
Alfatih Umroh punya semua paketnya
Ini bisa jadi “titik balik” kamu tahun ini 🕊️

📥 SAVE, ✈️ NIATKAN, 💬 TAG TEMAN YANG PENGEN UMROH

#UmrohMuda #TravelHalal #AlfatihUmroh #BucketList2025 #UmrohPlusTravel #SpiritualJourney #HalalTrip #UmrohAnakMuda #UmrohImpian #HalalExplorer",false
post,video,DKwAv0BpnYe,3652422583475140126,2025-06-11 13:20:34,posts/2025-06-11_13-20-34_[DKwAv0BpnYe].mp4,,,7,0,,"🌙✨ UMROH + LIBURAN SPIRITUAL ✨🌙

 Liburan kali ini... bukan cuma buat healing badan, tapi juga buat nenangin hati & bersihin jiwa.

✨ Berangkat bareng Alfatih Umroh di:
 📅 25 Juli & 3 Agustus — PAS banget musim liburan!
 🎁 Bonus: Keliling Al-Ula yang super indah & penuh sejarah
 🏨 Pilihan hotel: Bintang 4 atau langsung di Pelataran Masjidil Haram

Cocok buat kamu yang:
 ✔️ Mahasiswa
 ✔️ Freelancer
 ✔️ Pekerja muda
 ✔️ Pengen liburan yang ada maknanya
📍All in, all include

 Mulai dari ibadah yang khusyuk, tempat nyaman, sampai eksplor spiritual di tanah para nabi.

📲 Kuota terbatas, booking sekarang
 DM kami atau klik link di bio!

#UmrohMuda #AlfatihUmroh #UmrohLiburan #HealingSpiritual #AlUlaTrip #Umroh2025 #LiburanBermakna #FreelancerTrip #UmrohAnakMuda #TravelHajiUmroh #UmrohGenZ #UmrohMillennial #UmrahJourney #SpiritualTrip #Umrah2025 #QuranQuotes #HeartToAllah #travelwithmeaning",false
post,photo,DKhjrCbpMEK,3648354062323466506,2025-06-05 22:35:17,posts/2025-06-05_22-35-17_[DKhjrCbpMEK].jpg,,,2,0,,"✨ Selamat Hari Raya Idul Adha 1446 H ✨
Mari maknai Hari Raya Qurban dengan semangat ikhlas, berbagi, dan pengorbanan 🐄🐑
⁣
Semoga setiap tetes kebaikan yang kita niatkan hari ini menjadi jalan menuju keberkahan dan kedamaian dunia akhirat.
⁣
🌍 Selamat merayakan Idul Adha untuk seluruh umat Islam di mana pun berada.
⁣
📿 ""Sesungguhnya Allah tidak melihat kepada bentuk tubuh dan harta kalian, tapi Dia melihat kepada hati dan amal kalian."" (HR. Muslim)

#IdulAdha #SelamatIdulAdha #AlFatihUmroh #Qurban1446H #HariRayaQurban #BerkahQurban #TravelUmroh #alfatihduniawisata",false
post,video,DKeCHG6pnDH,3647362032772477127,2025-06-04 13:47:38,posts/2025-06-04_13-47-38_[DKeCHG6pnDH].mp4,,,11,4,,"🕋✨ Liburan Sekaligus Ibadah? Bisa Banget!

Tanggal 25 Juli – 3 Agustus itu pas banget buat kamu yang pengin isi liburan dengan sesuatu yang lebih bermakna: UMROH.
 Nggak cuma jalan-jalan, tapi juga menyucikan hati dan memperkuat iman.
💡 Fun fact:
 Umroh di bulan Muharram (masih masuk awal tahun Hijriah) punya keutamaan sendiri. Nggak rame kayak musim haji, jadi ibadahnya lebih fokus dan tenang. 🌙
Plus...

 ✅ Libur sekolah & cuti kerja bisa dimaksimalkan
 ✅ Cuaca masih nyaman
 ✅ Group bareng anak muda lainnya, jadi vibes-nya tetap fun & supportif!
🧳 Siap-siap bawa pulang bukan cuma oleh-oleh, tapi juga kedamaian hati 💛
—
📌 Simpan post ini buat reminder!
 👨‍👩‍👧‍👦 Tag keluarga kamu yang pengin umroh bareng tahun ini!
 📩 DM kami sekarang buat tanya-tanya soal paketnya – atau tulis ""MAU"" di kolom komentar!

#UmrahJourney #SpiritualTrip #Umrah2025 #QuranQuotes #HeartToAllah #travelwithmeaning",false
carousel,photo,DKQwu8ppmd5,3643626430994474873,2025-05-30 10:02:19,posts/2025-05-30_10-02-19_[DKQwu8ppmd5]_01.jpg,1,,8,0,,"💡 Ini bukan sekadar puasa, ini kesempatan upgrade iman & bersihin hati.

🕌✨ Serius deh... ini mungkin pertanda buat kamu!
Mau dosa setahun ke belakang & ke depan dihapus cuma dengan puasa satu hari?

Yes, itulah keistimewaan puasa Arafah.
Belum lagi kalau kamu ikutin puasa 1–9 Dzulhijjah, pahalanya berlipat banget!

📆 Yuk catat tanggalnya di kalender masehi, jangan sampai kelewatan!

 Karena… siapa tahu ini cara Allah ngajak kamu lebih dekat lagi sama-Nya.
 Tag temen kamu yang harus tau ini! 🤍

#PuasaDzulhijjah #PuasaArafah #Dzulhijjah2025 #IdulAdha #SelfReminder #AmalanSunnah",false
carousel,photo,DKQwu8ppmd5,3643626430994474873,2025-05-30 10:02:19,posts/2025-05-30_10-02-19_[DKQwu8ppmd5]_02.jpg,2,,8,0,,"💡 Ini bukan sekadar puasa, ini kesempatan upgrade iman & bersihin hati.

🕌✨ Serius deh... ini mungkin pertanda buat kamu!
Mau dosa setahun ke belakang & ke depan dihapus cuma dengan puasa satu hari?

Yes, itulah keistimewaan puasa Arafah.
Belum lagi kalau kamu ikutin puasa 1–9 Dzulhijjah, pahalanya berlipat banget!

📆 Yuk catat tanggalnya di kalender masehi, jangan sampai kelewatan!

 Karena… siapa tahu ini cara Allah ngajak kamu lebih dekat lagi sama-Nya.
 Tag temen kamu yang harus tau ini! 🤍

#PuasaDzulhijjah #PuasaArafah #Dzulhijjah2025 #IdulAdha #SelfReminder #AmalanSunnah",false
carousel,photo,DKQwu8ppmd5,3643626430994474873,2025-05-30 10:02:19,posts/2025-05-30_10-02-19_[DKQwu8ppmd5]_03.jpg,3,,8,0,,"💡 Ini bukan sekadar puasa, ini kesempatan upgrade iman & bersihin hati.

🕌✨ Serius deh... ini mungkin pertanda buat kamu!
Mau dosa setahun ke belakang & ke depan dihapus cuma dengan puasa satu hari?

Yes, itulah keistimewaan puasa Arafah.
Belum lagi kalau kamu ikutin puasa 1–9 Dzulhijjah, pahalanya berlipat banget!

📆 Yuk catat tanggalnya di kalender masehi, jangan sampai kelewatan!

 Karena… siapa tahu ini cara Allah ngajak kamu lebih dekat lagi sama-Nya.
 Tag temen kamu yang harus tau ini! 🤍

#PuasaDzulhijjah #PuasaArafah #Dzulhijjah2025 #IdulAdha #SelfReminder #AmalanSunnah",false
carousel,photo,DKQwu8ppmd5,3643626430994474873,2025-05-30 10:02:19,posts/2025-05-30_10-02-19_[DKQwu8ppmd5]_04.jpg,4,,8,0,,"💡 Ini bukan sekadar puasa, ini kesempatan upgrade iman & bersihin hati.

🕌✨ Serius deh... ini mungkin pertanda buat kamu!
Mau dosa setahun ke belakang & ke depan dihapus cuma dengan puasa satu hari?

Yes, itulah keistimewaan puasa Arafah.
Belum lagi kalau kamu ikutin puasa 1–9 Dzulhijjah, pahalanya berlipat banget!

📆 Yuk catat tanggalnya di kalender masehi, jangan sampai kelewatan!

 Karena… siapa tahu ini cara Allah ngajak kamu lebih dekat lagi sama-Nya.
 Tag temen kamu yang harus tau ini! 🤍

#PuasaDzulhijjah #PuasaArafah #Dzulhijjah2025 #IdulAdha #SelfReminder #AmalanSunnah",false
carousel,photo,DKQwu8ppmd5,3643626430994474873,2025-05-30 10:02:19,posts/2025-05-30_10-02-19_[DKQwu8ppmd5]_05.jpg,5,,8,0,,"💡 Ini bukan sekadar puasa, ini kesempatan upgrade iman & bersihin hati.

🕌✨ Serius deh... ini mungkin pertanda buat kamu!
Mau dosa setahun ke belakang & ke depan dihapus cuma dengan puasa satu hari?

Yes, itulah keistimewaan puasa Arafah.
Belum lagi kalau kamu ikutin puasa 1–9 Dzulhijjah, pahalanya berlipat banget!

📆 Yuk catat tanggalnya di kalender masehi, jangan sampai kelewatan!

 Karena… siapa tahu ini cara Allah ngajak kamu lebih dekat lagi sama-Nya.
 Tag temen kamu yang harus tau ini! 🤍

#PuasaDzulhijjah #PuasaArafah #Dzulhijjah2025 #IdulAdha #SelfReminder #AmalanSunnah",false
carousel,photo,DKQwu8ppmd5,3643626430994474873,2025-05-30 10:02:19,posts/2025-05-30_10-02-19_[DKQwu8ppmd5]_06.jpg,6,,8,0,,"💡 Ini bukan sekadar puasa, ini kesempatan upgrade iman & bersihin hati.

🕌✨ Serius deh... ini mungkin pertanda buat kamu!
Mau dosa setahun ke belakang & ke depan dihapus cuma dengan puasa satu hari?

Yes, itulah keistimewaan puasa Arafah.
Belum lagi kalau kamu ikutin puasa 1–9 Dzulhijjah, pahalanya berlipat banget!

📆 Yuk catat tanggalnya di kalender masehi, jangan sampai kelewatan!

 Karena… siapa tahu ini cara Allah ngajak kamu lebih dekat lagi sama-Nya.
 Tag temen kamu yang harus tau ini! 🤍

#PuasaDzulhijjah #PuasaArafah #Dzulhijjah2025 #IdulAdha #SelfReminder #AmalanSunnah",false
post,video,DJ9Ag2YJ8Cg,3638066331395801248,2025-05-22 17:55:00,posts/2025-05-22_17-55-00_[DJ9Ag2YJ8Cg].mp4,,,7,0,,"UMROH SAAT LIBURAN SEKOLAH? YES, PLEASE! 💼✈️

Kapan lagi bisa umroh bareng keluarga pas liburan sekolah?
 ✨ Tanggal udah fix! 25 Juli – 3 Agustus 2025
 ✨ Penerbangan langsung Garuda Indonesia
 ✨ Hotel bintang 4 super dekat ke Masjid
 ✨ Bonus wisata ke Thaif dan Ziarah Al Ula
 ✨ Naik kereta cepat HARMAIN, experience langka yang jarang didapat!
Udah dapet:

 ✅ Tiket PP direct Garuda
 ✅ Hotel top lokasi strategis
 ✅ Makan halal 3x sehari + Albaik
 ✅ Visa, transport, mutawwif, asuransi
 ✅ Ziarah Madinah, Thaif, & AL ULA!
 ✅ Tour guide lokal yang berpengalaman

📣 SEAT TERBATAS banget loh!
 Harga mulai 33,5 juta-an
 Tinggal pilih: QUAD / TRIPLE / DOUBLE sesuai kebutuhan keluarga kamu 💼👨‍👩‍👧‍👦

✨Umroh bareng Alfatih Sudah ALL-IN, tinggal packing dan mikirin mau jajan apa di Madinah!
 📲 Booking sekarang lewat WhatsApp:
 📞 0815 164 2225
 (Link di bio yaa)

#UmrohLiburanSekolah #UmrohKeluarga #Umroh2025 #AlFatihUmroh #UmrohAnak #PaketUmrohMurah #UmrohAlUla #KeretaCepatHaramain #ZiarahThaif #umrohbersamaanak",false
post,video,DJ1LdbBpQ4r,3635862674566614571,2025-05-19 16:58:03,posts/2025-05-19_16-58-03_[DJ1LdbBpQ4r].mp4,,,11,0,,"Banyak yang bilang: “Nanti aja umrohnya, tunggu mapan.”

Padahal… yang Allah lihat bukan isi dompet kita, tapi isi hati dan niat kita.
Umroh itu bukan untuk yang paling kaya, tapi untuk yang paling percaya.
Percaya bahwa ketika niat sudah bulat, jalan akan dibukakan.
Kadang lewat rezeki tak terduga, kadang lewat doa yang dipeluk langit.

Jadi…

Kalau hatimu udah rindu, jangan tunda lagi.
Beranilah melangkah. Karena perjalanan terbaik… adalah yang membawa kita kembali pulang ke-Nya. 🤍

Pictures source : @makkah__madinah 

#Umroh2025 #SpiritualJourney #KataMutiaraHati #NiatYangMenggerakkan #UmrohBukanSoalMampu #KarismaSpiritual #HijrahStory#UmrahJourney #SpiritualTrip #Umrah2025 #QuranQuotes #HeartToAllah #TravelWithMeaning #UmrahDiHati #JalanMenujuAllah#UmrohSyawal #Umroh2025 #UmrohMabrur #TravelUmroh #SyawalDiTanahSuci",false
carousel,photo,DJyW5-9pwdj,3635068590881179491,2025-05-18 14:39:25,posts/2025-05-18_14-39-25_[DJyW5-9pwdj]_01.jpg,1,,6,0,,"📌 Serba-Serbi Tanah Suci – EPS 02

🕋 Fakta Seru Tentang Mekkah yang Gak Banyak Orang Tahu!

 Ternyata, jam terbesar di dunia itu ada di Kota Suci Mekkah lho! Namanya Makkah Royal Clock Tower 🕰️ — tinggi menaranya sampai 601 meter! Gak cuma megah, tapi juga penuh makna spiritual ✨

📏 Diameter jam-nya 43 meter, jauh lebih besar dari Big Ben London yang ""cuma"" 1,5 meter 😱
 🌙 Jam ini bisa terlihat dari jarak 17 km, dan saat malam memancarkan cahaya hijau yang bisa dilihat sampai 30 km!
 🕌 Berdiri tepat di samping Masjidil Haram, jam ini jadi simbol modern sekaligus pengingat waktu ibadah bagi umat Islam di seluruh dunia.
Kalau kamu berdiri di pelataran Masjidil Haram, sambil ngelihat jam ini... dijamin merinding haru 🥹

📌 Simpan postingan ini biar gak lupa fakta keren tentang Kota Suci!
 👨‍👩‍👧‍👦 Tag keluarga kamu yang harus tahu info ini!
 📩 DM kami untuk info paket umroh 2025 dari Al Fatih!

Atau kamu punya fakta unik lain soal Mekkah atau Madinah?
Tulis di kolom komentar ya! Siapa tahu kita angkat ceritamu di episode selanjutnya

#UmrohMuda #SerbaSerbiTanahSuci #JamTerbesarDiDunia #AlFatihUmroh #UmrohAnakMuda #FaktaMekkah #WisataHalal #UmrohBersamaKeluarga #MakkahClockTower #umroh2025",false
carousel,photo,DJyW5-9pwdj,3635068590881179491,2025-05-18 14:39:25,posts/2025-05-18_14-39-25_[DJyW5-9pwdj]_02.jpg,2,,6,0,,"📌 Serba-Serbi Tanah Suci – EPS 02

🕋 Fakta Seru Tentang Mekkah yang Gak Banyak Orang Tahu!

 Ternyata, jam terbesar di dunia itu ada di Kota Suci Mekkah lho! Namanya Makkah Royal Clock Tower 🕰️ — tinggi menaranya sampai 601 meter! Gak cuma megah, tapi juga penuh makna spiritual ✨

📏 Diameter jam-nya 43 meter, jauh lebih besar dari Big Ben London yang ""cuma"" 1,5 meter 😱
 🌙 Jam ini bisa terlihat dari jarak 17 km, dan saat malam memancarkan cahaya hijau yang bisa dilihat sampai 30 km!
 🕌 Berdiri tepat di samping Masjidil Haram, jam ini jadi simbol modern sekaligus pengingat waktu ibadah bagi umat Islam di seluruh dunia.
Kalau kamu berdiri di pelataran Masjidil Haram, sambil ngelihat jam ini... dijamin merinding haru 🥹

📌 Simpan postingan ini biar gak lupa fakta keren tentang Kota Suci!
 👨‍👩‍👧‍👦 Tag keluarga kamu yang harus tahu info ini!
 📩 DM kami untuk info paket umroh 2025 dari Al Fatih!

Atau kamu punya fakta unik lain soal Mekkah atau Madinah?
Tulis di kolom komentar ya! Siapa tahu kita angkat ceritamu di episode selanjutnya

#UmrohMuda #SerbaSerbiTanahSuci #JamTerbesarDiDunia #AlFatihUmroh #UmrohAnakMuda #FaktaMekkah #WisataHalal #UmrohBersamaKeluarga #MakkahClockTower #umroh2025",false
post,photo,DJq4revpPoS,3632965327981443602,2025-05-15 17:00:00,posts/2025-05-15_17-00-00_[DJq4revpPoS].jpg,,,3,0,,"🌙 HAJI vs UMROH: Bedanya Apa, Sih? ⁣

 Masih bingung bedanya Haji dan Umroh? Yuk kita bahas, biar makin paham sebelum berangkat ke Tanah Suci! 💫
🕋 Haji itu rukun Islam ke-5, wajib banget kalau udah mampu. Tapi... cuma bisa dilaksanain di bulan Dzulhijjah.
✨ Sementara Umroh, hukumnya sunnah yang bisa dikerjain kapan aja sepanjang tahun. Fleksibel, tapi tetap penuh berkah!
📍 Dari tempat ibadah sampai rukun dan wajibnya, dua-duanya punya keunikan masing-masing. Setelah baca ini amu bakal ngerti kenapa dua ibadah ini spesial banget❤️

 💬 DM kami kalau mau tanya-tanya soal paket Haji & Umroh yang cocok buat kamu
 📥 Simpan post ini buat bekal ilmu nanti
 👨‍👩‍👧‍👦 Tag keluarga kamu yang juga lagi cari info soal ibadah ke Tanah Suci
#HajiUmroh #PerjalananSuci #HajiMuda #UmrohMillennial #AlFatihWisata #Haji2025 #Umroh2025 #TravelHajiUmroh #IbadahMudah #HijrahBareng #edukasiislam",false
post,video,DJnioNfyKJ7,3632023921349927547,2025-05-14 09:50:00,posts/2025-05-14_09-50-00_[DJnioNfyKJ7].mp4,,,8,2,,"""Umroh selesai? Saatnya kasih hadiah kecil buat diri sendiri!

Cobain serunya naik Toboggan di Taif — pengalaman meluncur sambil menikmati view pegunungan Al-Hada 🤍
Cuma sekitar Rp 150.000-an, worth it banget buat kenangan manis di tanah suci!

#TobogganTaif #WisataUmroh #SeruDiTaif #TravelArabSaudi #PengalamanUnik #UmrohPlusWisata #TaifAdventure #NaikToboggan #ExploreSaudi #LiburanSetelahUmroh",false
carousel,photo,DJbfT0mpVgd,3628631626371913757,2025-05-09 17:30:00,posts/2025-05-09_17-30-00_[DJbfT0mpVgd]_01.jpg,1,,4,0,,"📌 Step by Step Ibadah Haji: Panduan Singkat 8–13 Dzulhijjah

Buat kamu yang bersiap menunaikan rukun Islam kelima, yuk pahami alur hari-hari utama ibadah haji! ✨
Mulai dari tanggal 8 Dzulhijjah (Tarwiyah) sampai 13 Dzulhijjah (selesai melempar jumrah), setiap harinya punya makna dan amalan khusus yang perlu dijalankan dengan niat tulus karena Allah SWT🤲

📖 Allah berfirman:
 ""Dan sempurnakanlah ibadah haji dan umrah karena Allah...""
 (QS. Al-Baqarah: 196)

💡 Di slide berikutnya, kamu akan belajar:

Apa yang harus dilakukan saat sudah di Mekkah/Madinah?
Kapan mulai niat haji & pakai ihram?
Apa saja yang terjadi saat wukuf, mabit, dan jumrah?

Bismillah, semoga perjalanan haji dilancarkan, dan semua ibadah diterima🤍
👉 Simpan postingan ini sebagai panduan saat berhaji nanti.
 👥 Tag teman kamu yang sedang bersiap ke Tanah Suci tahun ini!

#Haji2025 #LangkahHaji #PanduanHaji #AlFatihUmroh #IbadahHaji #HajiMabrur",false
carousel,photo,DJbfT0mpVgd,3628631626371913757,2025-05-09 17:30:00,posts/2025-05-09_17-30-00_[DJbfT0mpVgd]_02.jpg,2,,4,0,,"📌 Step by Step Ibadah Haji: Panduan Singkat 8–13 Dzulhijjah

Buat kamu yang bersiap menunaikan rukun Islam kelima, yuk pahami alur hari-hari utama ibadah haji! ✨
Mulai dari tanggal 8 Dzulhijjah (Tarwiyah) sampai 13 Dzulhijjah (selesai melempar jumrah), setiap harinya punya makna dan amalan khusus yang perlu dijalankan dengan niat tulus karena Allah SWT🤲

📖 Allah berfirman:
 ""Dan sempurnakanlah ibadah haji dan umrah karena Allah...""
 (QS. Al-Baqarah: 196)

💡 Di slide berikutnya, kamu akan belajar:

Apa yang harus dilakukan saat sudah di Mekkah/Madinah?
Kapan mulai niat haji & pakai ihram?
Apa saja yang terjadi saat wukuf, mabit, dan jumrah?

Bismillah, semoga perjalanan haji dilancarkan, dan semua ibadah diterima🤍
👉 Simpan postingan ini sebagai panduan saat berhaji nanti.
 👥 Tag teman kamu yang sedang bersiap ke Tanah Suci tahun ini!

#Haji2025 #LangkahHaji #PanduanHaji #AlFatihUmroh #IbadahHaji #HajiMabrur",false
carousel,photo,DJbfT0mpVgd,3628631626371913757,2025-05-09 17:30:00,posts/2025-05-09_17-30-00_[DJbfT0mpVgd]_03.jpg,3,,4,0,,"📌 Step by Step Ibadah Haji: Panduan Singkat 8–13 Dzulhijjah

Buat kamu yang bersiap menunaikan rukun Islam kelima, yuk pahami alur hari-hari utama ibadah haji! ✨
Mulai dari tanggal 8 Dzulhijjah (Tarwiyah) sampai 13 Dzulhijjah (selesai melempar jumrah), setiap harinya punya makna dan amalan khusus yang perlu dijalankan dengan niat tulus karena Allah SWT🤲

📖 Allah berfirman:
 ""Dan sempurnakanlah ibadah haji dan umrah karena Allah...""
 (QS. Al-Baqarah: 196)

💡 Di slide berikutnya, kamu akan belajar:

Apa yang harus dilakukan saat sudah di Mekkah/Madinah?
Kapan mulai niat haji & pakai ihram?
Apa saja yang terjadi saat wukuf, mabit, dan jumrah?

Bismillah, semoga perjalanan haji dilancarkan, dan semua ibadah diterima🤍
👉 Simpan postingan ini sebagai panduan saat berhaji nanti.
 👥 Tag teman kamu yang sedang bersiap ke Tanah Suci tahun ini!

#Haji2025 #LangkahHaji #PanduanHaji #AlFatihUmroh #IbadahHaji #HajiMabrur",false
carousel,photo,DJbfT0mpVgd,3628631626371913757,2025-05-09 17:30:00,posts/2025-05-09_17-30-00_[DJbfT0mpVgd]_04.jpg,4,,4,0,,"📌 Step by Step Ibadah Haji: Panduan Singkat 8–13 Dzulhijjah

Buat kamu yang bersiap menunaikan rukun Islam kelima, yuk pahami alur hari-hari utama ibadah haji! ✨
Mulai dari tanggal 8 Dzulhijjah (Tarwiyah) sampai 13 Dzulhijjah (selesai melempar jumrah), setiap harinya punya makna dan amalan khusus yang perlu dijalankan dengan niat tulus karena Allah SWT🤲

📖 Allah berfirman:
 ""Dan sempurnakanlah ibadah haji dan umrah karena Allah...""
 (QS. Al-Baqarah: 196)

💡 Di slide berikutnya, kamu akan belajar:

Apa yang harus dilakukan saat sudah di Mekkah/Madinah?
Kapan mulai niat haji & pakai ihram?
Apa saja yang terjadi saat wukuf, mabit, dan jumrah?

Bismillah, semoga perjalanan haji dilancarkan, dan semua ibadah diterima🤍
👉 Simpan postingan ini sebagai panduan saat berhaji nanti.
 👥 Tag teman kamu yang sedang bersiap ke Tanah Suci tahun ini!

#Haji2025 #LangkahHaji #PanduanHaji #AlFatihUmroh #IbadahHaji #HajiMabrur",false
carousel,photo,DJbfT0mpVgd,3628631626371913757,2025-05-09 17:30:00,posts/2025-05-09_17-30-00_[DJbfT0mpVgd]_05.jpg,5,,4,0,,"📌 Step by Step Ibadah Haji: Panduan Singkat 8–13 Dzulhijjah

Buat kamu yang bersiap menunaikan rukun Islam kelima, yuk pahami alur hari-hari utama ibadah haji! ✨
Mulai dari tanggal 8 Dzulhijjah (Tarwiyah) sampai 13 Dzulhijjah (selesai melempar jumrah), setiap harinya punya makna dan amalan khusus yang perlu dijalankan dengan niat tulus karena Allah SWT🤲

📖 Allah berfirman:
 ""Dan sempurnakanlah ibadah haji dan umrah karena Allah...""
 (QS. Al-Baqarah: 196)

💡 Di slide berikutnya, kamu akan belajar:

Apa yang harus dilakukan saat sudah di Mekkah/Madinah?
Kapan mulai niat haji & pakai ihram?
Apa saja yang terjadi saat wukuf, mabit, dan jumrah?

Bismillah, semoga perjalanan haji dilancarkan, dan semua ibadah diterima🤍
👉 Simpan postingan ini sebagai panduan saat berhaji nanti.
 👥 Tag teman kamu yang sedang bersiap ke Tanah Suci tahun ini!

#Haji2025 #LangkahHaji #PanduanHaji #AlFatihUmroh #IbadahHaji #HajiMabrur",false
carousel,photo,DJbfT0mpVgd,3628631626371913757,2025-05-09 17:30:00,posts/2025-05-09_17-30-00_[DJbfT0mpVgd]_06.jpg,6,,4,0,,"📌 Step by Step Ibadah Haji: Panduan Singkat 8–13 Dzulhijjah

Buat kamu yang bersiap menunaikan rukun Islam kelima, yuk pahami alur hari-hari utama ibadah haji! ✨
Mulai dari tanggal 8 Dzulhijjah (Tarwiyah) sampai 13 Dzulhijjah (selesai melempar jumrah), setiap harinya punya makna dan amalan khusus yang perlu dijalankan dengan niat tulus karena Allah SWT🤲

📖 Allah berfirman:
 ""Dan sempurnakanlah ibadah haji dan umrah karena Allah...""
 (QS. Al-Baqarah: 196)

💡 Di slide berikutnya, kamu akan belajar:

Apa yang harus dilakukan saat sudah di Mekkah/Madinah?
Kapan mulai niat haji & pakai ihram?
Apa saja yang terjadi saat wukuf, mabit, dan jumrah?

Bismillah, semoga perjalanan haji dilancarkan, dan semua ibadah diterima🤍
👉 Simpan postingan ini sebagai panduan saat berhaji nanti.
 👥 Tag teman kamu yang sedang bersiap ke Tanah Suci tahun ini!

#Haji2025 #LangkahHaji #PanduanHaji #AlFatihUmroh #IbadahHaji #HajiMabrur",false
carousel,photo,DJbfT0mpVgd,3628631626371913757,2025-05-09 17:30:00,posts/2025-05-09_17-30-00_[DJbfT0mpVgd]_07.jpg,7,,4,0,,"📌 Step by Step Ibadah Haji: Panduan Singkat 8–13 Dzulhijjah

Buat kamu yang bersiap menunaikan rukun Islam kelima, yuk pahami alur hari-hari utama ibadah haji! ✨
Mulai dari tanggal 8 Dzulhijjah (Tarwiyah) sampai 13 Dzulhijjah (selesai melempar jumrah), setiap harinya punya makna dan amalan khusus yang perlu dijalankan dengan niat tulus karena Allah SWT🤲

📖 Allah berfirman:
 ""Dan sempurnakanlah ibadah haji dan umrah karena Allah...""
 (QS. Al-Baqarah: 196)

💡 Di slide berikutnya, kamu akan belajar:

Apa yang harus dilakukan saat sudah di Mekkah/Madinah?
Kapan mulai niat haji & pakai ihram?
Apa saja yang terjadi saat wukuf, mabit, dan jumrah?

Bismillah, semoga perjalanan haji dilancarkan, dan semua ibadah diterima🤍
👉 Simpan postingan ini sebagai panduan saat berhaji nanti.
 👥 Tag teman kamu yang sedang bersiap ke Tanah Suci tahun ini!

#Haji2025 #LangkahHaji #PanduanHaji #AlFatihUmroh #IbadahHaji #HajiMabrur",false
carousel,photo,DJbfT0mpVgd,3628631626371913757,2025-05-09 17:30:00,posts/2025-05-09_17-30-00_[DJbfT0mpVgd]_08.jpg,8,,4,0,,"📌 Step by Step Ibadah Haji: Panduan Singkat 8–13 Dzulhijjah

Buat kamu yang bersiap menunaikan rukun Islam kelima, yuk pahami alur hari-hari utama ibadah haji! ✨
Mulai dari tanggal 8 Dzulhijjah (Tarwiyah) sampai 13 Dzulhijjah (selesai melempar jumrah), setiap harinya punya makna dan amalan khusus yang perlu dijalankan dengan niat tulus karena Allah SWT🤲

📖 Allah berfirman:
 ""Dan sempurnakanlah ibadah haji dan umrah karena Allah...""
 (QS. Al-Baqarah: 196)

💡 Di slide berikutnya, kamu akan belajar:

Apa yang harus dilakukan saat sudah di Mekkah/Madinah?
Kapan mulai niat haji & pakai ihram?
Apa saja yang terjadi saat wukuf, mabit, dan jumrah?

Bismillah, semoga perjalanan haji dilancarkan, dan semua ibadah diterima🤍
👉 Simpan postingan ini sebagai panduan saat berhaji nanti.
 👥 Tag teman kamu yang sedang bersiap ke Tanah Suci tahun ini!

#Haji2025 #LangkahHaji #PanduanHaji #AlFatihUmroh #IbadahHaji #HajiMabrur",false
carousel,photo,DJbfT0mpVgd,3628631626371913757,2025-05-09 17:30:00,posts/2025-05-09_17-30-00_[DJbfT0mpVgd]_09.jpg,9,,4,0,,"📌 Step by Step Ibadah Haji: Panduan Singkat 8–13 Dzulhijjah

Buat kamu yang bersiap menunaikan rukun Islam kelima, yuk pahami alur hari-hari utama ibadah haji! ✨
Mulai dari tanggal 8 Dzulhijjah (Tarwiyah) sampai 13 Dzulhijjah (selesai melempar jumrah), setiap harinya punya makna dan amalan khusus yang perlu dijalankan dengan niat tulus karena Allah SWT🤲

📖 Allah berfirman:
 ""Dan sempurnakanlah ibadah haji dan umrah karena Allah...""
 (QS. Al-Baqarah: 196)

💡 Di slide berikutnya, kamu akan belajar:

Apa yang harus dilakukan saat sudah di Mekkah/Madinah?
Kapan mulai niat haji & pakai ihram?
Apa saja yang terjadi saat wukuf, mabit, dan jumrah?

Bismillah, semoga perjalanan haji dilancarkan, dan semua ibadah diterima🤍
👉 Simpan postingan ini sebagai panduan saat berhaji nanti.
 👥 Tag teman kamu yang sedang bersiap ke Tanah Suci tahun ini!

#Haji2025 #LangkahHaji #PanduanHaji #AlFatihUmroh #IbadahHaji #HajiMabrur",false
carousel,photo,DJbfT0mpVgd,3628631626371913757,2025-05-09 17:30:00,posts/2025-05-09_17-30-00_[DJbfT0mpVgd]_10.jpg,10,,4,0,,"📌 Step by Step Ibadah Haji: Panduan Singkat 8–13 Dzulhijjah

Buat kamu yang bersiap menunaikan rukun Islam kelima, yuk pahami alur hari-hari utama ibadah haji! ✨
Mulai dari tanggal 8 Dzulhijjah (Tarwiyah) sampai 13 Dzulhijjah (selesai melempar jumrah), setiap harinya punya makna dan amalan khusus yang perlu dijalankan dengan niat tulus karena Allah SWT🤲

📖 Allah berfirman:
 ""Dan sempurnakanlah ibadah haji dan umrah karena Allah...""
 (QS. Al-Baqarah: 196)

💡 Di slide berikutnya, kamu akan belajar:

Apa yang harus dilakukan saat sudah di Mekkah/Madinah?
Kapan mulai niat haji & pakai ihram?
Apa saja yang terjadi saat wukuf, mabit, dan jumrah?

Bismillah, semoga perjalanan haji dilancarkan, dan semua ibadah diterima🤍
👉 Simpan postingan ini sebagai panduan saat berhaji nanti.
 👥 Tag teman kamu yang sedang bersiap ke Tanah Suci tahun ini!

#Haji2025 #LangkahHaji #PanduanHaji #AlFatihUmroh #IbadahHaji #HajiMabrur",false
carousel,photo,DJMJnYlBXg3,3624314088995518519,2025-05-03 18:32:09,posts/2025-05-03_18-32-09_[DJMJnYlBXg3]_01.jpg,1,,6,0,,"🌙✈️ UMROH 10 HARI - 25 JULI 2025 ✈️🌙
Tiket PESAWAT SUDAH TERKONFIRMASI!
Kini saatnya wujudkan niat suci Anda ke Tanah Haram bersama ALFATIH Dunia Wisata.

Tersedia 2 pilihan paket:
✨ GOLD PACKAGE – Hotel ⭐⭐⭐⭐ dekat Masjidil Haram & Nabawi
✨ SILVER PACKAGE – Hemat & tetap nyaman

✅ Tiket Pesawat PP
✅ Hotel Makkah & Madinah 🕌
✅ Transportasi AC + Muthawwif 🚌
✅ Visa & Perlengkapan Umroh 📄
✅ Makan 3x Sehari 🍽️

Bersama kami, ibadah Anda lebih khusyuk dan berkesan.
Booking sekarang! Kursi terbatas!

📍Info & Pendaftaran:
📲 WA: 0815-164-2225
🏢 Kantor: Ruko GDC Blok Anggrek 1, Depok (Samping Chatime)
🔗 www.adwisata.com

#Umroh2025 #UmrohBersamaAlfatih #Umroh10Hari #UmrohDepok #UmrohPromo #AlfatihTravel",false
carousel,photo,DJMJnYlBXg3,3624314088995518519,2025-05-03 18:32:09,posts/2025-05-03_18-32-09_[DJMJnYlBXg3]_02.jpg,2,,6,0,,"🌙✈️ UMROH 10 HARI - 25 JULI 2025 ✈️🌙
Tiket PESAWAT SUDAH TERKONFIRMASI!
Kini saatnya wujudkan niat suci Anda ke Tanah Haram bersama ALFATIH Dunia Wisata.

Tersedia 2 pilihan paket:
✨ GOLD PACKAGE – Hotel ⭐⭐⭐⭐ dekat Masjidil Haram & Nabawi
✨ SILVER PACKAGE – Hemat & tetap nyaman

✅ Tiket Pesawat PP
✅ Hotel Makkah & Madinah 🕌
✅ Transportasi AC + Muthawwif 🚌
✅ Visa & Perlengkapan Umroh 📄
✅ Makan 3x Sehari 🍽️

Bersama kami, ibadah Anda lebih khusyuk dan berkesan.
Booking sekarang! Kursi terbatas!

📍Info & Pendaftaran:
📲 WA: 0815-164-2225
🏢 Kantor: Ruko GDC Blok Anggrek 1, Depok (Samping Chatime)
🔗 www.adwisata.com

#Umroh2025 #UmrohBersamaAlfatih #Umroh10Hari #UmrohDepok #UmrohPromo #AlfatihTravel",false
post,video,DI5V2nDJjeH,3619019887326148487,2025-04-26 11:17:39,posts/2025-04-26_11-17-39_[DI5V2nDJjeH].mp4,,,6,0,,"📍Umrah bukan hanya tentang tanah suci,
 tapi tentang menemukan cinta yang hakiki—
 cinta kepada Dia yang tak pernah meninggalkan.
💭 Di setiap detik, dalam setiap doa,
 ada ayat-ayat-Nya yang menyelimuti perjalanan ini.
“You will be in my heart...”

 Dan Allah pun berfirman:
 ""Dan Dia bersama kamu di mana saja kamu berada...""
 (QS. Al-Hadid: 4)
🤍 Sebuah momen yang tak akan pernah sama...
 karena kali ini, hatiku benar-benar hadir.

#UmrahJourney #SpiritualTrip #YouWillBeInMyHeart #ReelsIslamic #HijrahVibes #Umrah2025 #QuranQuotes #HeartToAllah #TravelWithMeaning #UmrahDiHati #JalanMenujuAllah#UmrohSyawal #Umroh2025 #UmrohMabrur #TravelUmroh #SyawalDiTanahSuci",false
carousel,photo,DI0X-rFJde7,3617621862619928507,2025-04-24 12:55:53,posts/2025-04-24_12-55-53_[DI0X-rFJde7]_01.jpg,1,,5,0,,"📌 Serba-Serbi Tanah Suci – EPS 01

“Ka'bah Pernah Terendam Banjir?” 😲

Iya, kamu nggak salah baca. Di tengah gurun pasir yang super panas, ternyata Ka'bah pernah kebanjiran! Tepatnya tahun 1941, hujan deras tanpa henti bikin air naik sampai lebih dari 2 meter. 

Peristiwa ini jadi salah satu catatan sejarah unik dari kota Mekkah yang jarang diketahui jamaah. Tanah suci memang nggak pernah habis kisahnya.

✨ Punya fakta unik lain soal Mekkah atau Madinah?
Tulis di kolom komentar ya! Siapa tahu kita angkat ceritamu di episode selanjutnya.

#AlFatihTravel #SerbaSerbiTanahSuci #Umroh2025 #FaktaUnikTanahSuci #KaabahBanjir #MekkahMadinahtalks #TravelUmrohAsik",false
carousel,photo,DI0X-rFJde7,3617621862619928507,2025-04-24 12:55:53,posts/2025-04-24_12-55-53_[DI0X-rFJde7]_02.jpg,2,,5,0,,"📌 Serba-Serbi Tanah Suci – EPS 01

“Ka'bah Pernah Terendam Banjir?” 😲

Iya, kamu nggak salah baca. Di tengah gurun pasir yang super panas, ternyata Ka'bah pernah kebanjiran! Tepatnya tahun 1941, hujan deras tanpa henti bikin air naik sampai lebih dari 2 meter. 

Peristiwa ini jadi salah satu catatan sejarah unik dari kota Mekkah yang jarang diketahui jamaah. Tanah suci memang nggak pernah habis kisahnya.

✨ Punya fakta unik lain soal Mekkah atau Madinah?
Tulis di kolom komentar ya! Siapa tahu kita angkat ceritamu di episode selanjutnya.

#AlFatihTravel #SerbaSerbiTanahSuci #Umroh2025 #FaktaUnikTanahSuci #KaabahBanjir #MekkahMadinahtalks #TravelUmrohAsik",false
carousel,photo,DIxqnsBJVas,3616859421032142508,2025-04-23 11:41:03,posts/2025-04-23_11-41-03_[DIxqnsBJVas]_01.jpg,1,,8,0,,"🚨 UMROH NGGAK HARUS MAHAL!

📣 Promo Musim 1447H BIKIN KAGET ‼️
Harga MULAI 25 JUTAAN buat umroh 9 hari! 🔥🔥🔥

📅 Keberangkatan fleksibel dari Juli 2025 s/d Februari 2026

📆 18 Agustus 2025
📆 29 September 2025
📆 20 Oktober 2025
📆 10 November 2025
📆 15 Desember 2025
📆 5 Januari 2026
📆 16 Februari 2026

💰 Harga Paket: 👥 Quad: Rp 25.750.000
👨‍👩‍👧 Triple: Rp 27.500.000
👫 Double: Rp 28.750.000

✈️ Maskapai: Qatar / Oman Air / Lion Air
🕌 Hotel setara bintang 4 di Mekkah & Madinah
🚌 Bus executive terbaru
🍽️ Makan 3x sehari + city tour ziarah

✅ Pasti Travelnya
✅ Pasti Jadwalnya
✅ Pasti Hotelnya
✅ Pasti Programnya
✅ Pasti Visanya

📲 Yuk langsung chat admin buat booking & info lengkapnya!
📞 0815-1642-225",false
carousel,photo,DIxqnsBJVas,3616859421032142508,2025-04-23 11:41:03,posts/2025-04-23_11-41-03_[DIxqnsBJVas]_02.jpg,2,,8,0,,"🚨 UMROH NGGAK HARUS MAHAL!

📣 Promo Musim 1447H BIKIN KAGET ‼️
Harga MULAI 25 JUTAAN buat umroh 9 hari! 🔥🔥🔥

📅 Keberangkatan fleksibel dari Juli 2025 s/d Februari 2026

📆 18 Agustus 2025
📆 29 September 2025
📆 20 Oktober 2025
📆 10 November 2025
📆 15 Desember 2025
📆 5 Januari 2026
📆 16 Februari 2026

💰 Harga Paket: 👥 Quad: Rp 25.750.000
👨‍👩‍👧 Triple: Rp 27.500.000
👫 Double: Rp 28.750.000

✈️ Maskapai: Qatar / Oman Air / Lion Air
🕌 Hotel setara bintang 4 di Mekkah & Madinah
🚌 Bus executive terbaru
🍽️ Makan 3x sehari + city tour ziarah

✅ Pasti Travelnya
✅ Pasti Jadwalnya
✅ Pasti Hotelnya
✅ Pasti Programnya
✅ Pasti Visanya

📲 Yuk langsung chat admin buat booking & info lengkapnya!
📞 0815-1642-225",false
carousel,photo,DIxqnsBJVas,3616859421032142508,2025-04-23 11:41:03,posts/2025-04-23_11-41-03_[DIxqnsBJVas]_03.jpg,3,,8,0,,"🚨 UMROH NGGAK HARUS MAHAL!

📣 Promo Musim 1447H BIKIN KAGET ‼️
Harga MULAI 25 JUTAAN buat umroh 9 hari! 🔥🔥🔥

📅 Keberangkatan fleksibel dari Juli 2025 s/d Februari 2026

📆 18 Agustus 2025
📆 29 September 2025
📆 20 Oktober 2025
📆 10 November 2025
📆 15 Desember 2025
📆 5 Januari 2026
📆 16 Februari 2026

💰 Harga Paket: 👥 Quad: Rp 25.750.000
👨‍👩‍👧 Triple: Rp 27.500.000
👫 Double: Rp 28.750.000

✈️ Maskapai: Qatar / Oman Air / Lion Air
🕌 Hotel setara bintang 4 di Mekkah & Madinah
🚌 Bus executive terbaru
🍽️ Makan 3x sehari + city tour ziarah

✅ Pasti Travelnya
✅ Pasti Jadwalnya
✅ Pasti Hotelnya
✅ Pasti Programnya
✅ Pasti Visanya

📲 Yuk langsung chat admin buat booking & info lengkapnya!
📞 0815-1642-225",false
post,video,DIsX9R5Jx6g,3615369967041978016,2025-04-21 10:22:22,posts/2025-04-21_10-22-22_[DIsX9R5Jx6g].mp4,,,5,0,,"9 hari.
2 kota suci.
1 tujuan: menggapai ridha-Nya.

Alhamdulillah…
Perjalanan umroh Syawal 1–9 April 2025 telah selesai dengan penuh keberkahan dan kehangatan ukhuwah.

Momen demi momen kami rekam sebagai pengingat, bahwa setiap langkah di Tanah Suci bukan hanya perjalanan fisik, tapi juga perjalanan hati.

Inilah momen yang gak bisa dilukiskan dengan kata-kata—hanya bisa dirasakan dari hati ke hati.

Terima kasih untuk seluruh jamaah yang telah mempercayakan ibadahnya bersama kami. Semoga menjadi umroh yang mabrur dan penuh makna.

📍Madinah – Mekkah
📆 1–9 April 2025

Sampai jumpa di perjalanan selanjutnya, insyaAllah. 🤍

#UmrohSyawal #Umroh2025 #UmrohMabrur #TravelUmroh #syawalditanahsuci",false
carousel,photo,DIqLlppJD0R,3614752616764161297,2025-04-20 13:55:13,posts/2025-04-20_13-55-13_[DIqLlppJD0R]_01.jpg,1,,16,0,,"🕋 Lagi persiapan berangkat Umroh?

 Jangan cuma siapin koper, tapi juga siapin doa-doa penting buat tawaf!
 Biar makin khusyuk, makin dapet feel ibadahnya ✨
📖 Di post ini, kita udah rangkum doa-doa yang wajib kamu tahu sebelum mulai tawaf. Yuk pelajari dan amalkan!
📌 Save dulu, share ke temen-temen yang juga mau berangkat Umroh bareng kamu 💬

 #AlfatihUmroh #UmrohZamanNow #DoaTawaf #TipsUmroh #travelumroh",false
carousel,photo,DIqLlppJD0R,3614752616764161297,2025-04-20 13:55:13,posts/2025-04-20_13-55-13_[DIqLlppJD0R]_02.jpg,2,,16,0,,"🕋 Lagi persiapan berangkat Umroh?

 Jangan cuma siapin koper, tapi juga siapin doa-doa penting buat tawaf!
 Biar makin khusyuk, makin dapet feel ibadahnya ✨
📖 Di post ini, kita udah rangkum doa-doa yang wajib kamu tahu sebelum mulai tawaf. Yuk pelajari dan amalkan!
📌 Save dulu, share ke temen-temen yang juga mau berangkat Umroh bareng kamu 💬

 #AlfatihUmroh #UmrohZamanNow #DoaTawaf #TipsUmroh #travelumroh",false
carousel,photo,DIqLlppJD0R,3614752616764161297,2025-04-20 13:55:13,posts/2025-04-20_13-55-13_[DIqLlppJD0R]_03.jpg,3,,16,0,,"🕋 Lagi persiapan berangkat Umroh?

 Jangan cuma siapin koper, tapi juga siapin doa-doa penting buat tawaf!
 Biar makin khusyuk, makin dapet feel ibadahnya ✨
📖 Di post ini, kita udah rangkum doa-doa yang wajib kamu tahu sebelum mulai tawaf. Yuk pelajari dan amalkan!
📌 Save dulu, share ke temen-temen yang juga mau berangkat Umroh bareng kamu 💬

 #AlfatihUmroh #UmrohZamanNow #DoaTawaf #TipsUmroh #travelumroh",false
carousel,photo,DIqLlppJD0R,3614752616764161297,2025-04-20 13:55:13,posts/2025-04-20_13-55-13_[DIqLlppJD0R]_04.jpg,4,,16,0,,"🕋 Lagi persiapan berangkat Umroh?

 Jangan cuma siapin koper, tapi juga siapin doa-doa penting buat tawaf!
 Biar makin khusyuk, makin dapet feel ibadahnya ✨
📖 Di post ini, kita udah rangkum doa-doa yang wajib kamu tahu sebelum mulai tawaf. Yuk pelajari dan amalkan!
📌 Save dulu, share ke temen-temen yang juga mau berangkat Umroh bareng kamu 💬

 #AlfatihUmroh #UmrohZamanNow #DoaTawaf #TipsUmroh #travelumroh",false
carousel,photo,DIqLlppJD0R,3614752616764161297,2025-04-20 13:55:13,posts/2025-04-20_13-55-13_[DIqLlppJD0R]_05.jpg,5,,16,0,,"🕋 Lagi persiapan berangkat Umroh?

 Jangan cuma siapin koper, tapi juga siapin doa-doa penting buat tawaf!
 Biar makin khusyuk, makin dapet feel ibadahnya ✨
📖 Di post ini, kita udah rangkum doa-doa yang wajib kamu tahu sebelum mulai tawaf. Yuk pelajari dan amalkan!
📌 Save dulu, share ke temen-temen yang juga mau berangkat Umroh bareng kamu 💬

 #AlfatihUmroh #UmrohZamanNow #DoaTawaf #TipsUmroh #travelumroh",false
carousel,photo,DIqLlppJD0R,3614752616764161297,2025-04-20 13:55:13,posts/2025-04-20_13-55-13_[DIqLlppJD0R]_06.jpg,6,,16,0,,"🕋 Lagi persiapan berangkat Umroh?

 Jangan cuma siapin koper, tapi juga siapin doa-doa penting buat tawaf!
 Biar makin khusyuk, makin dapet feel ibadahnya ✨
📖 Di post ini, kita udah rangkum doa-doa yang wajib kamu tahu sebelum mulai tawaf. Yuk pelajari dan amalkan!
📌 Save dulu, share ke temen-temen yang juga mau berangkat Umroh bareng kamu 💬

 #AlfatihUmroh #UmrohZamanNow #DoaTawaf #TipsUmroh #travelumroh",false
carousel,photo,DIqLlppJD0R,3614752616764161297,2025-04-20 13:55:13,posts/2025-04-20_13-55-13_[DIqLlppJD0R]_07.jpg,7,,16,0,,"🕋 Lagi persiapan berangkat Umroh?

 Jangan cuma siapin koper, tapi juga siapin doa-doa penting buat tawaf!
 Biar makin khusyuk, makin dapet feel ibadahnya ✨
📖 Di post ini, kita udah rangkum doa-doa yang wajib kamu tahu sebelum mulai tawaf. Yuk pelajari dan amalkan!
📌 Save dulu, share ke temen-temen yang juga mau berangkat Umroh bareng kamu 💬

 #AlfatihUmroh #UmrohZamanNow #DoaTawaf #TipsUmroh #travelumroh",false
carousel,photo,DIqLlppJD0R,3614752616764161297,2025-04-20 13:55:13,posts/2025-04-20_13-55-13_[DIqLlppJD0R]_08.jpg,8,,16,0,,"🕋 Lagi persiapan berangkat Umroh?

 Jangan cuma siapin koper, tapi juga siapin doa-doa penting buat tawaf!
 Biar makin khusyuk, makin dapet feel ibadahnya ✨
📖 Di post ini, kita udah rangkum doa-doa yang wajib kamu tahu sebelum mulai tawaf. Yuk pelajari dan amalkan!
📌 Save dulu, share ke temen-temen yang juga mau berangkat Umroh bareng kamu 💬

 #AlfatihUmroh #UmrohZamanNow #DoaTawaf #TipsUmroh #travelumroh",false
carousel,photo,DIqLlppJD0R,3614752616764161297,2025-04-20 13:55:13,posts/2025-04-20_13-55-13_[DIqLlppJD0R]_09.jpg,9,,16,0,,"🕋 Lagi persiapan berangkat Umroh?

 Jangan cuma siapin koper, tapi juga siapin doa-doa penting buat tawaf!
 Biar makin khusyuk, makin dapet feel ibadahnya ✨
📖 Di post ini, kita udah rangkum doa-doa yang wajib kamu tahu sebelum mulai tawaf. Yuk pelajari dan amalkan!
📌 Save dulu, share ke temen-temen yang juga mau berangkat Umroh bareng kamu 💬

 #AlfatihUmroh #UmrohZamanNow #DoaTawaf #TipsUmroh #travelumroh",false
carousel,photo,DIqLlppJD0R,3614752616764161297,2025-04-20 13:55:13,posts/2025-04-20_13-55-13_[DIqLlppJD0R]_10.jpg,10,,16,0,,"🕋 Lagi persiapan berangkat Umroh?

 Jangan cuma siapin koper, tapi juga siapin doa-doa penting buat tawaf!
 Biar makin khusyuk, makin dapet feel ibadahnya ✨
📖 Di post ini, kita udah rangkum doa-doa yang wajib kamu tahu sebelum mulai tawaf. Yuk pelajari dan amalkan!
📌 Save dulu, share ke temen-temen yang juga mau berangkat Umroh bareng kamu 💬

 #AlfatihUmroh #UmrohZamanNow #DoaTawaf #TipsUmroh #travelumroh",false
post,video,DIijJ7wpnjY,3612604465374722264,2025-04-17 14:48:29,posts/2025-04-17_14-48-29_[DIijJ7wpnjY].mp4,,,7,0,,"🚗 Mau thawaf tapi kaki udah teriak capek?

Tenang… sekarang kamu bisa naik mobil golf di Masjidil Haram biar ibadah tetap khusyuk dan nyaman! 🤲
📌 Cara pakainya gampang banget:
-Scan barcode di sekitar Masjidil Haram
-Atau buka website: https://carts.alharamain.gov.sa
-Saran: aktifkan VPN Saudi Arabia biar lancar

Pilih lokasi: الدور الأول ميزانين - جسر أجياد (Lantai Mezzanine – Jembatan Ajyaad)

💡 Cocok banget buat lansia atau yang lagi kurang fit!
Tag jamaah kamu biar makin banyak yang tahu fitur keren ini 🙌

 #TravelUmroh #TipsUmroh #MasjidilHaram #UmrohNyaman #UmrohSekarang #UmrohMurah #UmrohMudah #TravelUmroh #UmrohBersamaNabi #RamadhanBerkah #ZiarahHaramain #SaudiaAirlines #UmrohBarengAlFatih #KeMekahGampang #HajiDanUmroh #Umroh2025 #umrohgakpakeribet",false
post,video,DH92WFaSXbv,3602274289116083951,2025-04-03 08:43:50,posts/2025-04-03_08-43-50_[DH92WFaSXbv].mp4,,,3,1,,"🚨 STOP HABISIN THR BUAT HAL GAK JELAS! 🚨

Daripada ditanyain ""Kapan nikah?"", mending ditanyain ""Kapan umroh?"" 😆✨

Yuk, pakai THR atau tabungan kamu buat sesuatu yang lebih berkah! Paket Umroh Promo Musim 1447 H dari Al Fatih Dunia Wisata udah siap nemenin kamu ibadah dengan nyaman & harga terjangkau! 🕋💖

🔥 Keberangkatan mulai Juli 2025 – Februari 2026
 💰 Mulai 25,7 Juta aja!
 ✈️ Naik Lion Air / Oman Air
 🏨 Hotel nyaman deket Masjidil Haram
 🍽️ Makan 3x sehari + city tour seru

Nunggu apa lagi? Kuotanya terbatas, jangan sampe kelewatan! 🤩
📩 Booking sekarang!
 📞 0815 164 2225
 📍 @alfatih.umroh

#THRBuatUmroh #GakUsahDitanyaNikah #MendingUmroh #PromoUmroh #alfatihumroh",false
post,video,DH05d0FJUaf,3599754739612731039,2025-03-30 21:17:39,posts/2025-03-30_21-17-39_[DH05d0FJUaf].mp4,,,5,0,,"🌙 Selamat Lebaran, Bestie! 🕌✨

Taqabbalallahu minna wa minkum! 💛 Setelah sebulan penuh perjuangan, akhirnya kita sampai di hari kemenangan! Saatnya merayakan dengan hati yang bersih, penuh syukur, dan pastinya banyak ketupat! 😆🍽️

Buat kamu yang punya impian ke Tanah Suci, semoga segera Allah mudahkan jalannya. 🤲💙 Terimakasih udah mempercayakan perjalanan suci kamu bareng Alfatih Umroh! Sampai ketemu di perjalanan spiritual berikutnya! ✈️

Mohon maaf lahir dan batin, ya! 🤗✨

#LebaranVibes #IdulFitri2025 #alfatihumroh",false
carousel,photo,DH0inJ3B4to,3599654226403756904,2025-03-30 17:57:24,posts/2025-03-30_17-57-24_[DH0inJ3B4to]_01.jpg,1,,12,0,,"TREND AI GHIBLI

Kecerdasan buatan memang bisa edit wajah kita seolah-olah sedang ada di film Ghibli Studio…
Tapi cuma kita sendiri yang bisa beneran menginjak Tanah Suci.

Yuk Umroh bareng ALFATIH – yang virtual lucu, tapi yang nyata jauh lebih seru!

Di penghujung akhir Ramadhan, mari kita panjatkan doa, semoga kita bisa pergi atau kembali lagi ke Baitullah.

Promo Umroh bareng ALFATIH mulai dari Rp 25 juta-an aja loh!

Dengan tim berpengalaman lebih dari 20 tahun, lisensi resmi dari Kementerian Agama, serta kepastian pesawat, visa, dan hotel — insya Allah kami siap menjadi partner ibadah kamu dan orang-orang tersayang.

Umroh mulai dari Rp 25 juta-an!
HUBUNGI: 0815-164-2225",false
carousel,photo,DH0inJ3B4to,3599654226403756904,2025-03-30 17:57:24,posts/2025-03-30_17-57-24_[DH0inJ3B4to]_02.jpg,2,,12,0,,"TREND AI GHIBLI

Kecerdasan buatan memang bisa edit wajah kita seolah-olah sedang ada di film Ghibli Studio…
Tapi cuma kita sendiri yang bisa beneran menginjak Tanah Suci.

Yuk Umroh bareng ALFATIH – yang virtual lucu, tapi yang nyata jauh lebih seru!

Di penghujung akhir Ramadhan, mari kita panjatkan doa, semoga kita bisa pergi atau kembali lagi ke Baitullah.

Promo Umroh bareng ALFATIH mulai dari Rp 25 juta-an aja loh!

Dengan tim berpengalaman lebih dari 20 tahun, lisensi resmi dari Kementerian Agama, serta kepastian pesawat, visa, dan hotel — insya Allah kami siap menjadi partner ibadah kamu dan orang-orang tersayang.

Umroh mulai dari Rp 25 juta-an!
HUBUNGI: 0815-164-2225",false
carousel,photo,DH0inJ3B4to,3599654226403756904,2025-03-30 17:57:24,posts/2025-03-30_17-57-24_[DH0inJ3B4to]_03.jpg,3,,12,0,,"TREND AI GHIBLI

Kecerdasan buatan memang bisa edit wajah kita seolah-olah sedang ada di film Ghibli Studio…
Tapi cuma kita sendiri yang bisa beneran menginjak Tanah Suci.

Yuk Umroh bareng ALFATIH – yang virtual lucu, tapi yang nyata jauh lebih seru!

Di penghujung akhir Ramadhan, mari kita panjatkan doa, semoga kita bisa pergi atau kembali lagi ke Baitullah.

Promo Umroh bareng ALFATIH mulai dari Rp 25 juta-an aja loh!

Dengan tim berpengalaman lebih dari 20 tahun, lisensi resmi dari Kementerian Agama, serta kepastian pesawat, visa, dan hotel — insya Allah kami siap menjadi partner ibadah kamu dan orang-orang tersayang.

Umroh mulai dari Rp 25 juta-an!
HUBUNGI: 0815-164-2225",false
carousel,photo,DH0inJ3B4to,3599654226403756904,2025-03-30 17:57:24,posts/2025-03-30_17-57-24_[DH0inJ3B4to]_04.jpg,4,,12,0,,"TREND AI GHIBLI

Kecerdasan buatan memang bisa edit wajah kita seolah-olah sedang ada di film Ghibli Studio…
Tapi cuma kita sendiri yang bisa beneran menginjak Tanah Suci.

Yuk Umroh bareng ALFATIH – yang virtual lucu, tapi yang nyata jauh lebih seru!

Di penghujung akhir Ramadhan, mari kita panjatkan doa, semoga kita bisa pergi atau kembali lagi ke Baitullah.

Promo Umroh bareng ALFATIH mulai dari Rp 25 juta-an aja loh!

Dengan tim berpengalaman lebih dari 20 tahun, lisensi resmi dari Kementerian Agama, serta kepastian pesawat, visa, dan hotel — insya Allah kami siap menjadi partner ibadah kamu dan orang-orang tersayang.

Umroh mulai dari Rp 25 juta-an!
HUBUNGI: 0815-164-2225",false
carousel,photo,DH0inJ3B4to,3599654226403756904,2025-03-30 17:57:24,posts/2025-03-30_17-57-24_[DH0inJ3B4to]_05.jpg,5,,12,0,,"TREND AI GHIBLI

Kecerdasan buatan memang bisa edit wajah kita seolah-olah sedang ada di film Ghibli Studio…
Tapi cuma kita sendiri yang bisa beneran menginjak Tanah Suci.

Yuk Umroh bareng ALFATIH – yang virtual lucu, tapi yang nyata jauh lebih seru!

Di penghujung akhir Ramadhan, mari kita panjatkan doa, semoga kita bisa pergi atau kembali lagi ke Baitullah.

Promo Umroh bareng ALFATIH mulai dari Rp 25 juta-an aja loh!

Dengan tim berpengalaman lebih dari 20 tahun, lisensi resmi dari Kementerian Agama, serta kepastian pesawat, visa, dan hotel — insya Allah kami siap menjadi partner ibadah kamu dan orang-orang tersayang.

Umroh mulai dari Rp 25 juta-an!
HUBUNGI: 0815-164-2225",false
carousel,photo,DH0inJ3B4to,3599654226403756904,2025-03-30 17:57:24,posts/2025-03-30_17-57-24_[DH0inJ3B4to]_06.jpg,6,,12,0,,"TREND AI GHIBLI

Kecerdasan buatan memang bisa edit wajah kita seolah-olah sedang ada di film Ghibli Studio…
Tapi cuma kita sendiri yang bisa beneran menginjak Tanah Suci.

Yuk Umroh bareng ALFATIH – yang virtual lucu, tapi yang nyata jauh lebih seru!

Di penghujung akhir Ramadhan, mari kita panjatkan doa, semoga kita bisa pergi atau kembali lagi ke Baitullah.

Promo Umroh bareng ALFATIH mulai dari Rp 25 juta-an aja loh!

Dengan tim berpengalaman lebih dari 20 tahun, lisensi resmi dari Kementerian Agama, serta kepastian pesawat, visa, dan hotel — insya Allah kami siap menjadi partner ibadah kamu dan orang-orang tersayang.

Umroh mulai dari Rp 25 juta-an!
HUBUNGI: 0815-164-2225",false
post,video,DH0H6NoJzwk,3599536788863400996,2025-03-30 14:04:27,posts/2025-03-30_14-04-27_[DH0H6NoJzwk].mp4,,,6,0,,"🕌✨ Jangan Skip! Sunnah Sebelum Sholat Eid ✨🕌

Biar vibes Lebaran makin maksimal, jangan lupa lakuin sunnah-sunnah ini sebelum sholat Eid! 👇

✅ Mandi & wangi-wangi biar fresh dan siap ibadah
✅ Sarapan dulu (sunnahnya makan kurma ganjil 🍏)
✅ Pakai baju terbaik (OOTD halal approved 😆)
✅ Berangkat lebih awal biar dapet spot kece di masjid
✅ Baca takbir sepanjang jalan (auto merinding vibes-nya!)

Jangan cuma fokus di outfit, tapi ibadahnya juga harus on point! 🕊️✨ #SunnahEid #VibesLebaran #eidmubarak",false
post,video,DHntwGpp1-N,3596044045247799181,2025-03-25 18:25:24,posts/2025-03-25_18-25-24_[DHntwGpp1-N].mp4,,,11,0,,"✨ Mau umroh tapi budget pas-pasan? Sekarang gak perlu nunggu lama! 💰✨

Dengan paket mulai 25 jutaan, kamu bisa berangkat umroh bareng tanpa ribet! 🤩✈️ Yuk, ajak keluarga & teman biar makin seru!

📍 Kuota terbatas! Jangan sampai kehabisan!
 📩 DM sekarang untuk info lebih lanjut!

Yuk, isi form sekarang https://adwisata.com/private-umroh sebelum kuotanya habis!

#UmrohHemat #UmrohBersama #PaketUmrohMurah #umroh2025",false
post,video,DHjxMEnzw-4,3594933261447401400,2025-03-24 05:38:39,posts/2025-03-24_05-38-39_[DHjxMEnzw-4].mp4,,,10,0,,"✨ Throwback Umroh Ramadhan Bareng Alfatih! ✨

Gak kerasa, momen penuh berkah di Tanah Suci udah lewat, tapi kenangannya masih melekat di hati. 
🕋🤍 Dari thawaf yang syahdu, tarawih di Masjid Nabawi, sampai buka puasa bareng di Mekah—semua terasa begitu spesial!
Terima kasih buat semua jamaah yang udah jadi bagian dari perjalanan ini. Semoga semua doa yang dipanjatkan dikabulkan, dan kita bisa kembali lagi ke Baitullah. Aamiin 🤲✨

📍 Umroh Ramadhan 1446 H
 🗓 Periode: 11-19 Maret 2025

#RamadhanBersamaAlfatih #UmrohBerkah #ThrowbackUmroh #UmrohSekarang #UmrohMurah #UmrohMudah #TravelUmroh #UmrohBersamaNabi #RamadhanBerkah #ZiarahHaramain #SaudiaAirlines #UmrohBarengAlFatih #KeMekahGampang #HajiDanUmroh #umroh2025",false
post,video,DHWwzLlzhCl,3591272376245817509,2025-03-19 04:25:50,posts/2025-03-19_04-25-50_[DHWwzLlzhCl].mp4,,,7,0,,"✨ Keutamaan Lailatul Qadr: Ampunan Tanpa Batas ✨

Malam yang lebih baik dari seribu bulan, Lailatul Qadr adalah kesempatan emas untuk mendapatkan ampunan Allah. Rasulullah ﷺ bersabda:

""Barang siapa yang menghidupkan Lailatul Qadr dengan iman dan mengharap pahala dari Allah, maka akan diampuni dosa-dosanya yang telah lalu."" (HR. Bukhari & Muslim)

Mari manfaatkan malam istimewa ini dengan memperbanyak ibadah, doa, dan istighfar. Semoga kita termasuk hamba yang diampuni segala dosa dan mendapat keberkahan-Nya. 🤲💫

#LailatulQadr #MalamSeribuBulan #AmpunanAllah #ramadanberkah✨",false
carousel,photo,DHTDbagJtuQ,3590228405966527376,2025-03-17 17:49:59,posts/2025-03-17_17-49-59_[DHTDbagJtuQ]_01.jpg,1,,7,0,,"✨ Maksimalkan Ibadah di 10 Malam Terakhir Ramadan! ✨

Berikut doa-doa mustajab yang bisa kamu baca di malam-malam penuh berkah ini, terutama saat berada di Tanah Suci. Jangan lewatkan kesempatan meraih Lailatul Qadar, malam yang lebih baik dari seribu bulan!

📍 Makkah & Madinah, saksi bisu setiap doa yang dipanjatkan dengan penuh keikhlasan. 🤲✨

Tag teman atau keluarga yang ingin umroh & beribadah di Tanah Suci! 🕋❤️ 

#RamadanMubarak #DoaMustajab #UmrohRamadan #LailatulQadar #MekkahMadinah #TanahSuci #PerjalananSpiritual #UmrohBerkah #PrivateUmroh #UmrohPlusTurkey #FamilyJourney #SpiritualTrip #MomenBerkah #UmrohRamadhan #PahalaHaji #UmrohSekarang #UmrohMurah #UmrohMudah #TravelUmroh #UmrohBersamaNabi #RamadhanBerkah #ZiarahHaramain #SaudiaAirlines #UmrohBarengAlFatih #KeMekahGampang #HajiDanUmroh #Umroh2025",false
carousel,photo,DHTDbagJtuQ,3590228405966527376,2025-03-17 17:49:59,posts/2025-03-17_17-49-59_[DHTDbagJtuQ]_02.jpg,2,,7,0,,"✨ Maksimalkan Ibadah di 10 Malam Terakhir Ramadan! ✨

Berikut doa-doa mustajab yang bisa kamu baca di malam-malam penuh berkah ini, terutama saat berada di Tanah Suci. Jangan lewatkan kesempatan meraih Lailatul Qadar, malam yang lebih baik dari seribu bulan!

📍 Makkah & Madinah, saksi bisu setiap doa yang dipanjatkan dengan penuh keikhlasan. 🤲✨

Tag teman atau keluarga yang ingin umroh & beribadah di Tanah Suci! 🕋❤️ 

#RamadanMubarak #DoaMustajab #UmrohRamadan #LailatulQadar #MekkahMadinah #TanahSuci #PerjalananSpiritual #UmrohBerkah #PrivateUmroh #UmrohPlusTurkey #FamilyJourney #SpiritualTrip #MomenBerkah #UmrohRamadhan #PahalaHaji #UmrohSekarang #UmrohMurah #UmrohMudah #TravelUmroh #UmrohBersamaNabi #RamadhanBerkah #ZiarahHaramain #SaudiaAirlines #UmrohBarengAlFatih #KeMekahGampang #HajiDanUmroh #Umroh2025",false
carousel,photo,DHTDbagJtuQ,3590228405966527376,2025-03-17 17:49:59,posts/2025-03-17_17-49-59_[DHTDbagJtuQ]_03.jpg,3,,7,0,,"✨ Maksimalkan Ibadah di 10 Malam Terakhir Ramadan! ✨

Berikut doa-doa mustajab yang bisa kamu baca di malam-malam penuh berkah ini, terutama saat berada di Tanah Suci. Jangan lewatkan kesempatan meraih Lailatul Qadar, malam yang lebih baik dari seribu bulan!

📍 Makkah & Madinah, saksi bisu setiap doa yang dipanjatkan dengan penuh keikhlasan. 🤲✨

Tag teman atau keluarga yang ingin umroh & beribadah di Tanah Suci! 🕋❤️ 

#RamadanMubarak #DoaMustajab #UmrohRamadan #LailatulQadar #MekkahMadinah #TanahSuci #PerjalananSpiritual #UmrohBerkah #PrivateUmroh #UmrohPlusTurkey #FamilyJourney #SpiritualTrip #MomenBerkah #UmrohRamadhan #PahalaHaji #UmrohSekarang #UmrohMurah #UmrohMudah #TravelUmroh #UmrohBersamaNabi #RamadhanBerkah #ZiarahHaramain #SaudiaAirlines #UmrohBarengAlFatih #KeMekahGampang #HajiDanUmroh #Umroh2025",false
carousel,photo,DHTDbagJtuQ,3590228405966527376,2025-03-17 17:49:59,posts/2025-03-17_17-49-59_[DHTDbagJtuQ]_04.jpg,4,,7,0,,"✨ Maksimalkan Ibadah di 10 Malam Terakhir Ramadan! ✨

Berikut doa-doa mustajab yang bisa kamu baca di malam-malam penuh berkah ini, terutama saat berada di Tanah Suci. Jangan lewatkan kesempatan meraih Lailatul Qadar, malam yang lebih baik dari seribu bulan!

📍 Makkah & Madinah, saksi bisu setiap doa yang dipanjatkan dengan penuh keikhlasan. 🤲✨

Tag teman atau keluarga yang ingin umroh & beribadah di Tanah Suci! 🕋❤️ 

#RamadanMubarak #DoaMustajab #UmrohRamadan #LailatulQadar #MekkahMadinah #TanahSuci #PerjalananSpiritual #UmrohBerkah #PrivateUmroh #UmrohPlusTurkey #FamilyJourney #SpiritualTrip #MomenBerkah #UmrohRamadhan #PahalaHaji #UmrohSekarang #UmrohMurah #UmrohMudah #TravelUmroh #UmrohBersamaNabi #RamadhanBerkah #ZiarahHaramain #SaudiaAirlines #UmrohBarengAlFatih #KeMekahGampang #HajiDanUmroh #Umroh2025",false
post,photo,DHP6u8WJzV3,3589345740627326327,2025-03-16 12:36:17,posts/2025-03-16_12-36-17_[DHP6u8WJzV3].jpg,,,5,1,,"✨ GAME SERU RAMADHAN PART 3! 🌙🔥

Sudah masuk 10 hari kedua Ramadan, nih! 🤩 Kira-kira, ada peristiwa besar apa yang terjadi di bulan suci ini, terutama di tanggal 17 Ramadan? 📖💡

Clue-nya: 📜 Sebuah momen bersejarah yang membawa cahaya bagi seluruh umat manusia… ✨

Yuk, tebak jawabannya di kolom komentar! ⬇️ Siapa yang bisa jawab benar, bakal dapat ucapan spesial dari kami! 😆🔥

#GameRamadhan #RamadhanKareem #NuzululQuran #RamadhanChallenge #RamadhanQuiz #GameSeruRamadhan #TebakTebakanRamadhan #PuasaBerkah #RamadhanMubarak #RamadhanChallenge #kuisinteraktif",false
post,video,DHNZPnuTU1T,3588635502691831123,2025-03-15 13:06:01,posts/2025-03-15_13-06-01_[DHNZPnuTU1T].mp4,,,3980,35,,"✨ Maksimalkan Ibadah di 10 Malam Terakhir Ramadan! ✨

Berikut doa-doa mustajab yang bisa kamu baca di malam-malam penuh berkah ini, terutama saat berada di Tanah Suci. Jangan lewatkan kesempatan meraih Lailatul Qadar, malam yang lebih baik dari seribu bulan!

📍 Makkah & Madinah, saksi bisu setiap doa yang dipanjatkan dengan penuh keikhlasan. 🤲✨

Tag teman atau keluarga yang ingin umroh & beribadah di Tanah Suci! 🕋❤️ 

#RamadanMubarak #DoaMustajab #UmrohRamadan #lailatulqadar",false
carousel,photo,DHKsSiYpOb5,3587874841071773433,2025-03-14 11:53:52,posts/2025-03-14_11-53-52_[DHKsSiYpOb5]_01.jpg,1,,10,0,,"📌 ""Pernah Perhatiin Tulisan di Kain Ka’bah? Ini Maknanya!"" 🕋✨

Setiap tahunnya, jutaan umat Muslim dari seluruh dunia melihat Ka’bah, baik secara langsung saat haji & umrah maupun lewat siaran televisi. 

Tapi, pernahkah kamu penasaran apa arti tulisan berwarna emas di kiswah Ka’bah? 🤔

Ternyata, kain hitam yang menyelimuti Ka'bah ini dihiasi dengan ayat-ayat Al-Qur'an yang penuh makna dan kemuliaan. 🕋✨ Beberapa di antaranya:
 🔸 Surah Al-Ikhlas (Menegaskan keesaan Allah)
 🔸 Ayat Kursi (Sebagai perlindungan dan kekuasaan Allah)
 🔸 Surah Al-Fatihah & Al-Baqarah (Doa & petunjuk bagi umat Islam)

Bukan hanya sebagai hiasan, kiswah Ka’bah mengingatkan kita akan kebesaran Allah dan pentingnya tauhid dalam kehidupan. 💛
Jadi, kalau nanti kamu melihat Ka’bah, bukan sekadar kagum, tapi juga paham maknanya! 🤲✨

Tag temanmu yang harus tahu fakta ini! 👇

#KiswahKaabah #Kaabah #SejarahIslam #IslamicFacts #HajiUmrah #IslamicKnowledge #FaktaIslam #RamadhanKareem# SejarahIslam #FaktaIslam #Kaabah #KiswahKaabah #IslamicKnowledge #RamadhanKareem",false
carousel,photo,DHKsSiYpOb5,3587874841071773433,2025-03-14 11:53:52,posts/2025-03-14_11-53-52_[DHKsSiYpOb5]_02.jpg,2,,10,0,,"📌 ""Pernah Perhatiin Tulisan di Kain Ka’bah? Ini Maknanya!"" 🕋✨

Setiap tahunnya, jutaan umat Muslim dari seluruh dunia melihat Ka’bah, baik secara langsung saat haji & umrah maupun lewat siaran televisi. 

Tapi, pernahkah kamu penasaran apa arti tulisan berwarna emas di kiswah Ka’bah? 🤔

Ternyata, kain hitam yang menyelimuti Ka'bah ini dihiasi dengan ayat-ayat Al-Qur'an yang penuh makna dan kemuliaan. 🕋✨ Beberapa di antaranya:
 🔸 Surah Al-Ikhlas (Menegaskan keesaan Allah)
 🔸 Ayat Kursi (Sebagai perlindungan dan kekuasaan Allah)
 🔸 Surah Al-Fatihah & Al-Baqarah (Doa & petunjuk bagi umat Islam)

Bukan hanya sebagai hiasan, kiswah Ka’bah mengingatkan kita akan kebesaran Allah dan pentingnya tauhid dalam kehidupan. 💛
Jadi, kalau nanti kamu melihat Ka’bah, bukan sekadar kagum, tapi juga paham maknanya! 🤲✨

Tag temanmu yang harus tahu fakta ini! 👇

#KiswahKaabah #Kaabah #SejarahIslam #IslamicFacts #HajiUmrah #IslamicKnowledge #FaktaIslam #RamadhanKareem# SejarahIslam #FaktaIslam #Kaabah #KiswahKaabah #IslamicKnowledge #RamadhanKareem",false
carousel,photo,DHKsSiYpOb5,3587874841071773433,2025-03-14 11:53:52,posts/2025-03-14_11-53-52_[DHKsSiYpOb5]_03.jpg,3,,10,0,,"📌 ""Pernah Perhatiin Tulisan di Kain Ka’bah? Ini Maknanya!"" 🕋✨

Setiap tahunnya, jutaan umat Muslim dari seluruh dunia melihat Ka’bah, baik secara langsung saat haji & umrah maupun lewat siaran televisi. 

Tapi, pernahkah kamu penasaran apa arti tulisan berwarna emas di kiswah Ka’bah? 🤔

Ternyata, kain hitam yang menyelimuti Ka'bah ini dihiasi dengan ayat-ayat Al-Qur'an yang penuh makna dan kemuliaan. 🕋✨ Beberapa di antaranya:
 🔸 Surah Al-Ikhlas (Menegaskan keesaan Allah)
 🔸 Ayat Kursi (Sebagai perlindungan dan kekuasaan Allah)
 🔸 Surah Al-Fatihah & Al-Baqarah (Doa & petunjuk bagi umat Islam)

Bukan hanya sebagai hiasan, kiswah Ka’bah mengingatkan kita akan kebesaran Allah dan pentingnya tauhid dalam kehidupan. 💛
Jadi, kalau nanti kamu melihat Ka’bah, bukan sekadar kagum, tapi juga paham maknanya! 🤲✨

Tag temanmu yang harus tahu fakta ini! 👇

#KiswahKaabah #Kaabah #SejarahIslam #IslamicFacts #HajiUmrah #IslamicKnowledge #FaktaIslam #RamadhanKareem# SejarahIslam #FaktaIslam #Kaabah #KiswahKaabah #IslamicKnowledge #RamadhanKareem",false
carousel,photo,DHKsSiYpOb5,3587874841071773433,2025-03-14 11:53:52,posts/2025-03-14_11-53-52_[DHKsSiYpOb5]_04.jpg,4,,10,0,,"📌 ""Pernah Perhatiin Tulisan di Kain Ka’bah? Ini Maknanya!"" 🕋✨

Setiap tahunnya, jutaan umat Muslim dari seluruh dunia melihat Ka’bah, baik secara langsung saat haji & umrah maupun lewat siaran televisi. 

Tapi, pernahkah kamu penasaran apa arti tulisan berwarna emas di kiswah Ka’bah? 🤔

Ternyata, kain hitam yang menyelimuti Ka'bah ini dihiasi dengan ayat-ayat Al-Qur'an yang penuh makna dan kemuliaan. 🕋✨ Beberapa di antaranya:
 🔸 Surah Al-Ikhlas (Menegaskan keesaan Allah)
 🔸 Ayat Kursi (Sebagai perlindungan dan kekuasaan Allah)
 🔸 Surah Al-Fatihah & Al-Baqarah (Doa & petunjuk bagi umat Islam)

Bukan hanya sebagai hiasan, kiswah Ka’bah mengingatkan kita akan kebesaran Allah dan pentingnya tauhid dalam kehidupan. 💛
Jadi, kalau nanti kamu melihat Ka’bah, bukan sekadar kagum, tapi juga paham maknanya! 🤲✨

Tag temanmu yang harus tahu fakta ini! 👇

#KiswahKaabah #Kaabah #SejarahIslam #IslamicFacts #HajiUmrah #IslamicKnowledge #FaktaIslam #RamadhanKareem# SejarahIslam #FaktaIslam #Kaabah #KiswahKaabah #IslamicKnowledge #RamadhanKareem",false
carousel,photo,DHKsSiYpOb5,3587874841071773433,2025-03-14 11:53:52,posts/2025-03-14_11-53-52_[DHKsSiYpOb5]_05.jpg,5,,10,0,,"📌 ""Pernah Perhatiin Tulisan di Kain Ka’bah? Ini Maknanya!"" 🕋✨

Setiap tahunnya, jutaan umat Muslim dari seluruh dunia melihat Ka’bah, baik secara langsung saat haji & umrah maupun lewat siaran televisi. 

Tapi, pernahkah kamu penasaran apa arti tulisan berwarna emas di kiswah Ka’bah? 🤔

Ternyata, kain hitam yang menyelimuti Ka'bah ini dihiasi dengan ayat-ayat Al-Qur'an yang penuh makna dan kemuliaan. 🕋✨ Beberapa di antaranya:
 🔸 Surah Al-Ikhlas (Menegaskan keesaan Allah)
 🔸 Ayat Kursi (Sebagai perlindungan dan kekuasaan Allah)
 🔸 Surah Al-Fatihah & Al-Baqarah (Doa & petunjuk bagi umat Islam)

Bukan hanya sebagai hiasan, kiswah Ka’bah mengingatkan kita akan kebesaran Allah dan pentingnya tauhid dalam kehidupan. 💛
Jadi, kalau nanti kamu melihat Ka’bah, bukan sekadar kagum, tapi juga paham maknanya! 🤲✨

Tag temanmu yang harus tahu fakta ini! 👇

#KiswahKaabah #Kaabah #SejarahIslam #IslamicFacts #HajiUmrah #IslamicKnowledge #FaktaIslam #RamadhanKareem# SejarahIslam #FaktaIslam #Kaabah #KiswahKaabah #IslamicKnowledge #RamadhanKareem",false
carousel,photo,DHKsSiYpOb5,3587874841071773433,2025-03-14 11:53:52,posts/2025-03-14_11-53-52_[DHKsSiYpOb5]_06.jpg,6,,10,0,,"📌 ""Pernah Perhatiin Tulisan di Kain Ka’bah? Ini Maknanya!"" 🕋✨

Setiap tahunnya, jutaan umat Muslim dari seluruh dunia melihat Ka’bah, baik secara langsung saat haji & umrah maupun lewat siaran televisi. 

Tapi, pernahkah kamu penasaran apa arti tulisan berwarna emas di kiswah Ka’bah? 🤔

Ternyata, kain hitam yang menyelimuti Ka'bah ini dihiasi dengan ayat-ayat Al-Qur'an yang penuh makna dan kemuliaan. 🕋✨ Beberapa di antaranya:
 🔸 Surah Al-Ikhlas (Menegaskan keesaan Allah)
 🔸 Ayat Kursi (Sebagai perlindungan dan kekuasaan Allah)
 🔸 Surah Al-Fatihah & Al-Baqarah (Doa & petunjuk bagi umat Islam)

Bukan hanya sebagai hiasan, kiswah Ka’bah mengingatkan kita akan kebesaran Allah dan pentingnya tauhid dalam kehidupan. 💛
Jadi, kalau nanti kamu melihat Ka’bah, bukan sekadar kagum, tapi juga paham maknanya! 🤲✨

Tag temanmu yang harus tahu fakta ini! 👇

#KiswahKaabah #Kaabah #SejarahIslam #IslamicFacts #HajiUmrah #IslamicKnowledge #FaktaIslam #RamadhanKareem# SejarahIslam #FaktaIslam #Kaabah #KiswahKaabah #IslamicKnowledge #RamadhanKareem",false
carousel,photo,DHKsSiYpOb5,3587874841071773433,2025-03-14 11:53:52,posts/2025-03-14_11-53-52_[DHKsSiYpOb5]_07.jpg,7,,10,0,,"📌 ""Pernah Perhatiin Tulisan di Kain Ka’bah? Ini Maknanya!"" 🕋✨

Setiap tahunnya, jutaan umat Muslim dari seluruh dunia melihat Ka’bah, baik secara langsung saat haji & umrah maupun lewat siaran televisi. 

Tapi, pernahkah kamu penasaran apa arti tulisan berwarna emas di kiswah Ka’bah? 🤔

Ternyata, kain hitam yang menyelimuti Ka'bah ini dihiasi dengan ayat-ayat Al-Qur'an yang penuh makna dan kemuliaan. 🕋✨ Beberapa di antaranya:
 🔸 Surah Al-Ikhlas (Menegaskan keesaan Allah)
 🔸 Ayat Kursi (Sebagai perlindungan dan kekuasaan Allah)
 🔸 Surah Al-Fatihah & Al-Baqarah (Doa & petunjuk bagi umat Islam)

Bukan hanya sebagai hiasan, kiswah Ka’bah mengingatkan kita akan kebesaran Allah dan pentingnya tauhid dalam kehidupan. 💛
Jadi, kalau nanti kamu melihat Ka’bah, bukan sekadar kagum, tapi juga paham maknanya! 🤲✨

Tag temanmu yang harus tahu fakta ini! 👇

#KiswahKaabah #Kaabah #SejarahIslam #IslamicFacts #HajiUmrah #IslamicKnowledge #FaktaIslam #RamadhanKareem# SejarahIslam #FaktaIslam #Kaabah #KiswahKaabah #IslamicKnowledge #RamadhanKareem",false
carousel,photo,DHKsSiYpOb5,3587874841071773433,2025-03-14 11:53:52,posts/2025-03-14_11-53-52_[DHKsSiYpOb5]_08.jpg,8,,10,0,,"📌 ""Pernah Perhatiin Tulisan di Kain Ka’bah? Ini Maknanya!"" 🕋✨

Setiap tahunnya, jutaan umat Muslim dari seluruh dunia melihat Ka’bah, baik secara langsung saat haji & umrah maupun lewat siaran televisi. 

Tapi, pernahkah kamu penasaran apa arti tulisan berwarna emas di kiswah Ka’bah? 🤔

Ternyata, kain hitam yang menyelimuti Ka'bah ini dihiasi dengan ayat-ayat Al-Qur'an yang penuh makna dan kemuliaan. 🕋✨ Beberapa di antaranya:
 🔸 Surah Al-Ikhlas (Menegaskan keesaan Allah)
 🔸 Ayat Kursi (Sebagai perlindungan dan kekuasaan Allah)
 🔸 Surah Al-Fatihah & Al-Baqarah (Doa & petunjuk bagi umat Islam)

Bukan hanya sebagai hiasan, kiswah Ka’bah mengingatkan kita akan kebesaran Allah dan pentingnya tauhid dalam kehidupan. 💛
Jadi, kalau nanti kamu melihat Ka’bah, bukan sekadar kagum, tapi juga paham maknanya! 🤲✨

Tag temanmu yang harus tahu fakta ini! 👇

#KiswahKaabah #Kaabah #SejarahIslam #IslamicFacts #HajiUmrah #IslamicKnowledge #FaktaIslam #RamadhanKareem# SejarahIslam #FaktaIslam #Kaabah #KiswahKaabah #IslamicKnowledge #RamadhanKareem",false
carousel,photo,DHKsSiYpOb5,3587874841071773433,2025-03-14 11:53:52,posts/2025-03-14_11-53-52_[DHKsSiYpOb5]_09.jpg,9,,10,0,,"📌 ""Pernah Perhatiin Tulisan di Kain Ka’bah? Ini Maknanya!"" 🕋✨

Setiap tahunnya, jutaan umat Muslim dari seluruh dunia melihat Ka’bah, baik secara langsung saat haji & umrah maupun lewat siaran televisi. 

Tapi, pernahkah kamu penasaran apa arti tulisan berwarna emas di kiswah Ka’bah? 🤔

Ternyata, kain hitam yang menyelimuti Ka'bah ini dihiasi dengan ayat-ayat Al-Qur'an yang penuh makna dan kemuliaan. 🕋✨ Beberapa di antaranya:
 🔸 Surah Al-Ikhlas (Menegaskan keesaan Allah)
 🔸 Ayat Kursi (Sebagai perlindungan dan kekuasaan Allah)
 🔸 Surah Al-Fatihah & Al-Baqarah (Doa & petunjuk bagi umat Islam)

Bukan hanya sebagai hiasan, kiswah Ka’bah mengingatkan kita akan kebesaran Allah dan pentingnya tauhid dalam kehidupan. 💛
Jadi, kalau nanti kamu melihat Ka’bah, bukan sekadar kagum, tapi juga paham maknanya! 🤲✨

Tag temanmu yang harus tahu fakta ini! 👇

#KiswahKaabah #Kaabah #SejarahIslam #IslamicFacts #HajiUmrah #IslamicKnowledge #FaktaIslam #RamadhanKareem# SejarahIslam #FaktaIslam #Kaabah #KiswahKaabah #IslamicKnowledge #RamadhanKareem",false
carousel,photo,DHKsSiYpOb5,3587874841071773433,2025-03-14 11:53:52,posts/2025-03-14_11-53-52_[DHKsSiYpOb5]_10.jpg,10,,10,0,,"📌 ""Pernah Perhatiin Tulisan di Kain Ka’bah? Ini Maknanya!"" 🕋✨

Setiap tahunnya, jutaan umat Muslim dari seluruh dunia melihat Ka’bah, baik secara langsung saat haji & umrah maupun lewat siaran televisi. 

Tapi, pernahkah kamu penasaran apa arti tulisan berwarna emas di kiswah Ka’bah? 🤔

Ternyata, kain hitam yang menyelimuti Ka'bah ini dihiasi dengan ayat-ayat Al-Qur'an yang penuh makna dan kemuliaan. 🕋✨ Beberapa di antaranya:
 🔸 Surah Al-Ikhlas (Menegaskan keesaan Allah)
 🔸 Ayat Kursi (Sebagai perlindungan dan kekuasaan Allah)
 🔸 Surah Al-Fatihah & Al-Baqarah (Doa & petunjuk bagi umat Islam)

Bukan hanya sebagai hiasan, kiswah Ka’bah mengingatkan kita akan kebesaran Allah dan pentingnya tauhid dalam kehidupan. 💛
Jadi, kalau nanti kamu melihat Ka’bah, bukan sekadar kagum, tapi juga paham maknanya! 🤲✨

Tag temanmu yang harus tahu fakta ini! 👇

#KiswahKaabah #Kaabah #SejarahIslam #IslamicFacts #HajiUmrah #IslamicKnowledge #FaktaIslam #RamadhanKareem# SejarahIslam #FaktaIslam #Kaabah #KiswahKaabah #IslamicKnowledge #RamadhanKareem",false
carousel,photo,DHKsSiYpOb5,3587874841071773433,2025-03-14 11:53:52,posts/2025-03-14_11-53-52_[DHKsSiYpOb5]_11.jpg,11,,10,0,,"📌 ""Pernah Perhatiin Tulisan di Kain Ka’bah? Ini Maknanya!"" 🕋✨

Setiap tahunnya, jutaan umat Muslim dari seluruh dunia melihat Ka’bah, baik secara langsung saat haji & umrah maupun lewat siaran televisi. 

Tapi, pernahkah kamu penasaran apa arti tulisan berwarna emas di kiswah Ka’bah? 🤔

Ternyata, kain hitam yang menyelimuti Ka'bah ini dihiasi dengan ayat-ayat Al-Qur'an yang penuh makna dan kemuliaan. 🕋✨ Beberapa di antaranya:
 🔸 Surah Al-Ikhlas (Menegaskan keesaan Allah)
 🔸 Ayat Kursi (Sebagai perlindungan dan kekuasaan Allah)
 🔸 Surah Al-Fatihah & Al-Baqarah (Doa & petunjuk bagi umat Islam)

Bukan hanya sebagai hiasan, kiswah Ka’bah mengingatkan kita akan kebesaran Allah dan pentingnya tauhid dalam kehidupan. 💛
Jadi, kalau nanti kamu melihat Ka’bah, bukan sekadar kagum, tapi juga paham maknanya! 🤲✨

Tag temanmu yang harus tahu fakta ini! 👇

#KiswahKaabah #Kaabah #SejarahIslam #IslamicFacts #HajiUmrah #IslamicKnowledge #FaktaIslam #RamadhanKareem# SejarahIslam #FaktaIslam #Kaabah #KiswahKaabah #IslamicKnowledge #RamadhanKareem",false
post,photo,DHJXTH3hMoK,3587501047364766218,2025-03-13 23:31:12,posts/2025-03-13_23-31-12_[DHJXTH3hMoK].jpg,,,8,0,,"✨ 𝐔𝐌𝐑𝐀𝐇 𝐑𝐀𝐌𝐀𝐃𝐇𝐀𝐍 𝟏𝟒𝟔𝟔 𝐇✨

🕋 𝐊𝐞𝐢𝐬𝐭𝐢𝐦𝐞𝐰𝐚𝐚𝐧 𝐔𝐦𝐫𝐚𝐡 𝐑𝐚𝐦𝐚𝐝𝐡𝐚𝐧:
✅ 𝐏𝐚𝐡𝐚𝐥𝐚 𝐬𝐞𝐭𝐚𝐫𝐚 𝐝𝐞𝐧𝐠𝐚𝐧 𝐡𝐚𝐣𝐢 𝐛𝐞𝐫𝐬𝐚𝐦𝐚 𝐑𝐚𝐬𝐮𝐥𝐮𝐥𝐥𝐚𝐡 ﷺ
✅ 𝐒𝐮𝐚𝐬𝐚𝐧𝐚 𝐢𝐛𝐚𝐝𝐚𝐡 𝐲𝐚𝐧𝐠 𝐥𝐞𝐛𝐢𝐡 𝐤𝐡𝐮𝐬𝐲𝐮𝐤
✅ 𝐃𝐨𝐚-𝐝𝐨𝐚 𝐦𝐮𝐬𝐭𝐚𝐣𝐚𝐛 𝐝𝐢 𝐰𝐚𝐤𝐭𝐮-𝐰𝐚𝐤𝐭𝐮 𝐭𝐞𝐫𝐛𝐚𝐢𝐤

.
.
.
.

#UmrahRamadhan1466H #RamadhanDiTanahSuci #BerkahUmrahRamadhan #PahalaBerlipatGanda #TamuAllah #UmrahBersamaAlFatih #RamadhanMubarak #UmrahHajiMabrur #IbadahDiTanahSuci #KeistimewaanRamadhan #DoaMustajab #PerjalananSpiritual #PanggilanBaitullah #Umrah1446H #UmrohAndaDedikasiKami",false
carousel,photo,DHH0R3QTPSA,3587065554202850432,2025-03-13 09:05:58,posts/2025-03-13_09-05-58_[DHH0R3QTPSA]_01.jpg,1,,6,0,,"🌙 Puasa di Negeri Matahari Tak Tenggelam 🌎✨

Pernah membayangkan berpuasa di tempat di mana matahari hampir tidak terbenam? 🤯 Di wilayah dekat Kutub Utara, seperti Skandinavia dan Rusia bagian utara, waktu siang bisa mencapai 20+ jam saat Ramadhan!

Bagaimana mereka menjalankan ibadah puasa? 🤔

 📌 Sebagian mengikuti waktu puasa negara terdekat yang memiliki durasi normal.
 📌 Ada juga yang mengikuti jadwal puasa Mekkah sebagai pusat Islam.
 📌 Meskipun tantangan besar, semangat ibadah tetap berkobar! 🔥

MasyaAllah, luar biasa ya perjuangan Muslim di sana! 🤍 Kalau kamu ada di posisi mereka, sanggup nggak menjalani puasa selama itu? 😆💬

📌 Gimana pengalaman puasa kamu tahun ini? Share di komen yaaa!

#RamadhanDiKutub #Puasa20Jam #IslamDiDunia #KisahRamadhan #muslimtraveler",false
carousel,photo,DHH0R3QTPSA,3587065554202850432,2025-03-13 09:05:58,posts/2025-03-13_09-05-58_[DHH0R3QTPSA]_02.jpg,2,,6,0,,"🌙 Puasa di Negeri Matahari Tak Tenggelam 🌎✨

Pernah membayangkan berpuasa di tempat di mana matahari hampir tidak terbenam? 🤯 Di wilayah dekat Kutub Utara, seperti Skandinavia dan Rusia bagian utara, waktu siang bisa mencapai 20+ jam saat Ramadhan!

Bagaimana mereka menjalankan ibadah puasa? 🤔

 📌 Sebagian mengikuti waktu puasa negara terdekat yang memiliki durasi normal.
 📌 Ada juga yang mengikuti jadwal puasa Mekkah sebagai pusat Islam.
 📌 Meskipun tantangan besar, semangat ibadah tetap berkobar! 🔥

MasyaAllah, luar biasa ya perjuangan Muslim di sana! 🤍 Kalau kamu ada di posisi mereka, sanggup nggak menjalani puasa selama itu? 😆💬

📌 Gimana pengalaman puasa kamu tahun ini? Share di komen yaaa!

#RamadhanDiKutub #Puasa20Jam #IslamDiDunia #KisahRamadhan #muslimtraveler",false
carousel,photo,DHH0R3QTPSA,3587065554202850432,2025-03-13 09:05:58,posts/2025-03-13_09-05-58_[DHH0R3QTPSA]_03.jpg,3,,6,0,,"🌙 Puasa di Negeri Matahari Tak Tenggelam 🌎✨

Pernah membayangkan berpuasa di tempat di mana matahari hampir tidak terbenam? 🤯 Di wilayah dekat Kutub Utara, seperti Skandinavia dan Rusia bagian utara, waktu siang bisa mencapai 20+ jam saat Ramadhan!

Bagaimana mereka menjalankan ibadah puasa? 🤔

 📌 Sebagian mengikuti waktu puasa negara terdekat yang memiliki durasi normal.
 📌 Ada juga yang mengikuti jadwal puasa Mekkah sebagai pusat Islam.
 📌 Meskipun tantangan besar, semangat ibadah tetap berkobar! 🔥

MasyaAllah, luar biasa ya perjuangan Muslim di sana! 🤍 Kalau kamu ada di posisi mereka, sanggup nggak menjalani puasa selama itu? 😆💬

📌 Gimana pengalaman puasa kamu tahun ini? Share di komen yaaa!

#RamadhanDiKutub #Puasa20Jam #IslamDiDunia #KisahRamadhan #muslimtraveler",false
carousel,photo,DHH0R3QTPSA,3587065554202850432,2025-03-13 09:05:58,posts/2025-03-13_09-05-58_[DHH0R3QTPSA]_04.jpg,4,,6,0,,"🌙 Puasa di Negeri Matahari Tak Tenggelam 🌎✨

Pernah membayangkan berpuasa di tempat di mana matahari hampir tidak terbenam? 🤯 Di wilayah dekat Kutub Utara, seperti Skandinavia dan Rusia bagian utara, waktu siang bisa mencapai 20+ jam saat Ramadhan!

Bagaimana mereka menjalankan ibadah puasa? 🤔

 📌 Sebagian mengikuti waktu puasa negara terdekat yang memiliki durasi normal.
 📌 Ada juga yang mengikuti jadwal puasa Mekkah sebagai pusat Islam.
 📌 Meskipun tantangan besar, semangat ibadah tetap berkobar! 🔥

MasyaAllah, luar biasa ya perjuangan Muslim di sana! 🤍 Kalau kamu ada di posisi mereka, sanggup nggak menjalani puasa selama itu? 😆💬

📌 Gimana pengalaman puasa kamu tahun ini? Share di komen yaaa!

#RamadhanDiKutub #Puasa20Jam #IslamDiDunia #KisahRamadhan #muslimtraveler",false
carousel,photo,DHH0R3QTPSA,3587065554202850432,2025-03-13 09:05:58,posts/2025-03-13_09-05-58_[DHH0R3QTPSA]_05.jpg,5,,6,0,,"🌙 Puasa di Negeri Matahari Tak Tenggelam 🌎✨

Pernah membayangkan berpuasa di tempat di mana matahari hampir tidak terbenam? 🤯 Di wilayah dekat Kutub Utara, seperti Skandinavia dan Rusia bagian utara, waktu siang bisa mencapai 20+ jam saat Ramadhan!

Bagaimana mereka menjalankan ibadah puasa? 🤔

 📌 Sebagian mengikuti waktu puasa negara terdekat yang memiliki durasi normal.
 📌 Ada juga yang mengikuti jadwal puasa Mekkah sebagai pusat Islam.
 📌 Meskipun tantangan besar, semangat ibadah tetap berkobar! 🔥

MasyaAllah, luar biasa ya perjuangan Muslim di sana! 🤍 Kalau kamu ada di posisi mereka, sanggup nggak menjalani puasa selama itu? 😆💬

📌 Gimana pengalaman puasa kamu tahun ini? Share di komen yaaa!

#RamadhanDiKutub #Puasa20Jam #IslamDiDunia #KisahRamadhan #muslimtraveler",false
carousel,photo,DHH0R3QTPSA,3587065554202850432,2025-03-13 09:05:58,posts/2025-03-13_09-05-58_[DHH0R3QTPSA]_06.jpg,6,,6,0,,"🌙 Puasa di Negeri Matahari Tak Tenggelam 🌎✨

Pernah membayangkan berpuasa di tempat di mana matahari hampir tidak terbenam? 🤯 Di wilayah dekat Kutub Utara, seperti Skandinavia dan Rusia bagian utara, waktu siang bisa mencapai 20+ jam saat Ramadhan!

Bagaimana mereka menjalankan ibadah puasa? 🤔

 📌 Sebagian mengikuti waktu puasa negara terdekat yang memiliki durasi normal.
 📌 Ada juga yang mengikuti jadwal puasa Mekkah sebagai pusat Islam.
 📌 Meskipun tantangan besar, semangat ibadah tetap berkobar! 🔥

MasyaAllah, luar biasa ya perjuangan Muslim di sana! 🤍 Kalau kamu ada di posisi mereka, sanggup nggak menjalani puasa selama itu? 😆💬

📌 Gimana pengalaman puasa kamu tahun ini? Share di komen yaaa!

#RamadhanDiKutub #Puasa20Jam #IslamDiDunia #KisahRamadhan #muslimtraveler",false
carousel,photo,DHF5RcCp6JG,3586524565262017094,2025-03-12 15:11:07,posts/2025-03-12_15-11-07_[DHF5RcCp6JG]_01.jpg,1,,3,0,,"✨ GAME SERU RAMADHAN PART 2 ! 🌙🔥

Siapa nih yang ngerasa jago banget setiap ada soal Ramadhan? Yuk, uji pengetahuanmu dengan kuis interaktif ini! 🤩

Caranya gampang:
 ✅ Jawab pertanyaan di kolom komentar!
 ✅ Swipe buat cek jawabannya!
 ✅ Tantang temen kamu buat ikutan!
Berani coba? Jangan lupa tag bestie kamu biar makin seru! 😆👇

#RamadhanQuiz #GameSeruRamadhan #TebakTebakanRamadhan #PuasaBerkah #RamadhanMubarak #RamadhanChallenge #KuisInteraktif",false
carousel,photo,DHF5RcCp6JG,3586524565262017094,2025-03-12 15:11:07,posts/2025-03-12_15-11-07_[DHF5RcCp6JG]_02.jpg,2,,3,0,,"✨ GAME SERU RAMADHAN PART 2 ! 🌙🔥

Siapa nih yang ngerasa jago banget setiap ada soal Ramadhan? Yuk, uji pengetahuanmu dengan kuis interaktif ini! 🤩

Caranya gampang:
 ✅ Jawab pertanyaan di kolom komentar!
 ✅ Swipe buat cek jawabannya!
 ✅ Tantang temen kamu buat ikutan!
Berani coba? Jangan lupa tag bestie kamu biar makin seru! 😆👇

#RamadhanQuiz #GameSeruRamadhan #TebakTebakanRamadhan #PuasaBerkah #RamadhanMubarak #RamadhanChallenge #KuisInteraktif",false
post,video,DHAf-vOJQ0K,3585005954139491594,2025-03-10 12:55:11,posts/2025-03-10_12-55-11_[DHAf-vOJQ0K].mp4,,,4,0,,"Hening yang syahdu di Tanah Suci🤍✨

Mekkah dan Madinah punya caranya sendiri untuk menyentuh hati. Tanpa musik, tanpa suara trending, hanya lantunan doa, langkah kaki menuju masjid, dan suara angin yang membawa ketenangan.

Di sini, setiap sudut adalah pengingat. Setiap langkah adalah perjalanan menuju kedekatan dengan-Nya
Bismillah, kira-kira kapan kamu berangkat ke Tanah Suci bareng AlFatih Umroh nih? ✨🕋

Untuk konsultasi bisa DM sekarang yaaa!

#MekkahMadinah #TanahSuci #PerjalananSpiritual #UmrohBerkah #PrivateUmroh #UmrohPlusTurkey #FamilyJourney #SpiritualTrip #MomenBerkah #UmrohRamadhan #PahalaHaji #UmrohSekarang #UmrohMurah #UmrohMudah #TravelUmroh #UmrohBersamaNabi #RamadhanBerkah #ZiarahHaramain #SaudiaAirlines #UmrohBarengAlFatih #KeMekahGampang #HajiDanUmroh #umroh2025",false
carousel,photo,DG-YQvLJGAe,3584409056714186782,2025-03-09 17:07:58,posts/2025-03-09_17-07-58_[DG-YQvLJGAe]_01.jpg,1,,3,2,,"✨ GAME SERU RAMADHAN! 🌙🔥

Siapa nih yang ngerasa jago banget soal Ramadhan? Yuk, uji pengetahuanmu dengan kuis interaktif ini! 🤩

Caranya gampang:
 ✅ Jawab pertanyaan di kolom komentar!
 ✅ Swipe buat cek jawabannya!
 ✅ Tantang temen kamu buat ikutan!
Berani coba? Jangan lupa tag bestie kamu biar makin seru! 😆👇

#RamadhanQuiz #GameSeruRamadhan #TebakTebakanRamadhan #PuasaBerkah #RamadhanMubarak #RamadhanChallenge #KuisInteraktif",false
carousel,photo,DG-YQvLJGAe,3584409056714186782,2025-03-09 17:07:58,posts/2025-03-09_17-07-58_[DG-YQvLJGAe]_02.jpg,2,,3,2,,"✨ GAME SERU RAMADHAN! 🌙🔥

Siapa nih yang ngerasa jago banget soal Ramadhan? Yuk, uji pengetahuanmu dengan kuis interaktif ini! 🤩

Caranya gampang:
 ✅ Jawab pertanyaan di kolom komentar!
 ✅ Swipe buat cek jawabannya!
 ✅ Tantang temen kamu buat ikutan!
Berani coba? Jangan lupa tag bestie kamu biar makin seru! 😆👇

#RamadhanQuiz #GameSeruRamadhan #TebakTebakanRamadhan #PuasaBerkah #RamadhanMubarak #RamadhanChallenge #KuisInteraktif",false
post,video,DG458_PJmKw,3582868383292875440,2025-03-07 14:07:35,posts/2025-03-07_14-07-35_[DG458_PJmKw].mp4,,,9,0,,"🕋✨ Private Umroh + Turkey: Perjalanan Spiritual & Eksplorasi Keluarga 🇹🇷✨

Bismillah, perjalanan istimewa bersama 9 anggota keluarga menuju dua destinasi impian! 💫

🌿 Umroh Private – Lebih khusyuk & nyaman bareng keluarga tercinta di Tanah Suci.
 🏰 Eksplorasi Turkey – Dari Hagia Sophia hingga main salju di Cappadocia!

Perjalanan ini bukan sekadar wisata, tapi momen berharga untuk mempererat kebersamaan & mendekatkan diri kepada-Nya. Semoga lancar dan penuh berkah! 🤍✨

#PrivateUmroh #UmrohPlusTurkey #FamilyJourney #SpiritualTrip #MomenBerkah
#UmrohRamadhan #PahalaHaji #UmrohSekarang #UmrohMurah #UmrohMudah #TravelUmroh #UmrohBersamaNabi #RamadhanBerkah #ZiarahHaramain #SaudiaAirlines #UmrohBarengAlFatih #KeMekahGampang #HajiDanUmroh #Umroh2025 #umrohgakpakeribet",false
carousel,photo,DG13oXvpmfp,3582013745475774441,2025-03-06 09:48:55,posts/2025-03-06_09-48-55_[DG13oXvpmfp]_01.jpg,1,,8,0,,"✨ Sabar, Tenang… Hadiahmu Umroh Sekeluarga! ✨
Setiap usaha yang kamu perjuangkan hari ini adalah jalan menuju impian besar kita:

🕋 2025, kita sekeluarga di depan Ka'bah
 🇹🇷Setelah itu, menikmati Turkey bersama
🥂 Deep talk after lunch dengan view indah di Istanbul
📸 Foto after sholat Subuh di Madinah
❄️ Main di atas salju Turkey bareng keluarga

Pelan tapi pasti, semua ini akan terwujud. Terus berusaha, tetap bersabar, karena setiap langkahmu hari ini adalah investasi untuk kebahagiaan bersama nanti🤍✨

#BersamaMenujuBaitullah #Impian2025 #SabarDanUsaha #UmrohSekeluarga #TurkeyDream #PromoUmroh #DiskonUmroh #Umrah1446H #TravelUmrah #UmrahNyaman #GarudaUmrah #HaramainExpress #UmrahEksklusif #UmrahBareng #TravelHajiUmrah #UmrahGoals #IbadahBerkesan #PaketUmrah2025 #Umrah5Star #ZamZamTower #TaibaFrontHotel #CityTourMadinah #UmrahMurah #MuslimTravel #SpiritualJourney #UmrahPremium #travelingtomakkah",false
carousel,photo,DG13oXvpmfp,3582013745475774441,2025-03-06 09:48:55,posts/2025-03-06_09-48-55_[DG13oXvpmfp]_02.jpg,2,,8,0,,"✨ Sabar, Tenang… Hadiahmu Umroh Sekeluarga! ✨
Setiap usaha yang kamu perjuangkan hari ini adalah jalan menuju impian besar kita:

🕋 2025, kita sekeluarga di depan Ka'bah
 🇹🇷Setelah itu, menikmati Turkey bersama
🥂 Deep talk after lunch dengan view indah di Istanbul
📸 Foto after sholat Subuh di Madinah
❄️ Main di atas salju Turkey bareng keluarga

Pelan tapi pasti, semua ini akan terwujud. Terus berusaha, tetap bersabar, karena setiap langkahmu hari ini adalah investasi untuk kebahagiaan bersama nanti🤍✨

#BersamaMenujuBaitullah #Impian2025 #SabarDanUsaha #UmrohSekeluarga #TurkeyDream #PromoUmroh #DiskonUmroh #Umrah1446H #TravelUmrah #UmrahNyaman #GarudaUmrah #HaramainExpress #UmrahEksklusif #UmrahBareng #TravelHajiUmrah #UmrahGoals #IbadahBerkesan #PaketUmrah2025 #Umrah5Star #ZamZamTower #TaibaFrontHotel #CityTourMadinah #UmrahMurah #MuslimTravel #SpiritualJourney #UmrahPremium #travelingtomakkah",false
carousel,photo,DG13oXvpmfp,3582013745475774441,2025-03-06 09:48:55,posts/2025-03-06_09-48-55_[DG13oXvpmfp]_03.jpg,3,,8,0,,"✨ Sabar, Tenang… Hadiahmu Umroh Sekeluarga! ✨
Setiap usaha yang kamu perjuangkan hari ini adalah jalan menuju impian besar kita:

🕋 2025, kita sekeluarga di depan Ka'bah
 🇹🇷Setelah itu, menikmati Turkey bersama
🥂 Deep talk after lunch dengan view indah di Istanbul
📸 Foto after sholat Subuh di Madinah
❄️ Main di atas salju Turkey bareng keluarga

Pelan tapi pasti, semua ini akan terwujud. Terus berusaha, tetap bersabar, karena setiap langkahmu hari ini adalah investasi untuk kebahagiaan bersama nanti🤍✨

#BersamaMenujuBaitullah #Impian2025 #SabarDanUsaha #UmrohSekeluarga #TurkeyDream #PromoUmroh #DiskonUmroh #Umrah1446H #TravelUmrah #UmrahNyaman #GarudaUmrah #HaramainExpress #UmrahEksklusif #UmrahBareng #TravelHajiUmrah #UmrahGoals #IbadahBerkesan #PaketUmrah2025 #Umrah5Star #ZamZamTower #TaibaFrontHotel #CityTourMadinah #UmrahMurah #MuslimTravel #SpiritualJourney #UmrahPremium #travelingtomakkah",false
carousel,photo,DG13oXvpmfp,3582013745475774441,2025-03-06 09:48:55,posts/2025-03-06_09-48-55_[DG13oXvpmfp]_04.jpg,4,,8,0,,"✨ Sabar, Tenang… Hadiahmu Umroh Sekeluarga! ✨
Setiap usaha yang kamu perjuangkan hari ini adalah jalan menuju impian besar kita:

🕋 2025, kita sekeluarga di depan Ka'bah
 🇹🇷Setelah itu, menikmati Turkey bersama
🥂 Deep talk after lunch dengan view indah di Istanbul
📸 Foto after sholat Subuh di Madinah
❄️ Main di atas salju Turkey bareng keluarga

Pelan tapi pasti, semua ini akan terwujud. Terus berusaha, tetap bersabar, karena setiap langkahmu hari ini adalah investasi untuk kebahagiaan bersama nanti🤍✨

#BersamaMenujuBaitullah #Impian2025 #SabarDanUsaha #UmrohSekeluarga #TurkeyDream #PromoUmroh #DiskonUmroh #Umrah1446H #TravelUmrah #UmrahNyaman #GarudaUmrah #HaramainExpress #UmrahEksklusif #UmrahBareng #TravelHajiUmrah #UmrahGoals #IbadahBerkesan #PaketUmrah2025 #Umrah5Star #ZamZamTower #TaibaFrontHotel #CityTourMadinah #UmrahMurah #MuslimTravel #SpiritualJourney #UmrahPremium #travelingtomakkah",false
carousel,photo,DG13oXvpmfp,3582013745475774441,2025-03-06 09:48:55,posts/2025-03-06_09-48-55_[DG13oXvpmfp]_05.jpg,5,,8,0,,"✨ Sabar, Tenang… Hadiahmu Umroh Sekeluarga! ✨
Setiap usaha yang kamu perjuangkan hari ini adalah jalan menuju impian besar kita:

🕋 2025, kita sekeluarga di depan Ka'bah
 🇹🇷Setelah itu, menikmati Turkey bersama
🥂 Deep talk after lunch dengan view indah di Istanbul
📸 Foto after sholat Subuh di Madinah
❄️ Main di atas salju Turkey bareng keluarga

Pelan tapi pasti, semua ini akan terwujud. Terus berusaha, tetap bersabar, karena setiap langkahmu hari ini adalah investasi untuk kebahagiaan bersama nanti🤍✨

#BersamaMenujuBaitullah #Impian2025 #SabarDanUsaha #UmrohSekeluarga #TurkeyDream #PromoUmroh #DiskonUmroh #Umrah1446H #TravelUmrah #UmrahNyaman #GarudaUmrah #HaramainExpress #UmrahEksklusif #UmrahBareng #TravelHajiUmrah #UmrahGoals #IbadahBerkesan #PaketUmrah2025 #Umrah5Star #ZamZamTower #TaibaFrontHotel #CityTourMadinah #UmrahMurah #MuslimTravel #SpiritualJourney #UmrahPremium #travelingtomakkah",false
carousel,photo,DG13oXvpmfp,3582013745475774441,2025-03-06 09:48:55,posts/2025-03-06_09-48-55_[DG13oXvpmfp]_06.jpg,6,,8,0,,"✨ Sabar, Tenang… Hadiahmu Umroh Sekeluarga! ✨
Setiap usaha yang kamu perjuangkan hari ini adalah jalan menuju impian besar kita:

🕋 2025, kita sekeluarga di depan Ka'bah
 🇹🇷Setelah itu, menikmati Turkey bersama
🥂 Deep talk after lunch dengan view indah di Istanbul
📸 Foto after sholat Subuh di Madinah
❄️ Main di atas salju Turkey bareng keluarga

Pelan tapi pasti, semua ini akan terwujud. Terus berusaha, tetap bersabar, karena setiap langkahmu hari ini adalah investasi untuk kebahagiaan bersama nanti🤍✨

#BersamaMenujuBaitullah #Impian2025 #SabarDanUsaha #UmrohSekeluarga #TurkeyDream #PromoUmroh #DiskonUmroh #Umrah1446H #TravelUmrah #UmrahNyaman #GarudaUmrah #HaramainExpress #UmrahEksklusif #UmrahBareng #TravelHajiUmrah #UmrahGoals #IbadahBerkesan #PaketUmrah2025 #Umrah5Star #ZamZamTower #TaibaFrontHotel #CityTourMadinah #UmrahMurah #MuslimTravel #SpiritualJourney #UmrahPremium #travelingtomakkah",false
carousel,photo,DG13oXvpmfp,3582013745475774441,2025-03-06 09:48:55,posts/2025-03-06_09-48-55_[DG13oXvpmfp]_07.jpg,7,,8,0,,"✨ Sabar, Tenang… Hadiahmu Umroh Sekeluarga! ✨
Setiap usaha yang kamu perjuangkan hari ini adalah jalan menuju impian besar kita:

🕋 2025, kita sekeluarga di depan Ka'bah
 🇹🇷Setelah itu, menikmati Turkey bersama
🥂 Deep talk after lunch dengan view indah di Istanbul
📸 Foto after sholat Subuh di Madinah
❄️ Main di atas salju Turkey bareng keluarga

Pelan tapi pasti, semua ini akan terwujud. Terus berusaha, tetap bersabar, karena setiap langkahmu hari ini adalah investasi untuk kebahagiaan bersama nanti🤍✨

#BersamaMenujuBaitullah #Impian2025 #SabarDanUsaha #UmrohSekeluarga #TurkeyDream #PromoUmroh #DiskonUmroh #Umrah1446H #TravelUmrah #UmrahNyaman #GarudaUmrah #HaramainExpress #UmrahEksklusif #UmrahBareng #TravelHajiUmrah #UmrahGoals #IbadahBerkesan #PaketUmrah2025 #Umrah5Star #ZamZamTower #TaibaFrontHotel #CityTourMadinah #UmrahMurah #MuslimTravel #SpiritualJourney #UmrahPremium #travelingtomakkah",false
carousel,photo,DG13oXvpmfp,3582013745475774441,2025-03-06 09:48:55,posts/2025-03-06_09-48-55_[DG13oXvpmfp]_08.jpg,8,,8,0,,"✨ Sabar, Tenang… Hadiahmu Umroh Sekeluarga! ✨
Setiap usaha yang kamu perjuangkan hari ini adalah jalan menuju impian besar kita:

🕋 2025, kita sekeluarga di depan Ka'bah
 🇹🇷Setelah itu, menikmati Turkey bersama
🥂 Deep talk after lunch dengan view indah di Istanbul
📸 Foto after sholat Subuh di Madinah
❄️ Main di atas salju Turkey bareng keluarga

Pelan tapi pasti, semua ini akan terwujud. Terus berusaha, tetap bersabar, karena setiap langkahmu hari ini adalah investasi untuk kebahagiaan bersama nanti🤍✨

#BersamaMenujuBaitullah #Impian2025 #SabarDanUsaha #UmrohSekeluarga #TurkeyDream #PromoUmroh #DiskonUmroh #Umrah1446H #TravelUmrah #UmrahNyaman #GarudaUmrah #HaramainExpress #UmrahEksklusif #UmrahBareng #TravelHajiUmrah #UmrahGoals #IbadahBerkesan #PaketUmrah2025 #Umrah5Star #ZamZamTower #TaibaFrontHotel #CityTourMadinah #UmrahMurah #MuslimTravel #SpiritualJourney #UmrahPremium #travelingtomakkah",false
post,video,DGy4pMahRD3,3581173775145963767,2025-03-05 06:01:21,posts/2025-03-05_06-01-21_[DGy4pMahRD3].mp4,,,7,2,,"✨ Umroh Bareng Keluarga, Nyaman & Penuh Berkah! ✨

Bayangkan indahnya umroh bareng keluarga, apalagi kalau bisa membawa orang tua atau nenek tercinta. MasyaAllah pasti bikin haru! 🥹💖

Meski usia sudah sepuh, beliau tetap semangat menjalani ibadah, didampingi anak dan cucunya. Dengan fasilitas khusus jamaah lansia, perjalanan vibenya jadi lebih nyaman, aman, dan tenang.

✅ Fasilitas lengkap & ramah lansia
✅ Perjalanan nyaman & bebas ribet
✅ Bimbingan ibadah dari awal hingga akhir

Jadi, buat kamu yang punya impian umroh bareng keluarga, ini saatnya! Jangan ragu, karena kami siap menemani perjalanan suci kamu dengan layanan terbaik.

Tag keluarga tercinta yang mau umroh bareng! 🕋✨
📩 DM untuk info lengkap!

#UmrohBersamaKeluarga #UmrohNyaman #UmrohLansia #TravelUmroh #IbadahTenang #UmrohMudah #jalanmenujubaitullah",false
carousel,photo,DGs5z46yzU1,3579490058313086261,2025-03-02 22:14:48,posts/2025-03-02_22-14-48_[DGs5z46yzU1]_01.jpg,1,,4,0,,"Ramadhan sebentar lagi! Jangan lupa catat jadwal imsak dan sholat agar ibadahmu semakin lancar. ✨📌 

Catatan: Waktu dapat sedikit berbeda tergantung lokasi spesifik.

Semoga Ramadhan kali ini penuh berkah dan membawa kebaikan untuk kita semua! 🤲✨

#Ramadhan1446H #JadwalImsak #BulanRamadhan #puasaramadhan",false
carousel,photo,DGs5z46yzU1,3579490058313086261,2025-03-02 22:14:48,posts/2025-03-02_22-14-48_[DGs5z46yzU1]_02.jpg,2,,4,0,,"Ramadhan sebentar lagi! Jangan lupa catat jadwal imsak dan sholat agar ibadahmu semakin lancar. ✨📌 

Catatan: Waktu dapat sedikit berbeda tergantung lokasi spesifik.

Semoga Ramadhan kali ini penuh berkah dan membawa kebaikan untuk kita semua! 🤲✨

#Ramadhan1446H #JadwalImsak #BulanRamadhan #puasaramadhan",false
carousel,photo,DGs5z46yzU1,3579490058313086261,2025-03-02 22:14:48,posts/2025-03-02_22-14-48_[DGs5z46yzU1]_03.jpg,3,,4,0,,"Ramadhan sebentar lagi! Jangan lupa catat jadwal imsak dan sholat agar ibadahmu semakin lancar. ✨📌 

Catatan: Waktu dapat sedikit berbeda tergantung lokasi spesifik.

Semoga Ramadhan kali ini penuh berkah dan membawa kebaikan untuk kita semua! 🤲✨

#Ramadhan1446H #JadwalImsak #BulanRamadhan #puasaramadhan",false
post,video,DGnKCexJlXu,3577872579910063598,2025-02-28 16:41:40,posts/2025-02-28_16-41-40_[DGnKCexJlXu].mp4,,,2,0,,"🌙 Keutamaan Menyambut Ramadhan ✨
✅ Bulan penuh ampunan – Waktunya bersihkan hati & dosa
✅ Pahala dilipatgandakan – Setiap kebaikan bernilai lebih besar
✅ Waktu terbaik untuk memperbaiki diri – Upgrade iman & kebiasaan baik
✅ Doa lebih mustajab – Saatnya minta yang terbaik dalam hidup
""Ramadhan bukan sekadar menahan lapar, tapi juga momen untuk memperbaiki diri.""

#RamadhanKareem #BerkahRamadhan #Ramadhan2024 #KeutamaanRamadhan #RamadhanPenuhBerkah #UpgradeIman #RamadhanMubarak #BulanPenuhAmpunan #RamadhanSpirit #doamustajab",false
post,video,DGkN4GUpzx6,3577045033723313274,2025-02-27 13:18:46,posts/2025-02-27_13-18-46_[DGkN4GUpzx6].mp4,,,9,0,,"🌙 Ramadhan udah di depan mata!

Gimana hati? Udah siap atau masih sibuk scroll medsos? 😆
Ramadhan bukan cuma soal puasa, tapi juga soal reset diri—ngurangin overthinking, perbanyak kebaikan, dan healing hati💛✨

Let's make this Ramadhan bermakna bukan sekadar rutinitas! Simak ceramah singkat ini biar lebih semangat menyambut bulan penuh berkah! 💫

Siap upgrade diri bulan ini? Komitmen apa yang mau kamu pegang? Drop di komen! 👇

#Ramadhan2025 #SelfGrowth #HijrahDulu #FYP #exploreramadhan #umroh #umrohramadhan #mekkah #madinah",false
post,video,DGh_Je1Jbkp,3576417307618294057,2025-02-26 16:33:31,posts/2025-02-26_16-33-31_[DGh_Je1Jbkp].mp4,,,8,0,,"Dari thawaf di Makkah sampai nyruput teh di Istanbul, perjalanan ini bener-bener bikin hati adem! 🕋☕✨

✅ Doa di depan Ka’bah
✅ Ziarah ke Madinah
✅ Naik balon udara di Cappadocia
✅ Kulineran kebab & baklava legit di Turki

Umroh aja udah berkah, apalagi kalau lanjut trip ke Turki? 😍
Cappadocia vibes, Hagia Sophia yang aesthetic, dan pastinya pengalaman ibadah yang luar biasa! Next trip, siapa yang mau bareng Alfatih Umroh? Comment ‘GAS’ di bawah! ⬇️🔥

#umroh #umrohmurah #umrohpromo #umrohhemat #umrohturki #umroh2025 #umrohberkah",false
carousel,photo,DGZ86ZopR73,3574155675340971767,2025-02-23 13:36:20,posts/2025-02-23_13-36-20_[DGZ86ZopR73]_01.jpg,1,,7,0,,"✨ Berbuka Puasa di Masjid Nabawi Memorable dan Berkah! ✨

Buka puasa bareng ribuan jamaah di Masjid Nabawi tuh rasanya beda! 🕌🤲 Makan bersama, berbagi rezeki, dan merasakan berkah yang luar biasa. Gak cuma perut kenyang, tapi hati juga tenang💖

Mau merasakan suasana berbuka di sini? Niatkan umroh di bulan Ramadhan, karena pahalanya setara dengan haji! 🌙✨

💬 Komen ""Aamiin"" kalau ini jadi impianmu!🤍

#MasjidNabawi #RamadhanBerkah #UmrohRamadhan #BukaPuasaDiMasjid #IslamicReminder #BerkahRamadhan #hajiumroh",false
carousel,photo,DGZ86ZopR73,3574155675340971767,2025-02-23 13:36:20,posts/2025-02-23_13-36-20_[DGZ86ZopR73]_02.jpg,2,,7,0,,"✨ Berbuka Puasa di Masjid Nabawi Memorable dan Berkah! ✨

Buka puasa bareng ribuan jamaah di Masjid Nabawi tuh rasanya beda! 🕌🤲 Makan bersama, berbagi rezeki, dan merasakan berkah yang luar biasa. Gak cuma perut kenyang, tapi hati juga tenang💖

Mau merasakan suasana berbuka di sini? Niatkan umroh di bulan Ramadhan, karena pahalanya setara dengan haji! 🌙✨

💬 Komen ""Aamiin"" kalau ini jadi impianmu!🤍

#MasjidNabawi #RamadhanBerkah #UmrohRamadhan #BukaPuasaDiMasjid #IslamicReminder #BerkahRamadhan #hajiumroh",false
carousel,photo,DGZ86ZopR73,3574155675340971767,2025-02-23 13:36:20,posts/2025-02-23_13-36-20_[DGZ86ZopR73]_03.jpg,3,,7,0,,"✨ Berbuka Puasa di Masjid Nabawi Memorable dan Berkah! ✨

Buka puasa bareng ribuan jamaah di Masjid Nabawi tuh rasanya beda! 🕌🤲 Makan bersama, berbagi rezeki, dan merasakan berkah yang luar biasa. Gak cuma perut kenyang, tapi hati juga tenang💖

Mau merasakan suasana berbuka di sini? Niatkan umroh di bulan Ramadhan, karena pahalanya setara dengan haji! 🌙✨

💬 Komen ""Aamiin"" kalau ini jadi impianmu!🤍

#MasjidNabawi #RamadhanBerkah #UmrohRamadhan #BukaPuasaDiMasjid #IslamicReminder #BerkahRamadhan #hajiumroh",false
carousel,photo,DGZ86ZopR73,3574155675340971767,2025-02-23 13:36:20,posts/2025-02-23_13-36-20_[DGZ86ZopR73]_04.jpg,4,,7,0,,"✨ Berbuka Puasa di Masjid Nabawi Memorable dan Berkah! ✨

Buka puasa bareng ribuan jamaah di Masjid Nabawi tuh rasanya beda! 🕌🤲 Makan bersama, berbagi rezeki, dan merasakan berkah yang luar biasa. Gak cuma perut kenyang, tapi hati juga tenang💖

Mau merasakan suasana berbuka di sini? Niatkan umroh di bulan Ramadhan, karena pahalanya setara dengan haji! 🌙✨

💬 Komen ""Aamiin"" kalau ini jadi impianmu!🤍

#MasjidNabawi #RamadhanBerkah #UmrohRamadhan #BukaPuasaDiMasjid #IslamicReminder #BerkahRamadhan #hajiumroh",false
carousel,photo,DGZ86ZopR73,3574155675340971767,2025-02-23 13:36:20,posts/2025-02-23_13-36-20_[DGZ86ZopR73]_05.jpg,5,,7,0,,"✨ Berbuka Puasa di Masjid Nabawi Memorable dan Berkah! ✨

Buka puasa bareng ribuan jamaah di Masjid Nabawi tuh rasanya beda! 🕌🤲 Makan bersama, berbagi rezeki, dan merasakan berkah yang luar biasa. Gak cuma perut kenyang, tapi hati juga tenang💖

Mau merasakan suasana berbuka di sini? Niatkan umroh di bulan Ramadhan, karena pahalanya setara dengan haji! 🌙✨

💬 Komen ""Aamiin"" kalau ini jadi impianmu!🤍

#MasjidNabawi #RamadhanBerkah #UmrohRamadhan #BukaPuasaDiMasjid #IslamicReminder #BerkahRamadhan #hajiumroh",false
carousel,photo,DGZ86ZopR73,3574155675340971767,2025-02-23 13:36:20,posts/2025-02-23_13-36-20_[DGZ86ZopR73]_06.jpg,6,,7,0,,"✨ Berbuka Puasa di Masjid Nabawi Memorable dan Berkah! ✨

Buka puasa bareng ribuan jamaah di Masjid Nabawi tuh rasanya beda! 🕌🤲 Makan bersama, berbagi rezeki, dan merasakan berkah yang luar biasa. Gak cuma perut kenyang, tapi hati juga tenang💖

Mau merasakan suasana berbuka di sini? Niatkan umroh di bulan Ramadhan, karena pahalanya setara dengan haji! 🌙✨

💬 Komen ""Aamiin"" kalau ini jadi impianmu!🤍

#MasjidNabawi #RamadhanBerkah #UmrohRamadhan #BukaPuasaDiMasjid #IslamicReminder #BerkahRamadhan #hajiumroh",false
carousel,photo,DGSYC7tJPWU,3572023209121609108,2025-02-20 14:59:30,posts/2025-02-20_14-59-30_[DGSYC7tJPWU]_01.jpg,1,,11,0,,"""Ternyata yang nyebut-nyebut Labbaikallahumma labbaik sebelum tidur itu… aku. 😭✨""

Mungkin sekarang masih sebatas doa, tapi siapa tahu tahun depan sudah jadi kenyataan? 🤲💛 

Panggilan haji & umroh itu datang di waktu terbaik menurut-Nya. Kita hanya perlu terus berdoa, berusaha, dan percaya!

Yang juga punya impian ke Tanah Suci, komen Aamiin di bawah! 🤍

#LabbaikallahummaLabbaik #Haji #Umroh #PanggilanAllah #KeMekah #DoaMustajab #IslamicReminder #UmrohMudah #HajiMabrur#UmrahRamadhan #UmrahBerkah #Umrah1446H #TravelHajiUmrah #RamadhanDiTanahSuci #ZiarahHaramain #UmrahPuasa #UmrahMurah #UmrohRamadhan #Umroh2025 #UmrohBerkah #UmrohMudah #TravelUmroh #PaketUmroh #UmrohHemat #UmrohTerbaik #RamadhanDiTanahSuci #WisataReligi #ZiarahHaramain #UmrohAlFatih #PromoUmroh #DiskonUmroh #Umrah1446H",false
carousel,photo,DGSYC7tJPWU,3572023209121609108,2025-02-20 14:59:30,posts/2025-02-20_14-59-30_[DGSYC7tJPWU]_02.jpg,2,,11,0,,"""Ternyata yang nyebut-nyebut Labbaikallahumma labbaik sebelum tidur itu… aku. 😭✨""

Mungkin sekarang masih sebatas doa, tapi siapa tahu tahun depan sudah jadi kenyataan? 🤲💛 

Panggilan haji & umroh itu datang di waktu terbaik menurut-Nya. Kita hanya perlu terus berdoa, berusaha, dan percaya!

Yang juga punya impian ke Tanah Suci, komen Aamiin di bawah! 🤍

#LabbaikallahummaLabbaik #Haji #Umroh #PanggilanAllah #KeMekah #DoaMustajab #IslamicReminder #UmrohMudah #HajiMabrur#UmrahRamadhan #UmrahBerkah #Umrah1446H #TravelHajiUmrah #RamadhanDiTanahSuci #ZiarahHaramain #UmrahPuasa #UmrahMurah #UmrohRamadhan #Umroh2025 #UmrohBerkah #UmrohMudah #TravelUmroh #PaketUmroh #UmrohHemat #UmrohTerbaik #RamadhanDiTanahSuci #WisataReligi #ZiarahHaramain #UmrohAlFatih #PromoUmroh #DiskonUmroh #Umrah1446H",false
carousel,photo,DGO6GuHBnOy,3571047103075873714,2025-02-19 06:40:09,posts/2025-02-19_06-40-09_[DGO6GuHBnOy]_01.jpg,1,,7,0,,"📢 AIR ZAMZAM GAK PERNAH HABIS SELAMA 4000 TAHUN?! 😲

Air yang kamu minum sehari-hari bisa habis, tapi air Zamzam tetap mengalir sejak zaman Nabi Ibrahim! 🤯 Gimana bisa? Yuk, simak keajaibannya! 💦
✨ Fakta Air Zamzam:

✅ Ditemukan oleh Siti Hajar & Nabi Ismail di tengah padang pasir tandus
✅ Mengandung mineral unik & bebas bakteri secara alami
✅ Gak pernah kering meskipun jutaan orang mengambilnya setiap tahun
✅ Diberkahi dan memiliki manfaat luar biasa

💡 Fun Fact: Minum air Zamzam sambil berdoa bisa jadi wasilah terkabulnya doa! 🤲

📌 Swipe carousel untuk tahu lebih banyak! Jangan lupa save & share biar makin banyak yang tahu! 😉
#AirZamzam #KeajaibanZamzam #HajiUmroh #FaktaMenarik #IslamicHistory #SejarahIslam #Umroh #Haji #WisataReligi #MekahMadinah #islamichistory",false
carousel,photo,DGO6GuHBnOy,3571047103075873714,2025-02-19 06:40:09,posts/2025-02-19_06-40-09_[DGO6GuHBnOy]_02.jpg,2,,7,0,,"📢 AIR ZAMZAM GAK PERNAH HABIS SELAMA 4000 TAHUN?! 😲

Air yang kamu minum sehari-hari bisa habis, tapi air Zamzam tetap mengalir sejak zaman Nabi Ibrahim! 🤯 Gimana bisa? Yuk, simak keajaibannya! 💦
✨ Fakta Air Zamzam:

✅ Ditemukan oleh Siti Hajar & Nabi Ismail di tengah padang pasir tandus
✅ Mengandung mineral unik & bebas bakteri secara alami
✅ Gak pernah kering meskipun jutaan orang mengambilnya setiap tahun
✅ Diberkahi dan memiliki manfaat luar biasa

💡 Fun Fact: Minum air Zamzam sambil berdoa bisa jadi wasilah terkabulnya doa! 🤲

📌 Swipe carousel untuk tahu lebih banyak! Jangan lupa save & share biar makin banyak yang tahu! 😉
#AirZamzam #KeajaibanZamzam #HajiUmroh #FaktaMenarik #IslamicHistory #SejarahIslam #Umroh #Haji #WisataReligi #MekahMadinah #islamichistory",false
carousel,photo,DGO6GuHBnOy,3571047103075873714,2025-02-19 06:40:09,posts/2025-02-19_06-40-09_[DGO6GuHBnOy]_03.jpg,3,,7,0,,"📢 AIR ZAMZAM GAK PERNAH HABIS SELAMA 4000 TAHUN?! 😲

Air yang kamu minum sehari-hari bisa habis, tapi air Zamzam tetap mengalir sejak zaman Nabi Ibrahim! 🤯 Gimana bisa? Yuk, simak keajaibannya! 💦
✨ Fakta Air Zamzam:

✅ Ditemukan oleh Siti Hajar & Nabi Ismail di tengah padang pasir tandus
✅ Mengandung mineral unik & bebas bakteri secara alami
✅ Gak pernah kering meskipun jutaan orang mengambilnya setiap tahun
✅ Diberkahi dan memiliki manfaat luar biasa

💡 Fun Fact: Minum air Zamzam sambil berdoa bisa jadi wasilah terkabulnya doa! 🤲

📌 Swipe carousel untuk tahu lebih banyak! Jangan lupa save & share biar makin banyak yang tahu! 😉
#AirZamzam #KeajaibanZamzam #HajiUmroh #FaktaMenarik #IslamicHistory #SejarahIslam #Umroh #Haji #WisataReligi #MekahMadinah #islamichistory",false
carousel,photo,DGO6GuHBnOy,3571047103075873714,2025-02-19 06:40:09,posts/2025-02-19_06-40-09_[DGO6GuHBnOy]_04.jpg,4,,7,0,,"📢 AIR ZAMZAM GAK PERNAH HABIS SELAMA 4000 TAHUN?! 😲

Air yang kamu minum sehari-hari bisa habis, tapi air Zamzam tetap mengalir sejak zaman Nabi Ibrahim! 🤯 Gimana bisa? Yuk, simak keajaibannya! 💦
✨ Fakta Air Zamzam:

✅ Ditemukan oleh Siti Hajar & Nabi Ismail di tengah padang pasir tandus
✅ Mengandung mineral unik & bebas bakteri secara alami
✅ Gak pernah kering meskipun jutaan orang mengambilnya setiap tahun
✅ Diberkahi dan memiliki manfaat luar biasa

💡 Fun Fact: Minum air Zamzam sambil berdoa bisa jadi wasilah terkabulnya doa! 🤲

📌 Swipe carousel untuk tahu lebih banyak! Jangan lupa save & share biar makin banyak yang tahu! 😉
#AirZamzam #KeajaibanZamzam #HajiUmroh #FaktaMenarik #IslamicHistory #SejarahIslam #Umroh #Haji #WisataReligi #MekahMadinah #islamichistory",false
carousel,photo,DGO6GuHBnOy,3571047103075873714,2025-02-19 06:40:09,posts/2025-02-19_06-40-09_[DGO6GuHBnOy]_05.jpg,5,,7,0,,"📢 AIR ZAMZAM GAK PERNAH HABIS SELAMA 4000 TAHUN?! 😲

Air yang kamu minum sehari-hari bisa habis, tapi air Zamzam tetap mengalir sejak zaman Nabi Ibrahim! 🤯 Gimana bisa? Yuk, simak keajaibannya! 💦
✨ Fakta Air Zamzam:

✅ Ditemukan oleh Siti Hajar & Nabi Ismail di tengah padang pasir tandus
✅ Mengandung mineral unik & bebas bakteri secara alami
✅ Gak pernah kering meskipun jutaan orang mengambilnya setiap tahun
✅ Diberkahi dan memiliki manfaat luar biasa

💡 Fun Fact: Minum air Zamzam sambil berdoa bisa jadi wasilah terkabulnya doa! 🤲

📌 Swipe carousel untuk tahu lebih banyak! Jangan lupa save & share biar makin banyak yang tahu! 😉
#AirZamzam #KeajaibanZamzam #HajiUmroh #FaktaMenarik #IslamicHistory #SejarahIslam #Umroh #Haji #WisataReligi #MekahMadinah #islamichistory",false
carousel,photo,DGO6GuHBnOy,3571047103075873714,2025-02-19 06:40:09,posts/2025-02-19_06-40-09_[DGO6GuHBnOy]_06.jpg,6,,7,0,,"📢 AIR ZAMZAM GAK PERNAH HABIS SELAMA 4000 TAHUN?! 😲

Air yang kamu minum sehari-hari bisa habis, tapi air Zamzam tetap mengalir sejak zaman Nabi Ibrahim! 🤯 Gimana bisa? Yuk, simak keajaibannya! 💦
✨ Fakta Air Zamzam:

✅ Ditemukan oleh Siti Hajar & Nabi Ismail di tengah padang pasir tandus
✅ Mengandung mineral unik & bebas bakteri secara alami
✅ Gak pernah kering meskipun jutaan orang mengambilnya setiap tahun
✅ Diberkahi dan memiliki manfaat luar biasa

💡 Fun Fact: Minum air Zamzam sambil berdoa bisa jadi wasilah terkabulnya doa! 🤲

📌 Swipe carousel untuk tahu lebih banyak! Jangan lupa save & share biar makin banyak yang tahu! 😉
#AirZamzam #KeajaibanZamzam #HajiUmroh #FaktaMenarik #IslamicHistory #SejarahIslam #Umroh #Haji #WisataReligi #MekahMadinah #islamichistory",false
carousel,photo,DGO6GuHBnOy,3571047103075873714,2025-02-19 06:40:09,posts/2025-02-19_06-40-09_[DGO6GuHBnOy]_07.jpg,7,,7,0,,"📢 AIR ZAMZAM GAK PERNAH HABIS SELAMA 4000 TAHUN?! 😲

Air yang kamu minum sehari-hari bisa habis, tapi air Zamzam tetap mengalir sejak zaman Nabi Ibrahim! 🤯 Gimana bisa? Yuk, simak keajaibannya! 💦
✨ Fakta Air Zamzam:

✅ Ditemukan oleh Siti Hajar & Nabi Ismail di tengah padang pasir tandus
✅ Mengandung mineral unik & bebas bakteri secara alami
✅ Gak pernah kering meskipun jutaan orang mengambilnya setiap tahun
✅ Diberkahi dan memiliki manfaat luar biasa

💡 Fun Fact: Minum air Zamzam sambil berdoa bisa jadi wasilah terkabulnya doa! 🤲

📌 Swipe carousel untuk tahu lebih banyak! Jangan lupa save & share biar makin banyak yang tahu! 😉
#AirZamzam #KeajaibanZamzam #HajiUmroh #FaktaMenarik #IslamicHistory #SejarahIslam #Umroh #Haji #WisataReligi #MekahMadinah #islamichistory",false
post,video,DGMd8AByoMn,3570360271145435943,2025-02-18 07:56:25,posts/2025-02-18_07-56-25_[DGMd8AByoMn].mp4,,,8,0,,"🌿 CUMA 10 MENIT DI RAUDHAH? INI 5 FAKTANYA! 🌿

Banyak jemaah yang kaget karena waktu di Raudhah sangat terbatas! 😲 Nah, sebelum ke sana, yuk pahami 5 faktanya:

1️⃣ Batas waktu hanya sekitar 10-15 menit per kelompok jemaah
2️⃣ Harus daftar lewat aplikasi Nusuk (dulu Eatmarna)
3️⃣ Raudhah adalah area mustajab untuk berdoa 🤲
4️⃣ Laki-laki & perempuan punya waktu masuk terpisah
5️⃣ Banyak yang rela antre berjam-jam demi bisa masuk

✨ Jangan lupa siapkan doa terbaik sebelum masuk ke Raudhah! Siapa yang punya impian berdoa di sini? Tulis ""Aamiin"" di komentar! 💚
🔖 Save & Share biar gak lupa!

#Haji #Umroh #UmrohRamadhan #Haji2025 #Madinah #Raudhah #MasjidNabawi #IbadahHaji #UmrohMudah #TravelHajiUmroh #WisataReligi #MuslimTravel #DoaMustajab #NusukApp #IslamicJourney #ZiarahMadinah #MekahMadinah #RamadhanKareem #SpiritualJourney #DoaDikabulkan #inspirasimuslim",false
carousel,photo,DGLEtGmJx47,3569967821266296379,2025-02-17 18:55:49,posts/2025-02-17_18-55-49_[DGLEtGmJx47]_01.jpg,1,,4,0,,"✨ HAJI VS UMROH: APA BEDANYA? ✨

Banyak yang masih bingung, sebenarnya haji & umroh itu beda lho! 🤔 Yuk, simak 5 perbedaannya!

1️⃣ Haji wajib, umroh sunnah
2️⃣ Haji hanya di Dzulhijjah, umroh bisa kapan aja
3️⃣ Haji ada wukuf di Arafah, umroh enggak
4️⃣ Haji waiting list panjang, umroh bisa langsung
5️⃣ Umroh di bulan Ramadhan = pahala haji! ✨

Jadi, kalau belum bisa haji, umroh Ramadhan bisa jadi pilihan terbaik! 💙 Siapa yang punya impian ke Tanah Suci? 🙋‍♂️
🔖 Save & share biar gak lupa!
💬 Tag temanmu yang pengen ibadah ke Mekkah!

#UmrohRamadhan #Umroh2025 #UmrohBerkah #UmrohMudah #TravelUmroh #PaketUmroh #UmrohHemat #UmrohTerbaik #RamadhanDiTanahSuci #WisataReligi #ZiarahHaramain #UmrohAlFatih #PromoUmroh #DiskonUmroh #Umrah1446H #TravelUmrah #UmrahNyaman #GarudaUmrah #HaramainExpress",false
carousel,photo,DGLEtGmJx47,3569967821266296379,2025-02-17 18:55:49,posts/2025-02-17_18-55-49_[DGLEtGmJx47]_02.jpg,2,,4,0,,"✨ HAJI VS UMROH: APA BEDANYA? ✨

Banyak yang masih bingung, sebenarnya haji & umroh itu beda lho! 🤔 Yuk, simak 5 perbedaannya!

1️⃣ Haji wajib, umroh sunnah
2️⃣ Haji hanya di Dzulhijjah, umroh bisa kapan aja
3️⃣ Haji ada wukuf di Arafah, umroh enggak
4️⃣ Haji waiting list panjang, umroh bisa langsung
5️⃣ Umroh di bulan Ramadhan = pahala haji! ✨

Jadi, kalau belum bisa haji, umroh Ramadhan bisa jadi pilihan terbaik! 💙 Siapa yang punya impian ke Tanah Suci? 🙋‍♂️
🔖 Save & share biar gak lupa!
💬 Tag temanmu yang pengen ibadah ke Mekkah!

#UmrohRamadhan #Umroh2025 #UmrohBerkah #UmrohMudah #TravelUmroh #PaketUmroh #UmrohHemat #UmrohTerbaik #RamadhanDiTanahSuci #WisataReligi #ZiarahHaramain #UmrohAlFatih #PromoUmroh #DiskonUmroh #Umrah1446H #TravelUmrah #UmrahNyaman #GarudaUmrah #HaramainExpress",false
carousel,photo,DGLEtGmJx47,3569967821266296379,2025-02-17 18:55:49,posts/2025-02-17_18-55-49_[DGLEtGmJx47]_03.jpg,3,,4,0,,"✨ HAJI VS UMROH: APA BEDANYA? ✨

Banyak yang masih bingung, sebenarnya haji & umroh itu beda lho! 🤔 Yuk, simak 5 perbedaannya!

1️⃣ Haji wajib, umroh sunnah
2️⃣ Haji hanya di Dzulhijjah, umroh bisa kapan aja
3️⃣ Haji ada wukuf di Arafah, umroh enggak
4️⃣ Haji waiting list panjang, umroh bisa langsung
5️⃣ Umroh di bulan Ramadhan = pahala haji! ✨

Jadi, kalau belum bisa haji, umroh Ramadhan bisa jadi pilihan terbaik! 💙 Siapa yang punya impian ke Tanah Suci? 🙋‍♂️
🔖 Save & share biar gak lupa!
💬 Tag temanmu yang pengen ibadah ke Mekkah!

#UmrohRamadhan #Umroh2025 #UmrohBerkah #UmrohMudah #TravelUmroh #PaketUmroh #UmrohHemat #UmrohTerbaik #RamadhanDiTanahSuci #WisataReligi #ZiarahHaramain #UmrohAlFatih #PromoUmroh #DiskonUmroh #Umrah1446H #TravelUmrah #UmrahNyaman #GarudaUmrah #HaramainExpress",false
carousel,photo,DGLEtGmJx47,3569967821266296379,2025-02-17 18:55:49,posts/2025-02-17_18-55-49_[DGLEtGmJx47]_04.jpg,4,,4,0,,"✨ HAJI VS UMROH: APA BEDANYA? ✨

Banyak yang masih bingung, sebenarnya haji & umroh itu beda lho! 🤔 Yuk, simak 5 perbedaannya!

1️⃣ Haji wajib, umroh sunnah
2️⃣ Haji hanya di Dzulhijjah, umroh bisa kapan aja
3️⃣ Haji ada wukuf di Arafah, umroh enggak
4️⃣ Haji waiting list panjang, umroh bisa langsung
5️⃣ Umroh di bulan Ramadhan = pahala haji! ✨

Jadi, kalau belum bisa haji, umroh Ramadhan bisa jadi pilihan terbaik! 💙 Siapa yang punya impian ke Tanah Suci? 🙋‍♂️
🔖 Save & share biar gak lupa!
💬 Tag temanmu yang pengen ibadah ke Mekkah!

#UmrohRamadhan #Umroh2025 #UmrohBerkah #UmrohMudah #TravelUmroh #PaketUmroh #UmrohHemat #UmrohTerbaik #RamadhanDiTanahSuci #WisataReligi #ZiarahHaramain #UmrohAlFatih #PromoUmroh #DiskonUmroh #Umrah1446H #TravelUmrah #UmrahNyaman #GarudaUmrah #HaramainExpress",false
carousel,photo,DGLEtGmJx47,3569967821266296379,2025-02-17 18:55:49,posts/2025-02-17_18-55-49_[DGLEtGmJx47]_05.jpg,5,,4,0,,"✨ HAJI VS UMROH: APA BEDANYA? ✨

Banyak yang masih bingung, sebenarnya haji & umroh itu beda lho! 🤔 Yuk, simak 5 perbedaannya!

1️⃣ Haji wajib, umroh sunnah
2️⃣ Haji hanya di Dzulhijjah, umroh bisa kapan aja
3️⃣ Haji ada wukuf di Arafah, umroh enggak
4️⃣ Haji waiting list panjang, umroh bisa langsung
5️⃣ Umroh di bulan Ramadhan = pahala haji! ✨

Jadi, kalau belum bisa haji, umroh Ramadhan bisa jadi pilihan terbaik! 💙 Siapa yang punya impian ke Tanah Suci? 🙋‍♂️
🔖 Save & share biar gak lupa!
💬 Tag temanmu yang pengen ibadah ke Mekkah!

#UmrohRamadhan #Umroh2025 #UmrohBerkah #UmrohMudah #TravelUmroh #PaketUmroh #UmrohHemat #UmrohTerbaik #RamadhanDiTanahSuci #WisataReligi #ZiarahHaramain #UmrohAlFatih #PromoUmroh #DiskonUmroh #Umrah1446H #TravelUmrah #UmrahNyaman #GarudaUmrah #HaramainExpress",false
carousel,photo,DGLEtGmJx47,3569967821266296379,2025-02-17 18:55:49,posts/2025-02-17_18-55-49_[DGLEtGmJx47]_06.jpg,6,,4,0,,"✨ HAJI VS UMROH: APA BEDANYA? ✨

Banyak yang masih bingung, sebenarnya haji & umroh itu beda lho! 🤔 Yuk, simak 5 perbedaannya!

1️⃣ Haji wajib, umroh sunnah
2️⃣ Haji hanya di Dzulhijjah, umroh bisa kapan aja
3️⃣ Haji ada wukuf di Arafah, umroh enggak
4️⃣ Haji waiting list panjang, umroh bisa langsung
5️⃣ Umroh di bulan Ramadhan = pahala haji! ✨

Jadi, kalau belum bisa haji, umroh Ramadhan bisa jadi pilihan terbaik! 💙 Siapa yang punya impian ke Tanah Suci? 🙋‍♂️
🔖 Save & share biar gak lupa!
💬 Tag temanmu yang pengen ibadah ke Mekkah!

#UmrohRamadhan #Umroh2025 #UmrohBerkah #UmrohMudah #TravelUmroh #PaketUmroh #UmrohHemat #UmrohTerbaik #RamadhanDiTanahSuci #WisataReligi #ZiarahHaramain #UmrohAlFatih #PromoUmroh #DiskonUmroh #Umrah1446H #TravelUmrah #UmrahNyaman #GarudaUmrah #HaramainExpress",false
carousel,photo,DGLEtGmJx47,3569967821266296379,2025-02-17 18:55:49,posts/2025-02-17_18-55-49_[DGLEtGmJx47]_07.jpg,7,,4,0,,"✨ HAJI VS UMROH: APA BEDANYA? ✨

Banyak yang masih bingung, sebenarnya haji & umroh itu beda lho! 🤔 Yuk, simak 5 perbedaannya!

1️⃣ Haji wajib, umroh sunnah
2️⃣ Haji hanya di Dzulhijjah, umroh bisa kapan aja
3️⃣ Haji ada wukuf di Arafah, umroh enggak
4️⃣ Haji waiting list panjang, umroh bisa langsung
5️⃣ Umroh di bulan Ramadhan = pahala haji! ✨

Jadi, kalau belum bisa haji, umroh Ramadhan bisa jadi pilihan terbaik! 💙 Siapa yang punya impian ke Tanah Suci? 🙋‍♂️
🔖 Save & share biar gak lupa!
💬 Tag temanmu yang pengen ibadah ke Mekkah!

#UmrohRamadhan #Umroh2025 #UmrohBerkah #UmrohMudah #TravelUmroh #PaketUmroh #UmrohHemat #UmrohTerbaik #RamadhanDiTanahSuci #WisataReligi #ZiarahHaramain #UmrohAlFatih #PromoUmroh #DiskonUmroh #Umrah1446H #TravelUmrah #UmrahNyaman #GarudaUmrah #HaramainExpress",false
post,video,DGIN2kHppVc,3569163628930569564,2025-02-16 16:18:26,posts/2025-02-16_16-18-26_[DGIN2kHppVc].mp4,,,7,0,,"🌙✨ UMROH RAMADHAN 1446H – 9 HARI PENUH BERKAH! ✈️

Masih bingung pilih paket umroh yang tepat? 🕋✨
Al Fatih Umroh punya solusinya! Al Fatih punya dua pilihan paket umroh 2025 yang bisa disesuaikan dengan kebutuhan dan budgetmu:

📍 Keberangkatan dari:
✈️ JOGJA/SOLO mulai 31.9 JT
✈️ JAKARTA mulai 28.9 JT

🕌 Fasilitas yang kamu dapat:
✅ Hotel 3 stars di Saudi
✅ Tiket pesawat Garuda/Saudia Air
✅ Visa Umroh senilai 3,5 JT
✅ Air Zamzam + 1 box ALBAIK
✅ Makan buka & sahur
✅ Tour guide & mutawwif berpengalaman
✅ Transportasi bus pribadi
✅ Asuransi perjalanan (<69 tahun)

🚨 Harga belum termasuk:
❌ Perlengkapan Umroh & Manasik
❌ Tiket Kereta Cepat Haramain

💫 Berangkat 11 – 19 Maret 2025! Tempat terbatas, segera daftar sebelum kehabisan! 

Jadikan Ramadhan tahun ini lebih spesial dengan UMROH bersama Al Fatih Dunia Wisata! 🕋💙 

Cek detail lengkapnya di bio atau langsung hubungi kami.
📩 Info & Pendaftaran:
📞 08151642225
🌍 adwisata.com
📧 info@adwisata.com
📌 @alfatih.umroh

#UmrohRamadhan #Umroh1446H #TravelHajiUmroh #UmrohPromo #PaketUmroh #UmrohJogja #UmrohJakarta #UmrohMaret2025 #UmrohBersama #ZiarahHaramain #travelumrohmurah",false
post,video,DGHxAs1JjUh,3569036782129788193,2025-02-16 12:08:29,posts/2025-02-16_12-08-29_[DGHxAs1JjUh].mp4,,,13,0,,"Masih ragu untuk umroh karena khawatir dengan fasilitas dan kenyamanan? 

Kami punya solusinya! Paket Umroh 10 Hari Gold dari Al Fatih hadir dengan fasilitas mewah dan pengalaman eksklusif yang bikin umrohmu jadi tak terlupakan. 

🕋✨Paket Gold ini menawarkan penginapan di hotel bintang 5: Pullman Zamzam di Makkah dan Taiba Front di Madinah.
✅Bonus ziarah ke Al-Ula dan tiket kereta cepat Haramain!
✅Fasilitas lengkap: Tiket Garuda direct, makan 3x sehari, transportasi pribadi, dan perlengkapan umroh.
✅Harga mulai IDR 38,5 juta (quad), IDR 41,5 juta (triple), dan IDR 46,5 juta (double).

Yuk, wujudkan impian umrohmu dengan pengalaman layaknya raja/ratu! 🛫
Cek detail lengkapnya di bio atau langsung hubungi kami.

Siap berangkat umroh tahun ini? 🙌

#Umroh2025 #PaketUmrohGold #SolusiUmrohMewah #TravelUmroh #MakkahMadinah #UmrohEksklusif #UmrohTanpaRibet #travelhajiumroh",false
post,video,DGCAaZlh2PN,3567415669010424781,2025-02-14 06:27:57,posts/2025-02-14_06-27-57_[DGCAaZlh2PN].mp4,,,8,0,,"Ubur-ubur ikan lele, 2025 inyaAllah umroh bawa banyak orang tersayang leee😇😇",false
post,photo,DGAzZq2T2rM,3567076969244748492,2025-02-13 19:12:13,posts/2025-02-13_19-12-13_[DGAzZq2T2rM].jpg,,,6,0,,"Alhamdulillah tsumma Alhamdulillah 🤲

Semoga Allah SWT merahmati semua jamaah haji dan umroh 🤲

#YukUmroh
#UmrohDulu
#BismillahUmroh
#RinduBaitullah
#AyoKeTanahSuci
#umrohmurah
#umrohmurah2025",false
post,video,DF_V-vrzmQY,3566666100685825048,2025-02-13 05:36:49,posts/2025-02-13_05-36-49_[DF_V-vrzmQY].mp4,,,13,0,,"🕊️ Menapaki Jejak Rasulullah, Menyatu dalam Kebersamaan 🕋
Alhamdulillah, perjalanan penuh berkah bersama jamaah umroh plus Turkey dari Alfatih Umroh telah kami abadikan dalam setiap detiknya. Dari keberangkatan di Jakarta, Tanah suci hingga keindahan Turki, setiap momen adalah cerita yang tak terlupakan.
Kira-kira di bulan apa nih kamu siap untuk merasakan pengalaman spiritual dan wisata yang memukau? 🌍✨

DM untuk konsultasi acara umroh kamu sekarang juga !!!

Daftarkan diri Anda sekarang dan jadilah bagian dari keluarga besar PT Alfatih Umroh!
#UmrohBersamaAlfatih #JourneyOfFaith #TurkeyDiaries #SpiritualJourney #PTAlfatihUmroh #TravelWithBlessings""",false
post,video,DF9yC7Czh3J,3566226583109639625,2025-02-12 15:04:55,posts/2025-02-12_15-04-55_[DF9yC7Czh3J].mp4,,,11,0,,"Sehari di Istanbul: Wisata Religi & Sejarah yang Bikin Kagum! 🇹🇷✨

Dari Masjid Ortaköy yang ikonik di tepi Bosphorus, singgah di megahnya Masjid Fatih, sampai menikmati pemandangan spektakuler dari Galata Tower—Istanbul memang nggak ada lawan! 🕌🌊🏰

Mau jalan-jalan ke Turki sekalian Umrah? 🕋✈️ Gabung di program Umrah + Turki bareng Alfatih Dunia Wisata! Dapatkan pengalaman spiritual di Tanah Suci sekaligus menjelajahi keindahan Turki dalam satu perjalanan!

📅 Kuota terbatas! Langsung DM buat info lebih lanjut. 📩
#UmrahPlusTurki #AlfatihDuniaWisata #JalanJalanIstanbul #MasjidOrtakoy #MasjidFatih #GalataTower #WisataHalal",false
post,video,DFyUNAwzrgX,3562999110305757207,2025-02-08 04:11:21,posts/2025-02-08_04-11-21_[DFyUNAwzrgX].mp4,,,6,0,,"𝐎𝐧𝐞 𝐝𝐚𝐲, 𝐈’𝐥𝐥 𝐬𝐢𝐭 𝐡𝐞𝐫𝐞 𝐚𝐠𝐚𝐢𝐧...
Menatap keindahan Masjid Nabawi, merindukan setiap detik di Tanah Suci. 🕋✨
|
Tahun 1447 H adalah waktumu. Umroh special promo mulai dari Rp 25jt-an !!

Jadwalkan keberangkatan Umroh mulai Juli hingga Desember bersama kami, dan temukan kembali ketenangan yang kamu rindukan. 🤍🌙

📲 Booking sekarang via WhatsApp: wa.me/628151642225
atau langsung DM kami untuk info lebih lanjut! 💬✈️

#mecca #madinah #BlessedMoments #oneday #umroh1447H #umrohmurahdepok #umrohdepok #umrohberkah #umroh2025 #umrohsahabat #travelumrohdepok",false
post,video,DFuwg4DpT_5,3561997720743133177,2025-02-06 19:00:00,posts/2025-02-06_19-00-00_[DFuwg4DpT_5].mp4,,,5,0,,"Mau Lebaran di Tanah Suci dengan Fasilitas Mewah?🌙
✨Yuk, Wujudkan Impian Umroh Bintang 5 Bersama Kami!

✨ UMROH 5⭐ LIBUR IED FITRI 1446H ✨
Rayakan Idul Fitri dengan pengalaman spiritual yang tak terlupakan! 🕋✨

📆 Periode: 01 - 09 April 2025
💸 Harga mulai dari IDR 38,500,000
✅ Sudah termasuk tiket pesawat direct Garuda, hotel di pelataran 0 KM Haramain, makanan halal 3x sehari, ziarah Haramain, dan masih banyak lagi!

❌ Belum termasuk: Perlengkapan umroh & tiket kereta cepat Haramain.

#UmrahBulanSyawal #Umrah1446H #TravelUmrah #UmrahNyaman #GarudaUmrah #HaramainExpress #UmrahEksklusif #UmrahBareng #TravelHajiUmrah #UmrahGoals #IbadahBerkesan #PaketUmrah2025 #Umrah5Star #ZamZamTower #TaibaFrontHotel #CityTourMadinah #UmrahMurah #MuslimTravel #SpiritualJourney #UmrahPremium #travelingtomakkah",false
post,video,DFuLG1-pOpp,3561833204084435561,2025-02-06 13:34:16,posts/2025-02-06_13-34-16_[DFuLG1-pOpp].mp4,,,14,0,,"🌙 RAMADHAN DI TANAH SUCI, MOMEN TERINDAH SEUMUR HIDUP! 🕋✨

📅 UMRAH 9 HARI | 11 - 19 Maret 2025
💰 Harga Mulai dari 28,9 JUTA! (All-in tiket, hotel, visa, dan fasilitas terbaik!)

🚀 Kenapa Harus Umrah Ramadhan Bersama Kami?

✅ Tiket Direct Saudia Air ✈️
✅ Hotel 3 Stars dekat Masjidil Haram & Nabawi 🏨
✅ Makan sahur dan buka + 1 Box Albaik 🍗
✅ Tour Guide & Mutawwif Berpengalaman 🕌
✅ Transportasi Eksklusif & Ziarah Haramain 🚍
✅ Air Zamzam Gratis untuk Dibawa Pulang 💦

💖 Yuk lipat gandakan pahala di bulan suci! Rasakan keberkahan Ramadhan langsung di Makkah & Madinah!

📍 Makkah: Snood Ajyad / Dar El Khair / Setaraf
📍 Madinah: Andalus Salam / ODST / Setaraf
⚠ Kuota Terbatas! Jangan Sampai Kehabisan!
📞 Hubungi Sekarang: 08151642225

#UmrahRamadhan #UmrahBerkah #Umrah1446H #TravelHajiUmrah #RamadhanDiTanahSuci #ZiarahHaramain #UmrahPuasa #UmrahMurah #UmrohRamadhan #Umroh2025 #UmrohBerkah #UmrohMudah #TravelUmroh #PaketUmroh #UmrohHemat #UmrohTerbaik #RamadhanDiTanahSuci #WisataReligi #ZiarahHaramain #UmrohAlFatih #PromoUmroh #DiskonUmroh #Umrah1446H #TravelUmrah #UmrahNyaman #GarudaUmrah #HaramainExpress #UmrahEksklusif",false
post,photo,DFoX-XmTt3u,3560200946452454894,2025-02-04 07:30:47,posts/2025-02-04_07-30-47_[DFoX-XmTt3u].jpg,,,5,0,,"✈️ LIBURAN SEKOLAH KE TURKI! 🇹🇷

Liburan sekolah semakin dekat! Saatnya ajak keluarga menjelajahi keindahan Turki di akhir Juli. Dari kemegahan Istanbul hingga pesona Cappadocia, nikmati pengalaman halal yang nyaman dan berkesan bersama ALFATIH Travel.

✨ Kenapa Harus Bersama Kami?
✅ Berpengalaman lebih dari 20 tahun di travel Umrah & wisata halal
✅ Profesional & amanah, memastikan perjalanan nyaman dan tenang
✅ Suasana kekeluargaan, jadi lebih hangat & menyenangkan

📆 Keberangkatan Akhir Juli – Tempat Terbatas!
📲 Hubungi kami sekarang dan amankan kursi Anda!
+62 815 164 2225

Jadi mau tanggal yang mana? 😊

#WisataHalal 
#TravelUmrah 
#LiburanKeluarga 
#TurkiTrip 
#ExploreTurkey 
#IstanbulTrip 
#CappadociaHotAirBalloon 
#WisataMuslim 
#HalalTour 
#LiburanSekolah 
#TravelBersama 
#HolidayToTurkey 
#SejarahIslam 
#TourTurki2025 
#TurkiHalalTour 
#PerjalananBerkesan 
#TravelBerkah 
#AyoKeTurki 
#TurkiBersamaAlfatih 
#KenyamananPerjalanan",false
post,video,DFmEUDqS-aE,3559551525989377668,2025-02-03 10:00:00,posts/2025-02-03_10-00-00_[DFmEUDqS-aE].mp4,,,8,0,,"🕋 UMROH ITU GAMPANG, ASAL TAU TRIKNYA! 🤩✨

Banyak yang mikir umroh itu ribet & mahal, padahal kalau tau tipsnya, bisa jadi lebih hemat & nyaman! 😍
SERBA-SERBI UMROH yang WAJIB kamu tau sebelum berangkat! 🚀
Mulai dari:
✅ Biaya real umroh, mulai dari low budget sampai premium! 💰
✅ Perlengkapan wajib biar nggak panik saat tiba di Tanah Suci! 🎒
✅ Tips biar ibadah tetap khusyuk & nggak kelelahan! 💡

📌 Jangan sampai salah langkah! Tonton sampai habis biar perjalanan umroh kamu makin lancar! 🚀
Punya pertanyaan seputar umroh? Drop di komen ya! ⬇️

#UmrohHemat #TipsUmroh #SerbaSerbiUmroh #GenZUmroh #TravelHalal #IbadahMudah #MuslimTravel #Umroh2025 #SpiritualJourney #soloumroh",false
post,video,DFd3NojzLOq,3557242110154159018,2025-01-31 05:33:48,posts/2025-01-31_05-33-48_[DFd3NojzLOq].mp4,,,8,0,,"🌙 RAMADHAN DI TANAH SUCI, MOMEN TERINDAH SEUMUR HIDUP! 🕋✨
📅 UMRAH 9 HARI | 11 - 19 Maret 2025
💰 Harga Mulai dari 28,9 JUTA! (All-in tiket, hotel, visa, dan fasilitas terbaik!)
🚀 Kenapa Harus Umrah Ramadhan Bersama Kami?

✅ Tiket Direct Saudia Air ✈️
✅ Hotel 3 Stars dekat Masjidil Haram & Nabawi 🏨
✅ Makan 3x Sehari + 1 Box Albaik 🍗
✅ Tour Guide & Mutawwif Berpengalaman 🕌
✅ Transportasi Eksklusif & Ziarah Haramain 🚍
✅ Air Zamzam Gratis untuk Dibawa Pulang 💦
💖 Yuk lipat gandakan pahala di bulan suci! Rasakan keberkahan Ramadhan langsung di Makkah & Madinah!
📍 Makkah: Snood Ajyad / Dar El Khair / Setaraf
📍 Madinah: Andalus Salam / ODST / Setaraf
⚠️ Kuota Terbatas! Jangan Sampai Kehabisan!
📞 Hubungi Sekarang: 08151642225
#UmrahRamadhan #UmrahBerkah #Umrah1446H #TravelHajiUmrah #RamadhanDiTanahSuci #ZiarahHaramain #UmrahPuasa #UmrahMurah #UmrohRamadhan #Umroh2025 #UmrohBerkah #UmrohMudah #TravelUmroh #PaketUmroh #UmrohHemat #UmrohTerbaik #RamadhanDiTanahSuci #WisataReligi #ZiarahHaramain #UmrohAlFatih #PromoUmroh #DiskonUmroh #Umrah1446H #TravelUmrah #UmrahNyaman #GarudaUmrah #HaramainExpress #UmrahEksklusif #UmrahBareng #TravelHajiUmrah #UmrahGoals #IbadahBerkesan",false
carousel,photo,DFbqNiRSqq7,3556621978843130555,2025-01-30 09:00:00,posts/2025-01-30_09-00-00_[DFbqNiRSqq7]_01.jpg,1,,3,0,,"🎁 DISKON 500K untuk Umroh Ramadhan 2025!

💡 Dengan harga spesial ini, Kamu bisa merasakan indahnya Ramadhan di Tanah Suci? 🤲🏼 Al Fatih Dunia Wisata siap mewujudkan impian ibadah Anda dengan fasilitas terbaik dan harga mulai 28,9 JUTA!

✨ UMROH RAMADHAN 9 HARI | 11 - 19 MARET 2025 ✨
📌 Keunggulan Paket:
✅ Hotel bintang 3 di Makkah & Madinah
✅ Visa Umroh senilai 3,5 Juta
✅ Tiket pesawat direct Saudia Air
✅ Makan 3x sehari + Air Zamzam & 1 box Albaik
✅ Mutawif & Mutawwifah berpengalaman
✅ Tour guide & Ziarah Haramain

🎁 Dapatkan DISKON 500K dengan klaim voucher hanya melalui sosial media kami!
📞 Hubungi Kami Sekarang:
📲 WhatsApp: 0815-1642-225
🌐 Website: adwisata.com
Jangan tunda niat baikmu! 🤍 Yuk umroh bersama Al Fatih Dunia Wisata!

#UmrohRamadhan #Umroh2025 #UmrohBerkah #UmrohMudah #TravelUmroh #PaketUmroh #UmrohHemat #UmrohTerbaik #RamadhanDiTanahSuci #WisataReligi #ZiarahHaramain #UmrohAlFatih #PromoUmroh #DiskonUmroh #Umrah1446H #TravelUmrah #UmrahNyaman #GarudaUmrah #HaramainExpress #UmrahEksklusif #UmrahBareng #TravelHajiUmrah #UmrahGoals #IbadahBerkesan #PaketUmrah2025 #Umrah5Star #ZamZamTower #TaibaFrontHotel #CityTourMadinah",false
carousel,photo,DFbqNiRSqq7,3556621978843130555,2025-01-30 09:00:00,posts/2025-01-30_09-00-00_[DFbqNiRSqq7]_02.jpg,2,,3,0,,"🎁 DISKON 500K untuk Umroh Ramadhan 2025!

💡 Dengan harga spesial ini, Kamu bisa merasakan indahnya Ramadhan di Tanah Suci? 🤲🏼 Al Fatih Dunia Wisata siap mewujudkan impian ibadah Anda dengan fasilitas terbaik dan harga mulai 28,9 JUTA!

✨ UMROH RAMADHAN 9 HARI | 11 - 19 MARET 2025 ✨
📌 Keunggulan Paket:
✅ Hotel bintang 3 di Makkah & Madinah
✅ Visa Umroh senilai 3,5 Juta
✅ Tiket pesawat direct Saudia Air
✅ Makan 3x sehari + Air Zamzam & 1 box Albaik
✅ Mutawif & Mutawwifah berpengalaman
✅ Tour guide & Ziarah Haramain

🎁 Dapatkan DISKON 500K dengan klaim voucher hanya melalui sosial media kami!
📞 Hubungi Kami Sekarang:
📲 WhatsApp: 0815-1642-225
🌐 Website: adwisata.com
Jangan tunda niat baikmu! 🤍 Yuk umroh bersama Al Fatih Dunia Wisata!

#UmrohRamadhan #Umroh2025 #UmrohBerkah #UmrohMudah #TravelUmroh #PaketUmroh #UmrohHemat #UmrohTerbaik #RamadhanDiTanahSuci #WisataReligi #ZiarahHaramain #UmrohAlFatih #PromoUmroh #DiskonUmroh #Umrah1446H #TravelUmrah #UmrahNyaman #GarudaUmrah #HaramainExpress #UmrahEksklusif #UmrahBareng #TravelHajiUmrah #UmrahGoals #IbadahBerkesan #PaketUmrah2025 #Umrah5Star #ZamZamTower #TaibaFrontHotel #CityTourMadinah",false
carousel,photo,DFWWm33hyE4,3555128384206348600,2025-01-28 07:32:30,posts/2025-01-28_07-32-30_[DFWWm33hyE4]_01.jpg,1,,8,0,,"Mau Lebaran di Tanah Suci dengan Fasilitas Mewah?🌙
✨Yuk, Wujudkan Impian Umroh Bintang 5 Bersama Kami!
✨ UMROH 5⭐ LIBUR IED FITRI 1446H ✨
Rayakan Idul Fitri dengan pengalaman spiritual yang tak terlupakan! 🕋✨
📆 Periode: 01 - 09 April 2025
💸 Harga mulai dari IDR 38,500,000
✅ Sudah termasuk tiket pesawat direct Garuda, hotel di pelataran 0 KM Haramain, makanan halal 3x sehari, ziarah Haramain, dan masih banyak lagi!
❌ Belum termasuk: Perlengkapan umroh & tiket kereta cepat Haramain.
#UmrahBulanSyawal #Umrah1446H #TravelUmrah #UmrahNyaman #GarudaUmrah #HaramainExpress #UmrahEksklusif #UmrahBareng #TravelHajiUmrah #UmrahGoals #IbadahBerkesan #PaketUmrah2025 #Umrah5Star #ZamZamTower #TaibaFrontHotel #CityTourMadinah #UmrahMurah #MuslimTravel #SpiritualJourney #UmrahPremium #travelingtomakkah",false
carousel,photo,DFWWm33hyE4,3555128384206348600,2025-01-28 07:32:30,posts/2025-01-28_07-32-30_[DFWWm33hyE4]_02.jpg,2,,8,0,,"Mau Lebaran di Tanah Suci dengan Fasilitas Mewah?🌙
✨Yuk, Wujudkan Impian Umroh Bintang 5 Bersama Kami!
✨ UMROH 5⭐ LIBUR IED FITRI 1446H ✨
Rayakan Idul Fitri dengan pengalaman spiritual yang tak terlupakan! 🕋✨
📆 Periode: 01 - 09 April 2025
💸 Harga mulai dari IDR 38,500,000
✅ Sudah termasuk tiket pesawat direct Garuda, hotel di pelataran 0 KM Haramain, makanan halal 3x sehari, ziarah Haramain, dan masih banyak lagi!
❌ Belum termasuk: Perlengkapan umroh & tiket kereta cepat Haramain.
#UmrahBulanSyawal #Umrah1446H #TravelUmrah #UmrahNyaman #GarudaUmrah #HaramainExpress #UmrahEksklusif #UmrahBareng #TravelHajiUmrah #UmrahGoals #IbadahBerkesan #PaketUmrah2025 #Umrah5Star #ZamZamTower #TaibaFrontHotel #CityTourMadinah #UmrahMurah #MuslimTravel #SpiritualJourney #UmrahPremium #travelingtomakkah",false
carousel,photo,DFUtCx9plW8,3554664109081777596,2025-01-27 16:10:04,posts/2025-01-27_16-10-04_[DFUtCx9plW8]_01.jpg,1,,4,0,,"✨ UMRAH BULAN SYAWAL 1446H ✨
Nikmati pengalaman ibadah yang nyaman dan berkesan dengan:
✔️ Program 9 hari PP
✔️ Direct flight Garuda Indonesia ✈️
✔️ Menginap di hotel 5-star dekat Masjidil Haram dan Masjid Nabawi 🕌
🌟 Itinerary spesial:
Umrah di Makkah, ziarah ke Thaif, Haramain Express ke Madinah 🚅
City tour penuh sejarah di Makkah & Madinah 📍
Fasilitas lengkap: Makan 3x sehari, ziarah, visa, tour leader, hingga air zam-zam!
💼 Paket GOLD:
🔸 Quad: Rp 38.5 Juta
🔸 Triple: Rp 41.5 Juta
🔸 Double: Rp 46.5 Juta
(Sudah termasuk visa & tiket Garuda. T&C berlaku)

🌙 Bersama kami, nikmati ibadah yang terencana dan istimewa. Jadikan perjalanan ini penuh kenangan indah! 🤲
📅 Berangkat: 6-14 April 2025
📍 Info lebih lanjut? Klik link bio atau hubungi kami sekarang!

👉 Siap berangkat bersama keluarga atau sahabat? Yuk, reservasi sekarang sebelum slot penuh!
📲 DM atau WhatsApp kami untuk konsultasi GRATIS!

#UmrahBulanSyawal #Umrah1446H #TravelUmrah #UmrahNyaman #GarudaUmrah #HaramainExpress #UmrahEksklusif #UmrahBareng #TravelHajiUmrah #UmrahGoals #IbadahBerkesan #PaketUmrah2025 #Umrah5Star #ZamZamTower #TaibaFrontHotel #CityTourMadinah #UmrahMurah #MuslimTravel #SpiritualJourney #UmrahPremium #travelingtomakkah",false
carousel,photo,DFUtCx9plW8,3554664109081777596,2025-01-27 16:10:04,posts/2025-01-27_16-10-04_[DFUtCx9plW8]_02.jpg,2,,4,0,,"✨ UMRAH BULAN SYAWAL 1446H ✨
Nikmati pengalaman ibadah yang nyaman dan berkesan dengan:
✔️ Program 9 hari PP
✔️ Direct flight Garuda Indonesia ✈️
✔️ Menginap di hotel 5-star dekat Masjidil Haram dan Masjid Nabawi 🕌
🌟 Itinerary spesial:
Umrah di Makkah, ziarah ke Thaif, Haramain Express ke Madinah 🚅
City tour penuh sejarah di Makkah & Madinah 📍
Fasilitas lengkap: Makan 3x sehari, ziarah, visa, tour leader, hingga air zam-zam!
💼 Paket GOLD:
🔸 Quad: Rp 38.5 Juta
🔸 Triple: Rp 41.5 Juta
🔸 Double: Rp 46.5 Juta
(Sudah termasuk visa & tiket Garuda. T&C berlaku)

🌙 Bersama kami, nikmati ibadah yang terencana dan istimewa. Jadikan perjalanan ini penuh kenangan indah! 🤲
📅 Berangkat: 6-14 April 2025
📍 Info lebih lanjut? Klik link bio atau hubungi kami sekarang!

👉 Siap berangkat bersama keluarga atau sahabat? Yuk, reservasi sekarang sebelum slot penuh!
📲 DM atau WhatsApp kami untuk konsultasi GRATIS!

#UmrahBulanSyawal #Umrah1446H #TravelUmrah #UmrahNyaman #GarudaUmrah #HaramainExpress #UmrahEksklusif #UmrahBareng #TravelHajiUmrah #UmrahGoals #IbadahBerkesan #PaketUmrah2025 #Umrah5Star #ZamZamTower #TaibaFrontHotel #CityTourMadinah #UmrahMurah #MuslimTravel #SpiritualJourney #UmrahPremium #travelingtomakkah",false
carousel,photo,DFUtCx9plW8,3554664109081777596,2025-01-27 16:10:04,posts/2025-01-27_16-10-04_[DFUtCx9plW8]_03.jpg,3,,4,0,,"✨ UMRAH BULAN SYAWAL 1446H ✨
Nikmati pengalaman ibadah yang nyaman dan berkesan dengan:
✔️ Program 9 hari PP
✔️ Direct flight Garuda Indonesia ✈️
✔️ Menginap di hotel 5-star dekat Masjidil Haram dan Masjid Nabawi 🕌
🌟 Itinerary spesial:
Umrah di Makkah, ziarah ke Thaif, Haramain Express ke Madinah 🚅
City tour penuh sejarah di Makkah & Madinah 📍
Fasilitas lengkap: Makan 3x sehari, ziarah, visa, tour leader, hingga air zam-zam!
💼 Paket GOLD:
🔸 Quad: Rp 38.5 Juta
🔸 Triple: Rp 41.5 Juta
🔸 Double: Rp 46.5 Juta
(Sudah termasuk visa & tiket Garuda. T&C berlaku)

🌙 Bersama kami, nikmati ibadah yang terencana dan istimewa. Jadikan perjalanan ini penuh kenangan indah! 🤲
📅 Berangkat: 6-14 April 2025
📍 Info lebih lanjut? Klik link bio atau hubungi kami sekarang!

👉 Siap berangkat bersama keluarga atau sahabat? Yuk, reservasi sekarang sebelum slot penuh!
📲 DM atau WhatsApp kami untuk konsultasi GRATIS!

#UmrahBulanSyawal #Umrah1446H #TravelUmrah #UmrahNyaman #GarudaUmrah #HaramainExpress #UmrahEksklusif #UmrahBareng #TravelHajiUmrah #UmrahGoals #IbadahBerkesan #PaketUmrah2025 #Umrah5Star #ZamZamTower #TaibaFrontHotel #CityTourMadinah #UmrahMurah #MuslimTravel #SpiritualJourney #UmrahPremium #travelingtomakkah",false
carousel,photo,DFUtCx9plW8,3554664109081777596,2025-01-27 16:10:04,posts/2025-01-27_16-10-04_[DFUtCx9plW8]_04.jpg,4,,4,0,,"✨ UMRAH BULAN SYAWAL 1446H ✨
Nikmati pengalaman ibadah yang nyaman dan berkesan dengan:
✔️ Program 9 hari PP
✔️ Direct flight Garuda Indonesia ✈️
✔️ Menginap di hotel 5-star dekat Masjidil Haram dan Masjid Nabawi 🕌
🌟 Itinerary spesial:
Umrah di Makkah, ziarah ke Thaif, Haramain Express ke Madinah 🚅
City tour penuh sejarah di Makkah & Madinah 📍
Fasilitas lengkap: Makan 3x sehari, ziarah, visa, tour leader, hingga air zam-zam!
💼 Paket GOLD:
🔸 Quad: Rp 38.5 Juta
🔸 Triple: Rp 41.5 Juta
🔸 Double: Rp 46.5 Juta
(Sudah termasuk visa & tiket Garuda. T&C berlaku)

🌙 Bersama kami, nikmati ibadah yang terencana dan istimewa. Jadikan perjalanan ini penuh kenangan indah! 🤲
📅 Berangkat: 6-14 April 2025
📍 Info lebih lanjut? Klik link bio atau hubungi kami sekarang!

👉 Siap berangkat bersama keluarga atau sahabat? Yuk, reservasi sekarang sebelum slot penuh!
📲 DM atau WhatsApp kami untuk konsultasi GRATIS!

#UmrahBulanSyawal #Umrah1446H #TravelUmrah #UmrahNyaman #GarudaUmrah #HaramainExpress #UmrahEksklusif #UmrahBareng #TravelHajiUmrah #UmrahGoals #IbadahBerkesan #PaketUmrah2025 #Umrah5Star #ZamZamTower #TaibaFrontHotel #CityTourMadinah #UmrahMurah #MuslimTravel #SpiritualJourney #UmrahPremium #travelingtomakkah",false
post,photo,DFO485qTbXW,3553027631728145878,2025-01-25 09:58:41,posts/2025-01-25_09-58-41_[DFO485qTbXW].jpg,,,3,0,,"ujudkan impian suci Anda bersama ALFATIH Umroh Indonesia (PT ALFATIH DUNIA WISATA)!
✨ Keunggulan kami:
✅ Tim berpengalaman lebih dari 20 tahun siap membimbing perjalanan spiritual Anda dengan profesionalisme tinggi.
💰 Harga paling kompetitif, sesuai dengan kualitas layanan terbaik.
📜 Berizin resmi Kemenag, jaminan aman dan terpercaya.
🤝 Pelayanan maksimal mulai dari keberangkatan hingga kembali ke tanah air.
🕌 Fasilitas nyaman dan halal-friendly, demi kenyamanan ibadah Anda.

✈️ Bersama ALFATIH, perjalanan suci Anda menjadi lebih bermakna.
📅 Segera daftar sekarang dan raih pengalaman Umroh yang tak terlupakan!
📞 Hubungi kami di +62815 164 2225 atau kunjungi website kami di 🌐 www.adwisata.com untuk informasi lebih lanjut!",false
post,photo,DE6ZuQjTIJ3,3547260786538480247,2025-01-17 11:00:59,posts/2025-01-17_11-00-59_[DE6ZuQjTIJ3].jpg,,,1,0,,"🌍 UMROH PLUS TURKI 14 HARI 🌙
✨ Pengalaman Spiritual & Wisata Tak Terlupakan!

Gabungkan indahnya ibadah di Tanah Suci dengan pesona Turki yang memukau! 🌟 Dalam 14 hari, nikmati:
🕋 Umroh penuh khidmat di Mekkah & Madinah
🎈 Petualangan balon udara di Cappadocia
🕌 Keindahan sejarah Istanbul: Hagia Sophia, Topkapi Palace

📅 Jadwal keberangkatan: 𝟏𝟎 - 𝟐𝟑 𝐟𝐞𝐛𝐫𝐮𝐚𝐫𝐢 𝟐𝟎𝟐𝟓
💰 Harga spesial: 𝐈𝐃𝐑 𝟑𝟕,𝟓𝟎𝟎,𝟎𝟎𝟎
📞 Hubungi kami sekarang untuk info & pendaftaran: 0815 164 2225

✨ Raih berkah ibadah & kenangan tak terlupakan dalam satu perjalanan.
💼 ALFATIH Travel – Temukan romantisme di setiap perjalanan.

#UmrohPlusTurki #Umroh2025 #TravelHalal #IbadahDanWisata #alfatihtravel",false
post,photo,DE36Pv6JROK,3546559400508724106,2025-01-16 11:47:28,posts/2025-01-16_11-47-28_[DE36Pv6JROK].jpg,,,3,0,,"🌍✨𝐏𝐓 𝐀𝐋𝐅𝐀𝐓𝐈𝐇 𝐃𝐔𝐍𝐈𝐀 𝐖𝐈𝐒𝐀𝐓𝐀 ✨🌍
Menemani Perjalanan Ibadah Anda dengan Amanah dan Profesionalisme

PT ALFATIH DUNIA WISATA, atau dikenal dengan ALFATIH Umroh Indonesia, adalah mitra terbaik Anda dalam perjalanan ibadah Umroh, wisata halal, dan ziarah Islami. Berdiri sejak 2023 dengan pengalaman tim lebih dari 20 tahun, kami hadir untuk mewujudkan perjalanan Anda yang penuh makna ke Tanah Suci dan destinasi Islami lainnya seperti Turki, Uzbekistan, Irak, hingga Eropa.

💼 Keunggulan Kami:
✅ Legalitas Terjamin: Perusahaan travel berizin resmi.
✅ Destinasi Beragam: Umroh, wisata halal, dan tur Islami ke seluruh dunia.
✅ Fasilitas Halal Premium: Penginapan nyaman, makanan halal, dan layanan terbaik.
✅ Harga Kompetitif: Paket terjangkau dengan kualitas bintang lima.
✅ Pendampingan Profesional: Tim berpengalaman yang siap memandu ibadah Anda.

📌 “𝘜𝘮𝘳𝘰𝘩 𝘈𝘯𝘥𝘢, 𝘋𝘦𝘥𝘪𝘬𝘢𝘴𝘪 𝘒𝘢𝘮𝘪.”

💬 Hubungi kami sekarang untuk mendapatkan promo spesial paket Umroh!
📞 0815 - 164 -2225
📩 DM kami untuk info lebih lanjut

🌟 ALFATIH, Membersamai Anda menuju Ridha Illahi 🌟",false
post,photo,DENYni0MDsp,3534589553114364713,2024-12-30 23:25:31,posts/2024-12-30_23-25-31_[DENYni0MDsp].jpg,,,6,0,,"Ya Allah, kami datang dari negeri kami untuk memenuhi panggilan-Mu. Dengan penuh harap dan kerendahan hati, kami menuju Tanah Suci, merindukan ampunan-Mu, kasih sayang-Mu, dan keberkahan dari-Mu. Jadikan perjalanan ini sebagai ibadah yang sempurna, terimalah setiap langkah kami sebagai amal kebaikan. 🤲✨ 

📍 Makkah al Mukarramah
🌟 Bersama ALFATIH Umroh Indonesia

#umrohterpercaya #umrohhemat #umroh #umrohpromo",false
post,video,DEL4-bBT6_f,3534168912827494367,2024-12-30 09:35:12,posts/2024-12-30_09-35-12_[DEL4-bBT6_f].mp4,,,10,0,,"🌟 UMRAH PROGRAM 12 HARI PP🌟 
🕋 25 Januari - 5 Februari 2025
Akomodasi 5⭐, 0 meter dari Masjidil Haram & Masjid Nabawi !!

💎 **PAKET GOLD
**Hotel:
- Madinah: *Millennium Aqeeq 5 ⭐️
- Mekkah: *Movenpick 5⭐️

✈️ **Pesawat Saudi Arabia Airlines (Direct)
📅 Jadwal: 
- *SV 819 (25 Jan): CGK-JED 
- *SV 820 (4 Feb): JED-CGK 

💰 **Harga All-In (Asumsi USD 1 = Rp 15.000): 
- **Quad: Rp 42,5 juta 
- **Triple: Rp 45 juta 
- **Double: Rp 49,5 juta 

📜 Itinerary Singkat:
1️⃣ 25 Jan: Jakarta – Jeddah – Makkah 
2️⃣ 26 Jan: Makkah – Umrah 
3️⃣ 27 Jan: Makkah City Tour 
4️⃣ 28 Jan: Makkah 
5️⃣ 29 Jan: Ziarah Kota Thaif 
6️⃣ 30 Jan: Makkah – Madinah 
7️⃣ 31 Jan: Madinah – Raudhah 
8️⃣ 1 Feb: Madinah 
9️⃣ 2 Feb: Madinah City Tour 
🔟 3 Feb: Madinah 
1️⃣1️⃣ 4 Feb: Madinah – Jeddah – Jakarta 
1️⃣2️⃣ 5 Feb: Tiba di Jakarta 

✅ Harga Termasuk:
- Tiket pesawat Saudi Airlines (Direct) 
- Lounge Bandara saat keberangkatan 
- Hotel sesuai paket 
- Makan 3x sehari 
- Visa Umroh 
- Ziarah Thaif 
- Handling Bandara (Jeddah & Madinah) 
- Muthawwif & Tour Leader 
- Bus AC selama di Saudi 
- Ziarah/City Tour 
- Air Zamzam 

❌ Harga Tidak Termasuk:
- Tiket kereta cepat (Rp 1,2 juta) 
- Pengeluaran pribadi 
- Perlengkapan Umrah 
- Tiket wisata & kegiatan di luar program 

📞 Hubungi sekarang untuk pendaftaran!
🚪 Kuota terbatas, Umroh Anda, Dedikasi Kami!",false
carousel,photo,DDyiuEYzy-F,3527034157573025669,2024-12-20 13:14:17,posts/2024-12-20_13-14-17_[DDyiuEYzy-F]_01.jpg,1,,5,0,,"Siap Membersamai Anda Menuju Ridha Illahi! 😇🕋

UMROH ANDA DEDIKASI KAMI",false
carousel,photo,DDyiuEYzy-F,3527034157573025669,2024-12-20 13:14:17,posts/2024-12-20_13-14-17_[DDyiuEYzy-F]_02.jpg,2,,5,0,,"Siap Membersamai Anda Menuju Ridha Illahi! 😇🕋

UMROH ANDA DEDIKASI KAMI",false
post,photo,DDwO6DnzF3-,3526384070500834814,2024-12-19 15:42:41,posts/2024-12-19_15-42-41_[DDwO6DnzF3-].jpg,,,3,0,,"Raih berkah perjalanan suci bersama Paket Umroh ALFATIH!"" ✨

🌟 Keunggulan Paket Kami:
✅ Tiket Pesawat LANGSUNG JAKARTA JEDDAH PP ekonomi GARUDA AIRLINES
✅ Akomodasi hotel bintang 3/4 dekat Masjidil Haram & Nabawi
✅ Transportasi nyaman selama di Tanah Suci
✅ Visa Umroh & Asuransi Perjalanan
✅ Makan 3 kali sehari dengan menu halal 
✅ Pembimbing ibadah berpengalaman
✅ Air Zamzam 5 liter untuk dibawa pulang
✅ Kunjungan ke tempat bersejarah Islami (seperti Jabal Uhud, Gua Hira, dan lainnya)

💡 Fasilitas tambahan:
🎁 Souvenir eksklusif ALFATIH
📜 Panduan ibadah & doa umroh lengkap

🔖 Belum termasuk:
❌ Biaya pembuatan paspor & dokumen pribadi
❌ Biaya tes kesehatan sesuai regulasi (jika diperlukan)
❌ Pengeluaran pribadi (laundry, telepon, belanja, dll.)
❌ Denda kelebihan bagasi
❌ Biaya Perlengakapan (Rp 1,000,000)
❌ Tiket Kereta Cepat (Rp 1,200,000)

📞 Hubungi kami sekarang:
💬 DM Instagram @ALFATIH.umroh
📱 WhatsApp: +628151642225
🌐 Website: www.adwisata.com

Umroh Anda, Dedikasi Kami 🕋",false
post,photo,DCx4iyMz117,3508834265667165563,2024-11-25 10:34:21,posts/2024-11-25_10-34-21_[DCx4iyMz117].jpg,,,7,0,,New Poster 🙌😊,false
post,photo,DCqrM6rzh0W,3506805263507004694,2024-11-22 15:23:05,posts/2024-11-22_15-23-05_[DCqrM6rzh0W].jpg,,,3,0,,"Jumat berkah, mari luangkan waktu sejenak untuk bersyukur atas setiap nikmat yang Allah berikan. 🌿 #Alhamdulillah #JumatBerkah 

#Alfatihduniawisata #UmrohMurah #UmrohPremium #PaketUmrohTerbaik #UmrohBerkah #TravelUmrohTerpercaya #UmrohEksklusif #Umroh2025 #UmrohHemat #UmrohNyaman #UmrohVIP",false
carousel,photo,DCj82XuzB8t,3504912554147979053,2024-11-20 00:42:37,posts/2024-11-20_00-42-37_[DCj82XuzB8t]_01.jpg,1,,5,0,,"Alhamdulillahi rabbil‘alamiin
✨ Dengan izin Allah, PT ALFATIH Umra & Halal Tours sejak 2024 telah resmi terdaftar di Kementerian Agama sebagai Penyelenggara Perjalanan Ibadah Umroh atau PPIU Berizin Resmi.

🌍 Mengapa Pilih AlFatih?
Kami menghadirkan layanan ibadah yang penuh kesan dengan:
✅ Pelayanan & Fasilitas Terbaik
✅ Akomodasi kami utamakan kenyamanan dan jarak menuju Haramain (Hotel ⭐3, ⭐️4, dan ⭐️5)
✅ Pilihan Paket Lengkap & Fleksibel

🌟 Produk Unggulan Kami:
1️⃣ UMRAH REGULER durasi 9, 12, & 16 Hari

2️⃣ UMRAH PLUS WISATA

✈️ Umrah + Istanbul & Cappadocia
🕌 Umrah + Al Aqsa Palestina
🕌 Umrah + Ziarah Imam Bukhari
🏜 Umrah + Al Ula & Thaif
🌍 Umrah + Eropa Barat

3️⃣ UMRAH PRIVATE & EKSKLUSIF

Umrah Honeymoon 💑
Umrah Family 👨‍👩‍👧‍👦
Umrah Korporat 🏢

4️⃣ WISATA HALAL INTERNASIONAL

Turkey Amazing 9 Hari
Uzbekistan Go 8 Hari
Korea 5 Hari
Iraq Heritage 8 Hari

💼 Layanan Tambahan

Handling & Land Arrangement
Pengurusan Visa & Paspor
Reservasi Tiket Grup
💬 Hubungi Kami Sekarang!
📞 Ayyas: +62 815 164 2225
📞 Eris: +62 878 7873 6777

„Membersamai Anda Menuju Ridha Illahi“✨",false
carousel,photo,DCj82XuzB8t,3504912554147979053,2024-11-20 00:42:37,posts/2024-11-20_00-42-37_[DCj82XuzB8t]_02.jpg,2,,5,0,,"Alhamdulillahi rabbil‘alamiin
✨ Dengan izin Allah, PT ALFATIH Umra & Halal Tours sejak 2024 telah resmi terdaftar di Kementerian Agama sebagai Penyelenggara Perjalanan Ibadah Umroh atau PPIU Berizin Resmi.

🌍 Mengapa Pilih AlFatih?
Kami menghadirkan layanan ibadah yang penuh kesan dengan:
✅ Pelayanan & Fasilitas Terbaik
✅ Akomodasi kami utamakan kenyamanan dan jarak menuju Haramain (Hotel ⭐3, ⭐️4, dan ⭐️5)
✅ Pilihan Paket Lengkap & Fleksibel

🌟 Produk Unggulan Kami:
1️⃣ UMRAH REGULER durasi 9, 12, & 16 Hari

2️⃣ UMRAH PLUS WISATA

✈️ Umrah + Istanbul & Cappadocia
🕌 Umrah + Al Aqsa Palestina
🕌 Umrah + Ziarah Imam Bukhari
🏜 Umrah + Al Ula & Thaif
🌍 Umrah + Eropa Barat

3️⃣ UMRAH PRIVATE & EKSKLUSIF

Umrah Honeymoon 💑
Umrah Family 👨‍👩‍👧‍👦
Umrah Korporat 🏢

4️⃣ WISATA HALAL INTERNASIONAL

Turkey Amazing 9 Hari
Uzbekistan Go 8 Hari
Korea 5 Hari
Iraq Heritage 8 Hari

💼 Layanan Tambahan

Handling & Land Arrangement
Pengurusan Visa & Paspor
Reservasi Tiket Grup
💬 Hubungi Kami Sekarang!
📞 Ayyas: +62 815 164 2225
📞 Eris: +62 878 7873 6777

„Membersamai Anda Menuju Ridha Illahi“✨",false
post,video,DCfK6omS7Nb,3503567044904465243,2024-11-18 04:12:23,posts/2024-11-18_04-12-23_[DCfK6omS7Nb].mp4,,,7,0,,"Adzan

ialah panggilan untuk berhenti sejenak, membersihkan jiwa, dan mendekatkan diri kepada Sang Pencipta.

Jangan biarkan panggilan ini berlalu tanpa respon. Setiap langkah menuju shalat adalah keberkahan, dan setiap sujud adalah pernyataan cinta dan ketaatan. Mari jadikan adzan sebagai pengingat untuk selalu mengutamakan shalat dalam setiap detik hidup kita.

“Hayya ‘ala shalah” – Mari kita bangkit menuju kebahagiaan sejati.

#alfatihumroh #umrohnyaman #umrohbersamaalfatih #umrohimpian #umrohmurah #umrohreguler",false
carousel,photo,DCTjS6XTZNw,3500296566643463024,2024-11-13 15:51:28,posts/2024-11-13_15-51-28_[DCTjS6XTZNw]_01.jpg,1,,5,0,,"Mengunjungi kota Madinah bukan hanya mengunjungi Masjid Nabawi, tapi juga menyelami kisah hidup Rasulullah Muhammad SAW. Di kota suci ini, setiap sudutnya mengisahkan perjuangan, kebijaksanaan, dan cinta Sang Nabi kepada umatnya. Dari jejak-jejak sejarah di Masjid Quba, keindahan Raudhah yang penuh ketenangan, hingga pelajaran berharga di Jabal Uhud. Setiap kunjungan adalah kesempatan untuk memperdalam keimanan dan memahami makna hijrah yang sesungguhnya. Mari jadikan setiap langkah di Madinah sebagai pengingat untuk meneladani akhlak mulia Rasulullah SAW. ✨🕌

#UmrohMurah #UmrohPremium #AlfatihUmroh #UmrohBerkualitas #PerjalananSpiritual #UmrohNyaman #UmrohIstimewa #UmrohTerbaik #UmrohHemat #UmrohBersamaAlfatih #IbadahUmroh #UmrohImpian #UmrohBerfaedah #TravelUmroh #UmrohEksklusif",false
carousel,photo,DCTjS6XTZNw,3500296566643463024,2024-11-13 15:51:28,posts/2024-11-13_15-51-28_[DCTjS6XTZNw]_02.jpg,2,,5,0,,"Mengunjungi kota Madinah bukan hanya mengunjungi Masjid Nabawi, tapi juga menyelami kisah hidup Rasulullah Muhammad SAW. Di kota suci ini, setiap sudutnya mengisahkan perjuangan, kebijaksanaan, dan cinta Sang Nabi kepada umatnya. Dari jejak-jejak sejarah di Masjid Quba, keindahan Raudhah yang penuh ketenangan, hingga pelajaran berharga di Jabal Uhud. Setiap kunjungan adalah kesempatan untuk memperdalam keimanan dan memahami makna hijrah yang sesungguhnya. Mari jadikan setiap langkah di Madinah sebagai pengingat untuk meneladani akhlak mulia Rasulullah SAW. ✨🕌

#UmrohMurah #UmrohPremium #AlfatihUmroh #UmrohBerkualitas #PerjalananSpiritual #UmrohNyaman #UmrohIstimewa #UmrohTerbaik #UmrohHemat #UmrohBersamaAlfatih #IbadahUmroh #UmrohImpian #UmrohBerfaedah #TravelUmroh #UmrohEksklusif",false
post,video,DCS7xGTyqxI,3500122719193312328,2024-11-13 10:07:12,posts/2024-11-13_10-07-12_[DCS7xGTyqxI].mp4,,,4,0,,Minaret Masjid Nabawi saat malam 🌌,false
post,video,DCPDeTKyZZI,3499030711796078152,2024-11-11 22:01:47,posts/2024-11-11_22-01-47_[DCPDeTKyZZI].mp4,,,5,0,,"Bukit Shafa dan bukit Marwah

Saksi bisu keluarga Ibrahim yang ditinggalkan di lembah tandus, penuh keimanan dan tawakkal. Di sinilah Siti Hajar berlari-lari mencari air untuk putranya, Ismail, menunjukkan kekuatan seorang ibu yang tak kenal lelah dan keteguhan hati dalam menghadapi ujian. Kisah ini mengajarkan kita bahwa setiap usaha dan doa, meski di tengah keterbatasan, tidak akan sia-sia. Dari sini pula, lahirlah air zamzam, tanda bahwa Allah selalu menjawab doa hamba-Nya dengan cara terbaik.

Menginspirasi dan menguatkan, Shafa dan Marwah kini menjadi bagian dari ritual sa’i dalam ibadah haji dan umrah, mengingatkan kita pada makna pengorbanan, kesabaran, dan keteguhan iman.

#UmrohMurah #AlfatihDuniaWisata #UmrahBerkesan #UmrahTerbaik #UmrahNyaman #PaketUmrahHemat #UmrahBersamaAlfatih #PerjalananSpiritual #WisataReligi #UmrahBerkualitas #TravelUmroh #UmrohMudah #HajiDanUmrah #UmrohIstimewa #SahabatUmrah #Umrahindonesia #UmrohFamily #UmrahPlusZiarah #UmrahRamahLingkungan #UmrahModern #alfatihumrohindonesia",false
post,photo,DB_gtaZTLQM,3494655694069347340,2024-11-05 21:04:04,posts/2024-11-05_21-04-04_[DB_gtaZTLQM].jpg,,,4,0,,"✨ UMRAH 9 HARI AKHIR TAHUN by Saudia Air ✨ 
🗓 24 Desember 2024 - 1 Januari 2025 
💺 Akomodasi Bintang 3 
🌙 Paket Bronze dengan harga all-in: 
• Quad: Rp 29,5 Juta 
• Triple: Rp 31,5 Juta 
• Double: Rp 33,5 Juta 

**Itinerary Singkat:** 
1. **24 Des**: Keberangkatan dari Jakarta, tiba di Makkah dan langsung umrah. 
2. **25 Des**: City tour Makkah (Arafah, Mina, Jabal Tsur, Jabal Nur, Ji’ronah). 
3. **26 Des**: Ziarah ke Thaif. 
4. **27 Des**: Ibadah di Makkah. 
5. **28 Des**: Berangkat ke Madinah dengan kereta cepat Haramain. 
6. **29 Des**: Ziarah ke Raudhah, Masjid Nabawi. 
7. **30 Des**: City tour Madinah (Jabal Uhud, Masjid Quba, Kebun Kurma). 
8. **31 Des**: Kembali ke Jakarta. 
9. **1 Jan**: Tiba di Jakarta.

💼 Harga sudah termasuk: Tiket pesawat, akomodasi, makan 3x sehari, visa umroh, ziarah lengkap, muthawwif, tour leader, perlengkapan umroh, air zamzam, dan tiket kereta cepat.

💡 Yuk, rayakan akhir tahun dengan perjalanan spiritual yang berkesan! Pesan sekarang dan temukan ketenangan di Tanah Suci bersama AD Wisata. 🌍🙏

#UmrohAkhirTahun #UmrohNyaman #PaketUmroh2024 #UmrohTerbaik #ADWisata",false
post,video,DB_gFPIyhqV,3494652933202123413,2024-11-05 21:01:15,posts/2024-11-05_21-01-15_[DB_gFPIyhqV].mp4,,,8,0,,"Kata siapa pas umroh gak bisa makan makanan Indonesia? Di Makkah dan Madinah banyak lho restoran yang menyajikan cita rasa khas Nusantara! Dari nasi padang, soto, hingga rendang, semua bisa kamu temukan di sini. Jadi, gak perlu khawatir kangen masakan rumah saat menjalani ibadah! Tetap nikmati perjalanan spiritualmu dengan santapan yang familiar di hati dan lidah. 🍛✨

#UmrohBersamaKami #KulinerIndonesiaDiTanahSuci #UmrohMurah #Umroh2024 #UmrohHemat #UmrohBerkualitas #UmrohNyaman #UmrohTerpercaya #ADWisata #Alfatihumroh #alfatih",false
post,video,DB5ct1rSQlo,3492949281315817832,2024-11-03 12:35:48,posts/2024-11-03_12-35-48_[DB5ct1rSQlo].mp4,,,14,2,,#UmrohAlfatih #UmrohBersamaAlfatih #AlfatihUmroh #PerjalananHati #Umroh2025 #UmrohNyaman #UmrohMoslemFriendly #UmrohBerkesan #TemukanRomantismeUmroh #UmrohKeBaitullah #UmrohBersamaKami #UmrohNyamanAman #UmrohImpian #ADWisata #UmrohSpiritualJourney,false
post,photo,DB5ZHa2zGNo,3492933447038296936,2024-11-03 12:02:16,posts/2024-11-03_12-02-16_[DB5ZHa2zGNo].jpg,,,14,1,,Ayam Albaik untuk jamaah umroh kami 😁,false
post,photo,DB4IYynzQUj,3492578399020188963,2024-11-03 00:16:51,posts/2024-11-03_00-16-51_[DB4IYynzQUj].jpg,,,11,0,,"Mengunjungi Masjid Nabawi lebih dari sekadar perjalanan; ini adalah kembali ke akar iman kita. Semoga setiap Muslim diberi kesempatan untuk merasakan ketenangan spiritual ini. 🕋🙏💖

#MasjidNabawi #MasjidNabi #Madinah #WarisanIslam #TempatSuci #PerjalananUmrah #Iman #UmrohAlfatih #UmrohBersamaAlfatih #AlfatihUmroh #PerjalananHati #Umroh2025 #UmrohNyaman #UmrohMoslemFriendly #UmrohBerkesan #TemukanRomantismeUmroh #UmrohKeBaitullah #UmrohBersamaKami #UmrohNyamanAman #UmrohImpian #ADWisata #UmrohSpiritualJourney",false
post,video,DB347vSS87q,3492510431875682026,2024-11-02 22:02:56,posts/2024-11-02_22-02-56_[DB347vSS87q].mp4,,,12,1,,"Abu Hurairah r.a. meriwayatkan bahwa Rasulullah ﷺ bersabda bahwa Allah Yang Maha Tinggi dan Maha Mulia berfirman:

“Aku dekat dengan prasangka hamba-Ku terhadap-Ku, dan Aku bersamanya ketika ia mengingat-Ku. Jika ia mengingat-Ku dalam hatinya, Aku pun mengingatnya dalam hati-Ku, dan jika ia mengingat-Ku di dalam suatu majelis, Aku mengingatnya di dalam majelis yang lebih baik darinya. Jika ia mendekat kepada-Ku sejengkal, Aku mendekat kepadanya sehasta, dan jika ia mendekat kepada-Ku sehasta, Aku mendekat kepadanya sedepa. Jika ia berjalan menuju-Ku, maka Aku berlari menghampirinya.”

[Shahih Muslim 2675a]",false
post,video,DB31lqWygO0,3492495720614331316,2024-11-02 21:33:48,posts/2024-11-02_21-33-48_[DB31lqWygO0].mp4,,,12,0,,Semoga tahun depan bisa pergi umroh bersama orang orang yang kita sayang 🤲,false
post,video,DB3EdaFS8xl,3492279649106119781,2024-11-02 14:30:55,posts/2024-11-02_14-30-55_[DB3EdaFS8xl].mp4,,,11,0,,"MENCIUM HAJAR ASWAD 

Banyak orang yang sudah berkali kali umroh tapi belum pernah kesampaian untuk mencium, atau bahkan sekedar menyentuh nya. Alasan nya beragam, tapi yang paling sering adalah „Saya tidak mau untuk berdesak desakan serta mendorong dorong jamaah lain“, atau muthawwif kami bilang,“Mencium hajar aswad itu sunnah, namun, proses untuk kesana nya pasti menyakiti orang lain, dan menyakiti orang lain itu dosa.“ 

Namun, disebutkan dalam sebuah hadits bahwa Umar ra ketika mengerjakan tawaf dan sampai ke Hajar Aswad, ia menciumnya dan berkata, “Aku tahu kamu adalah sebuah batu, kamu tidak bisa memberikan manfaat dan tidak bisa memberikan madarat. Seandainya aku tidak melihat Rasulullah SAW menciummu, Aku tidak akan pernah menciummu.” (HR Muslim 2228)

Lantas, bagaimana? 
Semoga kelak akan kembali suatu hari nanti dimana diberlakukan sistem antrian untuk jamaah haji dan umroh. Dimana semua orang bisa menunggu giliran dengan tertib. 

Semoga kita bisa mencium hajar aswad tanpa perlu berdesak desakan. 

#UmrohAlfatih #UmrohBersamaAlfatih #AlfatihUmroh #PerjalananHati #Umroh2025 #UmrohNyaman #UmrohMoslemFriendly #UmrohBerkesan #TemukanRomantismeUmroh #UmrohKeBaitullah #UmrohBersamaKami #UmrohNyamanAman #UmrohImpian #ADWisata #UmrohSpiritualJourney",false
carousel,photo,DB23fWNTkTX,3492222607779841239,2024-11-02 12:29:57,posts/2024-11-02_12-29-57_[DB23fWNTkTX]_01.jpg,1,,18,0,,"Alhamdulillah, terima kasih kepada jamaah Purworejo yang telah memilih kami sebagai pendamping perjalanan suci Umroh. 🕋✨

Selama 12 hari yang penuh berkah, dari 09-20 September, kami bersama 56 jamaah dari Purworejo telah menyelesaikan rangkaian ibadah di tanah suci. Mulai dari tawaf di Masjidil Haram hingga ziarah di Madinah, setiap momen dipenuhi rasa syukur dan kekhusyukan. 

Kami merasa terhormat bisa menemani perjalanan ibadah ini dan berusaha memberikan pelayanan terbaik untuk kenyamanan para jamaah. Semoga ibadah yang telah dijalankan diterima oleh Allah SWT dan membawa berkah bagi semua. 🤲❤️

Insya Allah, kami siap untuk selalu melayani dan mendampingi jamaah di perjalanan spiritual lainnya. 

#UmrohAlfatih #UmrohBersamaAlfatih #AlfatihUmroh #PerjalananHati #Umroh2025 #UmrohNyaman #UmrohMoslemFriendly #UmrohBerkesan #TemukanRomantismeUmroh #UmrohKeBaitullah #UmrohBersamaKami #UmrohNyamanAman #UmrohImpian #ADWisata #UmrohSpiritualJourney",false
carousel,photo,DB23fWNTkTX,3492222607779841239,2024-11-02 12:29:57,posts/2024-11-02_12-29-57_[DB23fWNTkTX]_02.jpg,2,,18,0,,"Alhamdulillah, terima kasih kepada jamaah Purworejo yang telah memilih kami sebagai pendamping perjalanan suci Umroh. 🕋✨

Selama 12 hari yang penuh berkah, dari 09-20 September, kami bersama 56 jamaah dari Purworejo telah menyelesaikan rangkaian ibadah di tanah suci. Mulai dari tawaf di Masjidil Haram hingga ziarah di Madinah, setiap momen dipenuhi rasa syukur dan kekhusyukan. 

Kami merasa terhormat bisa menemani perjalanan ibadah ini dan berusaha memberikan pelayanan terbaik untuk kenyamanan para jamaah. Semoga ibadah yang telah dijalankan diterima oleh Allah SWT dan membawa berkah bagi semua. 🤲❤️

Insya Allah, kami siap untuk selalu melayani dan mendampingi jamaah di perjalanan spiritual lainnya. 

#UmrohAlfatih #UmrohBersamaAlfatih #AlfatihUmroh #PerjalananHati #Umroh2025 #UmrohNyaman #UmrohMoslemFriendly #UmrohBerkesan #TemukanRomantismeUmroh #UmrohKeBaitullah #UmrohBersamaKami #UmrohNyamanAman #UmrohImpian #ADWisata #UmrohSpiritualJourney",false
carousel,video,DB23fWNTkTX,3492222607779841239,2024-11-02 12:29:57,posts/2024-11-02_12-29-57_[DB23fWNTkTX]_03.mp4,3,,18,0,,"Alhamdulillah, terima kasih kepada jamaah Purworejo yang telah memilih kami sebagai pendamping perjalanan suci Umroh. 🕋✨

Selama 12 hari yang penuh berkah, dari 09-20 September, kami bersama 56 jamaah dari Purworejo telah menyelesaikan rangkaian ibadah di tanah suci. Mulai dari tawaf di Masjidil Haram hingga ziarah di Madinah, setiap momen dipenuhi rasa syukur dan kekhusyukan. 

Kami merasa terhormat bisa menemani perjalanan ibadah ini dan berusaha memberikan pelayanan terbaik untuk kenyamanan para jamaah. Semoga ibadah yang telah dijalankan diterima oleh Allah SWT dan membawa berkah bagi semua. 🤲❤️

Insya Allah, kami siap untuk selalu melayani dan mendampingi jamaah di perjalanan spiritual lainnya. 

#UmrohAlfatih #UmrohBersamaAlfatih #AlfatihUmroh #PerjalananHati #Umroh2025 #UmrohNyaman #UmrohMoslemFriendly #UmrohBerkesan #TemukanRomantismeUmroh #UmrohKeBaitullah #UmrohBersamaKami #UmrohNyamanAman #UmrohImpian #ADWisata #UmrohSpiritualJourney",false
post,photo,DB22yQLTi2G,3492219508927376774,2024-11-02 12:23:48,posts/2024-11-02_12-23-48_[DB22yQLTi2G].jpg,,,9,0,,"„Allah tidak membebani seseorang, kecuali menurut kesanggupannya. Baginya ada sesuatu (pahala) dari (kebajikan) yang diusahakannya dan terhadapnya ada (pula) sesuatu (siksa) atas (kejahatan) yang diperbuatnya. (Mereka berdoa,) “Wahai Tuhan kami, janganlah Engkau hukum kami jika kami lupa atau kami salah. Wahai Tuhan kami, janganlah Engkau bebani kami dengan beban yang berat sebagaimana Engkau bebankan kepada orang-orang sebelum kami. Wahai Tuhan kami, janganlah Engkau pikulkan kepada kami apa yang tidak sanggup kami memikulnya. Maafkanlah kami, ampunilah kami, dan rahmatilah kami. Engkaulah pelindung kami. Maka, tolonglah kami dalam menghadapi kaum tertutup.” 
-QS Baqarah:286",false
post,video,DB0KRzISlkT,3491460814715115795,2024-11-01 11:20:34,posts/2024-11-01_11-20-34_[DB0KRzISlkT].mp4,,,10,0,,"Adzan

#UmrohAlfatih #UmrohBersamaAlfatih #AlfatihUmroh #PerjalananHati #Umroh2025 #UmrohNyaman #UmrohMoslemFriendly #UmrohBerkesan #TemukanRomantismeUmroh #UmrohKeBaitullah #UmrohBersamaKami #UmrohNyamanAman #UmrohImpian #ADWisata #UmrohSpiritualJourney",false
post,photo,DBz9sVhzOzV,3491405463752076501,2024-11-01 09:26:26,posts/2024-11-01_09-26-26_[DBz9sVhzOzV].jpg,,,8,0,,"186. Dan apabila hamba-hamba-Ku bertanya kepadamu (Muhammad) tentang Aku, maka sesungguhnya Aku dekat. Aku Kabulkan permohonan orang yang berdoa apabila dia berdoa kepada-Ku. Hendaklah mereka itu memenuhi (perintah)-Ku dan beriman kepada-Ku, agar mereka memperoleh kebenaran.

QS 02:186

Semoga Allah SWT mempermudah langkah kita menuju baitullah.",false
carousel,photo,DBvzYLkzYTN,3490234198303540429,2024-10-30 18:39:20,posts/2024-10-30_18-39-20_[DBvzYLkzYTN]_01.jpg,1,,10,0,,"Raudah nan indah, teduh dalam cahaya, 
Di sanalah tersemat makna cinta dan doa, 
Tempat Nabi dan dua sahabat tercinta beristirahat, 
Di bawah kubah hijau, segala rasa terpahat.

Wangi ibadah, riuh zikir membumbung tinggi, 
Setiap langkah terasa dekat, meski jauh di hati, 
Mencari berkah dalam setiap sujud yang tersirat, 
Dalam damai Raudah, doa-doa menggema kuat.

Tempat suci, lembut namun penuh makna, 
Raudah, hamparan surga di tanah fana, 
Yang menghadirkan harap, cinta, dan iman, 
Memeluk setiap hamba dalam rindu yang abadi nan nyaman.

Ya Allah terima lah doa doa kami di Raudah serta izinkanlah kami kembali kesana 🤲🕋",false
carousel,video,DBvzYLkzYTN,3490234198303540429,2024-10-30 18:39:20,posts/2024-10-30_18-39-20_[DBvzYLkzYTN]_02.mp4,2,,10,0,,"Raudah nan indah, teduh dalam cahaya, 
Di sanalah tersemat makna cinta dan doa, 
Tempat Nabi dan dua sahabat tercinta beristirahat, 
Di bawah kubah hijau, segala rasa terpahat.

Wangi ibadah, riuh zikir membumbung tinggi, 
Setiap langkah terasa dekat, meski jauh di hati, 
Mencari berkah dalam setiap sujud yang tersirat, 
Dalam damai Raudah, doa-doa menggema kuat.

Tempat suci, lembut namun penuh makna, 
Raudah, hamparan surga di tanah fana, 
Yang menghadirkan harap, cinta, dan iman, 
Memeluk setiap hamba dalam rindu yang abadi nan nyaman.

Ya Allah terima lah doa doa kami di Raudah serta izinkanlah kami kembali kesana 🤲🕋",false
carousel,video,DBvzYLkzYTN,3490234198303540429,2024-10-30 18:39:20,posts/2024-10-30_18-39-20_[DBvzYLkzYTN]_03.mp4,3,,10,0,,"Raudah nan indah, teduh dalam cahaya, 
Di sanalah tersemat makna cinta dan doa, 
Tempat Nabi dan dua sahabat tercinta beristirahat, 
Di bawah kubah hijau, segala rasa terpahat.

Wangi ibadah, riuh zikir membumbung tinggi, 
Setiap langkah terasa dekat, meski jauh di hati, 
Mencari berkah dalam setiap sujud yang tersirat, 
Dalam damai Raudah, doa-doa menggema kuat.

Tempat suci, lembut namun penuh makna, 
Raudah, hamparan surga di tanah fana, 
Yang menghadirkan harap, cinta, dan iman, 
Memeluk setiap hamba dalam rindu yang abadi nan nyaman.

Ya Allah terima lah doa doa kami di Raudah serta izinkanlah kami kembali kesana 🤲🕋",false
carousel,video,DBvzYLkzYTN,3490234198303540429,2024-10-30 18:39:20,posts/2024-10-30_18-39-20_[DBvzYLkzYTN]_04.mp4,4,,10,0,,"Raudah nan indah, teduh dalam cahaya, 
Di sanalah tersemat makna cinta dan doa, 
Tempat Nabi dan dua sahabat tercinta beristirahat, 
Di bawah kubah hijau, segala rasa terpahat.

Wangi ibadah, riuh zikir membumbung tinggi, 
Setiap langkah terasa dekat, meski jauh di hati, 
Mencari berkah dalam setiap sujud yang tersirat, 
Dalam damai Raudah, doa-doa menggema kuat.

Tempat suci, lembut namun penuh makna, 
Raudah, hamparan surga di tanah fana, 
Yang menghadirkan harap, cinta, dan iman, 
Memeluk setiap hamba dalam rindu yang abadi nan nyaman.

Ya Allah terima lah doa doa kami di Raudah serta izinkanlah kami kembali kesana 🤲🕋",false
carousel,video,DBvzYLkzYTN,3490234198303540429,2024-10-30 18:39:20,posts/2024-10-30_18-39-20_[DBvzYLkzYTN]_05.mp4,5,,10,0,,"Raudah nan indah, teduh dalam cahaya, 
Di sanalah tersemat makna cinta dan doa, 
Tempat Nabi dan dua sahabat tercinta beristirahat, 
Di bawah kubah hijau, segala rasa terpahat.

Wangi ibadah, riuh zikir membumbung tinggi, 
Setiap langkah terasa dekat, meski jauh di hati, 
Mencari berkah dalam setiap sujud yang tersirat, 
Dalam damai Raudah, doa-doa menggema kuat.

Tempat suci, lembut namun penuh makna, 
Raudah, hamparan surga di tanah fana, 
Yang menghadirkan harap, cinta, dan iman, 
Memeluk setiap hamba dalam rindu yang abadi nan nyaman.

Ya Allah terima lah doa doa kami di Raudah serta izinkanlah kami kembali kesana 🤲🕋",false
carousel,video,DBvzYLkzYTN,3490234198303540429,2024-10-30 18:39:20,posts/2024-10-30_18-39-20_[DBvzYLkzYTN]_06.mp4,6,,10,0,,"Raudah nan indah, teduh dalam cahaya, 
Di sanalah tersemat makna cinta dan doa, 
Tempat Nabi dan dua sahabat tercinta beristirahat, 
Di bawah kubah hijau, segala rasa terpahat.

Wangi ibadah, riuh zikir membumbung tinggi, 
Setiap langkah terasa dekat, meski jauh di hati, 
Mencari berkah dalam setiap sujud yang tersirat, 
Dalam damai Raudah, doa-doa menggema kuat.

Tempat suci, lembut namun penuh makna, 
Raudah, hamparan surga di tanah fana, 
Yang menghadirkan harap, cinta, dan iman, 
Memeluk setiap hamba dalam rindu yang abadi nan nyaman.

Ya Allah terima lah doa doa kami di Raudah serta izinkanlah kami kembali kesana 🤲🕋",false
carousel,video,DBvzYLkzYTN,3490234198303540429,2024-10-30 18:39:20,posts/2024-10-30_18-39-20_[DBvzYLkzYTN]_07.mp4,7,,10,0,,"Raudah nan indah, teduh dalam cahaya, 
Di sanalah tersemat makna cinta dan doa, 
Tempat Nabi dan dua sahabat tercinta beristirahat, 
Di bawah kubah hijau, segala rasa terpahat.

Wangi ibadah, riuh zikir membumbung tinggi, 
Setiap langkah terasa dekat, meski jauh di hati, 
Mencari berkah dalam setiap sujud yang tersirat, 
Dalam damai Raudah, doa-doa menggema kuat.

Tempat suci, lembut namun penuh makna, 
Raudah, hamparan surga di tanah fana, 
Yang menghadirkan harap, cinta, dan iman, 
Memeluk setiap hamba dalam rindu yang abadi nan nyaman.

Ya Allah terima lah doa doa kami di Raudah serta izinkanlah kami kembali kesana 🤲🕋",false
post,video,DBnBovvStJw,3487763634506617456,2024-10-27 08:51:50,posts/2024-10-27_08-51-50_[DBnBovvStJw].mp4,,,13,0,,#Umroh2024 #TravelHalal #WisataMuslim #MoslemFriendly #PaketUmroh #UmrohBersama #HalalTour #UmrohTerbaik #PerjalananSpiritual #TravelUmroh #ExploreIslamicHeritage #WisataHalal #MuslimTraveler #MoslemTour #TravelForMuslim #HalalVacation #UmrohMurah #WisataReligi #UmrohFamily #SpiritualJourney,false
post,photo,C9G99_PJOpm,3406682708777429606,2024-07-07 11:57:27,posts/2024-07-07_11-57-27_[C9G99_PJOpm].jpg,,,7,0,,"✨ Selamat Tahun Baru Islam 1 Muharram 1446 H ✨

Semoga tahun baru ini membawa berkah, kedamaian, dan kebahagiaan bagi kita semua. Mari kita jadikan momen ini sebagai waktu untuk refleksi, memperkuat iman, dan memperbaiki diri.

🌙 Dengan semangat hijrah, mari kita menuju kehidupan yang lebih baik, penuh dengan harapan dan doa. 🌟

#TahunBaruIslam #1Muharram #Hijrah #SalamHijrah #1446H #BerkahTahunBaru",false
post,photo,C70lZCQpVah,3383493668196669089,2024-06-05 12:04:58,posts/2024-06-05_12-04-58_[C70lZCQpVah].jpg,,,10,0,,,false
reel,video,DL1KxrayErH,3671888465530211015,2025-07-08 09:53:57,reels/2025-07-08_09-53-57_[DL1KxrayErH].jpg,,,25,4,5105,,
reel,video,DL0wdtkSaUw,3671772744238343472,2025-07-08 06:04:01,reels/2025-07-08_06-04-01_[DL0wdtkSaUw].jpg,,,15,0,270,,
reel,video,DLmUnexSNb7,3667709620568774395,2025-07-02 15:31:19,reels/2025-07-02_15-31-19_[DLmUnexSNb7].jpg,,,3,0,161,,
reel,video,DLY2YDMyOfE,3663917444080658372,2025-06-27 09:56:57,reels/2025-06-27_09-56-57_[DLY2YDMyOfE].jpg,,,1,0,72,,
reel,video,DLWMwDOSDWO,3663171425466332558,2025-06-26 09:14:44,reels/2025-06-26_09-14-44_[DLWMwDOSDWO].jpg,,,3,0,57,,
reel,video,DLU3lxASKeh,3662796884755916705,2025-06-25 20:50:36,reels/2025-06-25_20-50-36_[DLU3lxASKeh].jpg,,,1,0,62,,
reel,video,DLPCjEySooE,3661156228488923652,2025-06-23 14:30:54,reels/2025-06-23_14-30-54_[DLPCjEySooE].jpg,,,3,0,166,,
reel,video,DLGsBU-SoCp,3658805352570978473,2025-06-20 08:40:08,reels/2025-06-20_08-40-08_[DLGsBU-SoCp].jpg,,,0,0,58,,
reel,video,DLEPbitSWLS,3658116660722229970,2025-06-19 09:51:49,reels/2025-06-19_09-51-49_[DLEPbitSWLS].jpg,,,2,0,83,,
reel,video,DK-snTEyqqa,3656556162058988186,2025-06-17 06:11:24,reels/2025-06-17_06-11-24_[DK-snTEyqqa].jpg,,,1,0,219,,
reel,video,DK8kKv2Sq3J,3655956065763896777,2025-06-16 10:19:06,reels/2025-06-16_10-19-06_[DK8kKv2Sq3J].jpg,,,6,0,413,,